Country	SpeakerID	Name	Sex
LT	AbišalaAleksandrasAlgirdas	Abišala, Aleksandras Algirdas	M
LT	AbraitisV	Abraitis, V.	M
LT	AbramavičiusA	Abramavičius, A.	M
LT	AbromavičiusA	Abromavičius, A.	M
LT	AdakauskienėA	Adakauskienė, A.	F
LT	AdakauskienėL	Adakauskienė, L.	F
LT	AdamasG	Adamas, G.	M
LT	AdamkusV	Adamkus, V.	M
LT	AdlysP	Adlys, P.	F
LT	AdomaitisA	Adomaitis, A.	M
LT	AdomaitisD	Adomaitis, D.	M
LT	AdomaitisJ	Adomaitis, J.	M
LT	AdomaitisKasparas	Adomaitis, Kasparas	M
LT	AdomaitisR	Adomaitis, R.	M
LT	AdomaitisZ	Adomaitis, Z.	M
LT	AdomaitisZenonasPetras	Adomaitis, Zenonas Petras	M
LT	AdomavičienėA	Adomavičienė, A.	F
LT	AdomavičiusŠ	Adomavičius, Š.	M
LT	AdomonisV	Adomonis, V.	M
LT	AdomėnasMantas	Adomėnas, Mantas	M
LT	AfanasjevJ	Afanasjev, J.	M
LT	AhtisaarisM	Ahtisaaris, M.	M
LT	AidukasV	Aidukas, V.	M
LT	AkanovičStanislav	Akanovič, Stanislav	M
LT	AksomaitisPovilas	Aksomaitis, Povilas	M
LT	AkstinavičiusArvydas	Akstinavičius, Arvydas	M
LT	AlbaitytėG	Albaitytė, G.	F
LT	AlbertynasAlbinas	Albertynas, Albinas	M
LT	AldysP	Aldys, P.	F
LT	AleknaRaimundas	Alekna, Raimundas	M
LT	AleknaVirgilijus	Alekna, Virgilijus	M
LT	Aleknaitė-abramiekienėV	Aleknaitė-Abramiekienė, V.	F
LT	AleknaitėAbramikienėVilija	Aleknaitė Abramikienė, Vilija	F
LT	AleknaitėE	Aleknaitė, E.	F
LT	AleknaitėV	Aleknaitė, V.	F
LT	AleknavičiusP	Aleknavičius, P.	M
LT	AleksaitėJ	Aleksaitė, J.	F
LT	AleksandravičiusE	Aleksandravičius, E.	M
LT	AleksandravičiusZ	Aleksandravičius, Z.	M
LT	AleksejūnėV	Aleksejūnė, V.	M
LT	AleksiūnasV	Aleksiūnas, V.	M
LT	AleksiūnienėDanutė	Aleksiūnienė, Danutė	F
LT	AlesionkaLeonas	Alesionka, Leonas	M
LT	AleškevičiusIgnas	Aleškevičius, Ignas	M
LT	AliukonisJ	Aliukonis, J.	M
LT	AlperavičiusS	Alperavičius, S.	M
LT	Ambrasaitė-balynienėG	Ambrasaitė-Balynienė, G.	F
LT	AmbrasienėD	Ambrasienė, D.	F
LT	AmbrazaitytėNijolė	Ambrazaitytė, Nijolė	F
LT	AmbrazevičiusAleksandras	Ambrazevičius, Aleksandras	M
LT	AndiukaitisV	Andiukaitis, V.	F
LT	AndnrijauskasK	Andnrijauskas, K.	M
LT	AndrašiūnasJ	Andrašiūnas, J.	M
LT	AndriejauskasV	Andriejauskas, V.	M
LT	AndrijauskasK	Andrijauskas, K.	M
LT	AndrikienėLaimaLiucija	Andrikienė, Laima Liucija	F
LT	AndrikisRimas	Andrikis, Rimas	M
LT	AndriukaitisVytenisPovilas	Andriukaitis, Vytenis Povilas	M
LT	AndriulisV	Andriulis, V.	M
LT	AndriuškevičiusAlfonsas	Andriuškevičius, Alfonsas	M
LT	AndriškevičiusJ	Andriškevičius, J.	M
LT	AndrukaitienėIrena	Andrukaitienė, Irena	F
LT	AndrulionisG	Andrulionis, G.	M
LT	AndziulevičiusH	Andziulevičius, H.	M
LT	AndziulisV	Andziulis, V.	M
LT	AnelauskasJ	Anelauskas, J.	M
LT	AnriukaitisV	Anriukaitis, V.	F
LT	AntanaitisA	Antanaitis, A.	M
LT	AntanaitisJ	Antanaitis, J.	M
LT	AntanaitisJonasAlgirdas	Antanaitis, Jonas Algirdas	M
LT	AntanavičienėL	Antanavičienė, L.	F
LT	AntanavičiusJ	Antanavičius, J.	M
LT	AntanavičiusKazimieras	Antanavičius, Kazimieras	M
LT	AntonovičM	Antonovič, M.	F
LT	AnušauskasArvydas	Anušauskas, Arvydas	M
LT	AnužisV	Anužis, V.	M
LT	ApšegaLeonas	Apšega, Leonas	M
LT	AraminaitėV	Araminaitė, V.	F
LT	ArbačiauskasG	Arbačiauskas, G.	M
LT	ArbačiauskasVytautas	Arbačiauskas, Vytautas	M
LT	ArinB	Arin, B.	M
LT	ArlauskasMykolas	Arlauskas, Mykolas	M
LT	ArmalisU	Armalis, U.	M
LT	ArmonaitėAušrinė	Armonaitė, Aušrinė	F
LT	ArutiunianasR	Arutiunianas, R.	M
LT	AsanavičiūtėDalia	Asanavičiūtė, Dalia	F
LT	AsatR	Asat, R.	F
LT	AstrauskasA	Astrauskas, A.	M
LT	AstrauskasRimantas	Astrauskas, Rimantas	M
LT	AstrauskasVytautas	Astrauskas, Vytautas	M
LT	AsvalasD	Asvalas, D.	M
LT	AtkočaitisČ	Atkočaitis, Č.	M
LT	AtkočiūnasV	Atkočiūnas, V.	M
LT	AudickasA	Audickas, A.	M
LT	AugienėV	Augienė, V.	F
LT	AugustaitisA	Augustaitis, A.	M
LT	AugustinavičienėM	Augustinavičienė, M.	F
LT	AugustinavičiusV	Augustinavičius, V.	M
LT	AugustinienėV	Augustinienė, V.	F
LT	AugutisD	Augutis, D.	M
LT	AugutisJ	Augutis, J.	M
LT	AušrotasR	Aušrotas, R.	M
LT	AuštrevičiusPetras	Auštrevičius, Petras	M
LT	AvižienisŠ	Avižienis, Š.	M
LT	AvyžiusJonas	Avyžius, Jonas	M
LT	AzevičiusT	Azevičius, T.	M
LT	AčasRemigijus	Ačas, Remigijus	M
LT	AčienėVida	Ačienė, Vida	F
LT	AšmantasL	Ašmantas, L.	M
LT	AšmantasS	Ašmantas, S.	M
LT	AšmysG	Ašmys, G.	M
LT	AžubalisAudronius	Ažubalis, Audronius	M
LT	AžubalytėR	Ažubalytė, R.	F
LT	BabachinaitėG	Babachinaitė, G.	F
LT	BabenskasE	Babenskas, E.	M
LT	BabilaL	Babila, L.	M
LT	BabiliusVincas	Babilius, Vincas	M
LT	BabkauskaitėR	Babkauskaitė, R.	F
LT	BabobienėO	Babobienė, O.	F
LT	BabonienėOna	Babonienė, Ona	F
LT	BabravičiusGintautas	Babravičius, Gintautas	M
LT	BacevičiusS	Bacevičius, S.	M
LT	BacevičiusVaidotas	Bacevičius, Vaidotas	F
LT	BacvinkaKęstutis	Bacvinka, Kęstutis	M
LT	BacysV	Bacys, V.	M
LT	BadarasR	Badaras, R.	M
LT	BagdonasAndrius	Bagdonas, Andrius	M
LT	BagdonasG	Bagdonas, G.	M
LT	BagdonasJ	Bagdonas, J.	M
LT	BagdonasR	Bagdonas, R.	M
LT	BagdonienėE	Bagdonienė, E.	F
LT	BagdzevičiusR	Bagdzevičius, R.	M
LT	BagočiutėA	Bagočiutė, A.	F
LT	BaguškaPetras	Baguška, Petras	M
LT	BajerčiūtėD	Bajerčiūtė, D.	F
LT	BajorasArvydas	Bajoras, Arvydas	M
LT	BajorasM	Bajoras, M.	M
LT	BajorienėA	Bajorienė, A.	F
LT	BakasVytautas	Bakas, Vytautas	M
LT	BakienėL	Bakienė, L.	F
LT	BakutienėD	Bakutienė, D.	F
LT	BakšinskasA	Bakšinskas, A.	M
LT	BakšysR	Bakšys, R.	M
LT	BalaišisT	Balaišis, T.	M
LT	BalakauskasO	Balakauskas, O.	M
LT	BalcevičZbignev	Balcevič, Zbignev	M
LT	BalcevičiusZ	Balcevičius, Z.	M
LT	BaldišisVilius	Baldišis, Vilius	M
LT	BalevičienėJ	Balevičienė, J.	F
LT	BaležentisAlvydas	Baležentis, Alvydas	M
LT	BaliukovasR	Baliukovas, R.	F
LT	BaliulJ	Baliul, J.	M
LT	BalsienėAldona	Balsienė, Aldona	F
LT	BalsysLinas	Balsys, Linas	M
LT	BalsysČ	Balsys, Č.	M
LT	BaltakisX	Baltakis, X.	M
LT	BaltokasP	Baltokas, P.	M
LT	BaltraitienėVirginija	Baltraitienė, Virginija	F
LT	BaltrūnaitėL	Baltrūnaitė, L.	F
LT	BaltutytėE	Baltutytė, E.	F
LT	BalutisA	Balutis, A.	M
LT	BalzarisA	Balzaris, A.	M
LT	BalčiūnasA	Balčiūnas, A.	M
LT	BalčiūnasG	Balčiūnas, G.	M
LT	BalčiūnasV	Balčiūnas, V.	M
LT	BalčytisZigmantas	Balčytis, Zigmantas	M
LT	BanelV	Banel, V.	M
LT	BarakauskasD	Barakauskas, D.	M
LT	BarakauskasDailisAlfonsas	Barakauskas, Dailis Alfonsas	M
LT	BarakauskasT	Barakauskas, T.	M
LT	BaranauskasAndrius	Baranauskas, Andrius	M
LT	BaranauskasE	Baranauskas, E.	M
LT	BaranauskasJuozasGediminas	Baranauskas, Juozas Gediminas	M
LT	BaranauskasK	Baranauskas, K.	M
LT	BaranauskienėA	Baranauskienė, A.	F
LT	BaranovasA	Baranovas, A.	M
LT	BarauskaitėB	Barauskaitė, B.	F
LT	BarauskienėV	Barauskienė, V.	F
LT	BaravykasVydas	Baravykas, Vydas	M
LT	BardzilauskasV	Bardzilauskas, V.	M
LT	BarkauskasD	Barkauskas, D.	M
LT	BarkauskasV	Barkauskas, V.	M
LT	BaronasR	Baronas, R.	M
LT	BarrettS	Barrett, S.	F
LT	BarrosoJ	Barroso, J.	F
LT	BarsonyA	Barsony, A.	M
LT	BartašiūnasX	Bartašiūnas, X.	M
LT	BartkevičiusE	Bartkevičius, E.	M
LT	BartkevičiusKęstutis	Bartkevičius, Kęstutis	M
LT	BartkevičiusL	Bartkevičius, L.	M
LT	BartkusAlfonsas	Bartkus, Alfonsas	M
LT	BartkusG	Bartkus, G.	M
LT	BartkusŽ	Bartkus, Ž.	M
LT	BartoševičiusKristijonas	Bartoševičius, Kristijonas	M
LT	BartulisA	Bartulis, A.	M
LT	BartulisE	Bartulis, E.	M
LT	BarysasA	Barysas, A.	M
LT	BarzdaR	Barzda, R.	F
LT	BasevičiusA	Basevičius, A.	M
LT	BaskasAntanas	Baskas, Antanas	M
LT	BastysJuozas	Bastys, Juozas	M
LT	BastysMindaugas	Bastys, Mindaugas	M
LT	BasysV	Basys, V.	M
LT	BatūraA	Batūra, A.	F
LT	BatūraR	Batūra, R.	F
LT	BaubinasR	Baubinas, R.	M
LT	BaublysA	Baublys, A.	M
LT	BaublysG	Baublys, G.	M
LT	BaublysJuozas	Baublys, Juozas	M
LT	BaukutėAsta	Baukutė, Asta	F
LT	BaumilasR	Baumilas, R.	M
LT	BauraAntanas	Baura, Antanas	M
LT	BaušytėJ	Baušytė, J.	F
LT	BavėjanasV	Bavėjanas, V.	M
LT	BazylevasI	Bazylevas, I.	F
LT	BačkisA	Bačkis, A.	M
LT	BaškienėRima	Baškienė, Rima	F
LT	BaškienėlvžsfR	Baškienėlvžsf, R.	M
LT	BaškisJ	Baškis, J.	F
LT	BašysRimantas	Bašys, Rimantas	M
LT	BeinoravičiusA	Beinoravičius, A.	M
LT	BeinoravičiusD	Beinoravičius, D.	M
LT	BeinortasJulius	Beinortas, Julius	M
LT	BeišysA	Beišys, A.	M
LT	BekešiusM	Bekešius, M.	M
LT	BekintienėDanutė	Bekintienė, Danutė	F
LT	BelianG	Belian, G.	M
LT	BenO	Ben, O.	M
LT	BendinskasAleksandras	Bendinskas, Aleksandras	M
LT	BenjaminA	Benjamin, A.	F
LT	BenkunskasV	Benkunskas, V.	M
LT	BerenterisD	Berenteris, D.	M
LT	BergemannG	Bergemann, G.	M
LT	BeriozovasVladimiras	Beriozovas, Vladimiras	M
LT	BernatavičiusH	Bernatavičius, H.	M
LT	BernatonisJuozas	Bernatonis, Juozas	M
LT	BernotasR	Bernotas, R.	M
LT	BertieA	Bertie, A.	F
LT	BerŠ	Ber, Š.	F
LT	BetingisK	Betingis, K.	M
LT	BiekšaD	Biekša, D.	M
LT	BieliauskienėS	Bieliauskienė, S.	F
LT	BielinisL	Bielinis, L.	M
LT	BieliūnasE	Bieliūnas, E.	M
LT	BieliūnėS	Bieliūnė, S.	M
LT	BielskisA	Bielskis, A.	M
LT	BielskėA	Bielskė, A.	F
LT	BifenasV	Bifenas, V.	M
LT	BilkštytėR	Bilkštytė, R.	F
LT	BilotaitėAgnė	Bilotaitė, Agnė	F
LT	Bilotienė-motiejūnienėA	Bilotienė-Motiejūnienė, A.	F
LT	BiltasK	Biltas, K.	M
LT	BingelisE	Bingelis, E.	M
LT	BinkauskasG	Binkauskas, G.	M
LT	BirmontienėT	Birmontienė, T.	F
LT	BirulisK	Birulis, K.	M
LT	BirutisŠarūnas	Birutis, Šarūnas	M
LT	BiržiškisJ	Biržiškis, J.	M
LT	BitinasA	Bitinas, A.	M
LT	BiutikoferisR	Biutikoferis, R.	M
LT	BivainisJ	Bivainis, J.	M
LT	BičiūnasTomas	Bičiūnas, Tomas	M
LT	BičkauskasEgidijus	Bičkauskas, Egidijus	M
LT	BlaževičiusJ	Blaževičius, J.	M
LT	BlažysA	Blažys, A.	M
LT	BlažysČ	Blažys, Č.	M
LT	BlinkevičiūtėVilija	Blinkevičiūtė, Vilija	F
LT	BlinkevičūtėV	Blinkevičūtė, V.	F
LT	BlinstrubisT	Blinstrubis, T.	F
LT	BlondalasH	Blondalas, H.	M
LT	BloškysI	Bloškys, I.	M
LT	BloškysRomualdasIgnas	Bloškys, Romualdas Ignas	M
LT	BobelisKazys	Bobelis, Kazys	M
LT	BogatyriovaitėV	Bogatyriovaitė, V.	F
LT	BogdanovasA	Bogdanovas, A.	M
LT	BogušisVytautas	Bogušis, Vytautas	M
LT	BolkesteinF	Bolkestein, F.	M
LT	BonazziL	Bonazzi, L.	F
LT	BoreikienėVioleta	Boreikienė, Violeta	F
LT	BoriakT	Boriak, T.	F
LT	BorowskisM	Borowskis, M.	M
LT	BorusevičiusB	Borusevičius, B.	M
LT	BorusewiczB	Borusewicz, B.	F
LT	BorutaJ	Boruta, J.	M
LT	BosasAntanas	Bosas, Antanas	M
LT	BowieE	Bowie, E.	M
LT	BradauskasBronius	Bradauskas, Bronius	M
LT	BrandišauskienėR	Brandišauskienė, R.	F
LT	BrasiūnaitėD	Brasiūnaitė, D.	F
LT	BrazaitisG	Brazaitis, G.	M
LT	BrazauskasA	Brazauskas, A.	M
LT	BrazauskasAlgirdasMykolas	Brazauskas, Algirdas Mykolas	M
LT	BraziulisR	Braziulis, R.	M
LT	BraškysH	Braškys, H.	M
LT	Bražėnaitė-lukšienė-paronetoN	Bražėnaitė-Lukšienė-Paroneto, N.	F
LT	Bražėnaitė-lukšienė-paronettoN	Bražėnaitė-Lukšienė-Paronetto, N.	F
LT	BredelisK	Bredelis, K.	M
LT	BrenciusS	Brencius, S.	M
LT	BriedienėVanda	Briedienė, Vanda	F
LT	BriedisMindaugas	Briedis, Mindaugas	M
LT	BrukasA	Brukas, A.	M
LT	BrundzaStasys	Brundza, Stasys	M
LT	BružikasK	Bružikas, K.	M
LT	BrėdikisJ	Brėdikis, J.	M
LT	BublaitisA	Bublaitis, A.	F
LT	BublienėD	Bublienė, D.	F
LT	BublysK	Bublys, K.	M
LT	BublysV	Bublys, V.	M
LT	BubnysA	Bubnys, A.	M
LT	BubnysJ	Bubnys, J.	M
LT	BubnysV	Bubnys, V.	M
LT	BubnysVytautasJurgis	Bubnys, Vytautas Jurgis	M
LT	Bubnytė-širmenėK	Bubnytė-Širmenė, K.	F
LT	BubokaitėG	Bubokaitė, G.	F
LT	BucevičiusSaulius	Bucevičius, Saulius	M
LT	BucininkasE	Bucininkas, E.	M
LT	BudbergytėRasa	Budbergytė, Rasa	F
LT	BudienėA	Budienė, A.	F
LT	BudienėO	Budienė, O.	F
LT	BudnikasV	Budnikas, V.	M
LT	BudraM	Budra, M.	M
LT	BudrevičiusJonas	Budrevičius, Jonas	M
LT	BudrysA	Budrys, A.	M
LT	BudrysDainius	Budrys, Dainius	M
LT	BudrysK	Budrys, K.	M
LT	BudrysR	Budrys, R.	M
LT	BudrytėA	Budrytė, A.	F
LT	BugelevičienėA	Bugelevičienė, A.	F
LT	BuinevičiusV	Buinevičius, V.	M
LT	BuinevičiusVytautasAlgimantas	Buinevičius, Vytautas Algimantas	M
LT	BuišienėO	Buišienė, O.	F
LT	BukauskasA	Bukauskas, A.	M
LT	BukauskasValentinas	Bukauskas, Valentinas	M
LT	BukavinienėA	Bukavinienė, A.	F
LT	BulavasJuozas	Bulavas, Juozas	M
LT	BulovasV	Bulovas, V.	M
LT	BulovasVirgilijusVladislovas	Bulovas, Virgilijus Vladislovas	M
LT	BumblauskasA	Bumblauskas, A.	M
LT	BumblauskienėA	Bumblauskienė, A.	F
LT	BurauskaitėT	Burauskaitė, T.	F
LT	BurbaAndrius	Burba, Andrius	M
LT	BurbienėSigita	Burbienė, Sigita	F
LT	BurbulisG	Burbulis, G.	M
LT	BurdaR	Burda, R.	M
LT	BurdžanadzėN	Burdžanadzė, N.	M
LT	BurkovskisA	Burkovskis, A.	M
LT	BurneikienėA	Burneikienė, A.	F
LT	BurokasR	Burokas, R.	M
LT	BurokienėGuoda	Burokienė, Guoda	F
LT	ButkevičiusAlgirdas	Butkevičius, Algirdas	M
LT	ButkusE	Butkus, E.	M
LT	ButkusV	Butkus, V.	M
LT	ButkusZ	Butkus, Z.	M
LT	ButrimasV	Butrimas, V.	M
LT	ButėnasVladas	Butėnas, Vladas	M
LT	BučinskasK	Bučinskas, K.	M
LT	BučinskienėI	Bučinskienė, I.	F
LT	BučiusA	Bučius, A.	M
LT	BuškevičiusStanislovas	Buškevičius, Stanislovas	M
LT	BužauskasS	Bužauskas, S.	M
LT	BužinskasGintautas	Bužinskas, Gintautas	M
LT	BėkšaA	Bėkša, A.	F
LT	BėkštaA	Bėkšta, A.	F
LT	BūdienėV	Būdienė, V.	F
LT	BūdvytisAntanas	Būdvytis, Antanas	M
LT	BūtėnasV	Būtėnas, V.	M
LT	CalitisI	Calitis, I.	M
LT	CegelisA	Cegelis, A.	M
LT	ChlivickasE	Chlivickas, E.	M
LT	ChowdhuryS	Chowdhury, S.	F
LT	ChristenY	Christen, Y.	F
LT	CibasV	Cibas, V.	M
LT	CichanouskajaS	Cichanouskaja, S.	M
LT	CichonisZ	Cichonis, Z.	M
LT	CidzikasP	Cidzikas, P.	M
LT	CimoševičiusV	Cimoševičius, V.	M
LT	CinauskasV	Cinauskas, V.	M
LT	CinauskasVytautasAleksandras	Cinauskas, Vytautas Aleksandras	M
LT	CironkaG	Cironka, G.	M
LT	CirtautienėS	Cirtautienė, S.	F
LT	CivinskaitėS	Civinskaitė, S.	F
LT	CohenasS	Cohenas, S.	M
LT	CostaJ	Costa, J.	M
LT	CoxP	Cox, P.	F
LT	CoxasP	Coxas, P.	M
LT	CrespotoralH	Crespotoral, H.	F
LT	CurbrigenP	Curbrigen, P.	M
LT	CytackaR	Cytacka, R.	F
LT	DagysR	Dagys, R.	M
LT	DagysRimantasJonas	Dagys, Rimantas Jonas	M
LT	DahlB	Dahl, B.	F
LT	DainiusA	Dainius, A.	M
LT	DainysB	Dainys, B.	M
LT	DalinkevičiusGediminas	Dalinkevičius, Gediminas	M
LT	DamalakasR	Damalakas, R.	M
LT	DamanskienėJ	Damanskienė, J.	F
LT	DambrauskaitėA	Dambrauskaitė, A.	F
LT	DambrauskasA	Dambrauskas, A.	M
LT	DambrauskienėE	Dambrauskienė, E.	F
LT	DanielėMorgana	Danielė, Morgana	F
LT	DaniškevičiūtėR	Daniškevičiūtė, R.	F
LT	DanėlienėI	Danėlienė, I.	F
LT	DapšysA	Dapšys, A.	M
LT	DaratzikiM	Daratziki, M.	F
LT	DargisR	Dargis, R.	M
LT	DarulisA	Darulis, A.	M
LT	DarulisJ	Darulis, J.	M
LT	DaubaraitėSofija	Daubaraitė, Sofija	F
LT	DaubarasA	Daubaras, A.	M
LT	DaudzeG	Daudze, G.	M
LT	DaugintytėZ	Daugintytė, Z.	F
LT	DaugėlaA	Daugėla, A.	M
LT	DaujotisV	Daujotis, V.	M
LT	Daujotytė-pakerienėV	Daujotytė-Pakerienė, V.	F
LT	DaukšysKęstutis	Daukšys, Kęstutis	M
LT	DautartasJulius	Dautartas, Julius	M
LT	DavidonienėG	Davidonienė, G.	F
LT	DavulisT	Davulis, T.	M
LT	DeMG	De M, G.	F
LT	DePL	De P, L.	F
LT	DegutienI	Degutien, I.	F
LT	DegutienėIrena	Degutienė, Irena	F
LT	DegutienėJ	Degutienė, J.	F
LT	DegutisArūnas	Degutis, Arūnas	M
LT	DegutisR	Degutis, R.	M
LT	DementavičiusJ	Dementavičius, J.	M
LT	DemirelisS	Demirelis, S.	M
LT	DeveikisA	Deveikis, A.	M
LT	DeveikisE	Deveikis, E.	M
LT	DidžiokasGintaras	Didžiokas, Gintaras	M
LT	DidžiokasRimantas	Didžiokas, Rimantas	M
LT	DilienėJ	Dilienė, J.	F
LT	DiniusLaimontas	Dinius, Laimontas	M
LT	DirgėlaKęstutis	Dirgėla, Kęstutis	M
LT	DmitrijevSergej	Dmitrijev, Sergej	M
LT	DmitrijevV	Dmitrijev, V.	M
LT	DmitrijevaLarisa	Dmitrijeva, Larisa	F
LT	DmitrijevasS	Dmitrijevas, S.	M
LT	DobravolskisK	Dobravolskis, K.	F
LT	DobrovolskaE	Dobrovolska, E.	F
LT	DobrovolskisK	Dobrovolskis, K.	M
LT	DobrovolskisR	Dobrovolskis, R.	M
LT	DobrowolskaEwelina	Dobrowolska, Ewelina	F
LT	DobryninasA	Dobryninas, A.	M
LT	DomarkasVirginijus	Domarkas, Virginijus	M
LT	DominaitisG	Dominaitis, G.	M
LT	DomonisV	Domonis, V.	M
LT	DovydėnienėR	Dovydėnienė, R.	F
LT	DraugelisVytautasSigitas	Draugelis, Vytautas Sigitas	M
LT	DriaučiūnaitėR	Driaučiūnaitė, R.	F
LT	DringelisJuozas	Dringelis, Juozas	M
LT	DriukasA	Driukas, A.	M
LT	DrungilaitėJ	Drungilaitė, J.	F
LT	DrėmaitėG	Drėmaitė, G.	F
LT	DudaA	Duda, A.	M
LT	DudutisD	Dudutis, D.	M
LT	DudėnasArūnas	Dudėnas, Arūnas	M
LT	DudėnasVytautas	Dudėnas, Vytautas	M
LT	DulienėA	Dulienė, A.	F
LT	DulkysA	Dulkys, A.	M
LT	DumbravaAlgimantas	Dumbrava, Algimantas	M
LT	DumčiusArimantas	Dumčius, Arimantas	M
LT	DumšaitisJ	Dumšaitis, J.	M
LT	DumšaitisV	Dumšaitis, V.	M
LT	DunauskaitėJadvyga	Dunauskaitė, Jadvyga	F
LT	DungveckisV	Dungveckis, V.	M
LT	DurbinR	Durbin, R.	F
LT	DurbinasR	Durbinas, R.	M
LT	DužinskasR	Dužinskas, R.	M
LT	DzedulionienėO	Dzedulionienė, O.	F
LT	DziegoraitisA	Dziegoraitis, A.	M
LT	DūdaM	Dūda, M.	M
LT	DžaferisT	Džaferis, T.	M
LT	DžiautasS	Džiautas, S.	M
LT	DžiugelisJustas	Džiugelis, Justas	M
LT	EdneyT	Edney, T.	M
LT	EfthymiouP	Efthymiou, P.	M
LT	EidintasA	Eidintas, A.	M
LT	EidukaitytėA	Eidukaitytė, A.	F
LT	EidukevičiusN	Eidukevičius, N.	M
LT	EidukevičiusV	Eidukevičius, V.	M
LT	EidukevčiusN	Eidukevčius, N.	M
LT	EigirdasArūnas	Eigirdas, Arūnas	M
LT	EigėlisV	Eigėlis, V.	M
LT	EinarssonasO	Einarssonas, O.	M
LT	EinorisVytautas	Einoris, Vytautas	M
LT	EnderisE	Enderis, E.	M
LT	EndriukaitisAlgirdas	Endriukaitis, Algirdas	M
LT	EndriuškaA	Endriuška, A.	M
LT	EndriuškaS	Endriuška, S.	M
LT	EndzinasAudrius	Endzinas, Audrius	M
LT	ErgmaE	Ergma, E.	F
LT	EžerskisA	Ežerskis, A.	M
LT	FedosiukasO	Fedosiukas, O.	M
LT	FidorovV	Fidorov, V.	F
LT	FilipovičienėVilija	Filipovičienė, Vilija	F
LT	FiodorovVasilij	Fiodorov, Vasilij	M
LT	FiodorovasViktoras	Fiodorovas, Viktoras	M
LT	FischerL	Fischer, L.	F
LT	FontellesJ	Fontelles, J.	F
LT	FurmanavičiusG	Furmanavičius, G.	M
LT	FurmanavičusG	Furmanavičus, G.	F
LT	GagasS	Gagas, S.	M
LT	GaidžiūnasAurimas	Gaidžiūnas, Aurimas	M
LT	GailiusA	Gailius, A.	M
LT	GailiusVitalijus	Gailius, Vitalijus	M
LT	GailiušaitėJ	Gailiušaitė, J.	M
LT	GailiūnasA	Gailiūnas, A.	M
LT	GaižauskasDainius	Gaižauskas, Dainius	M
LT	GaižutisAlgirdas	Gaižutis, Algirdas	M
LT	GajauskaitėRūta	Gajauskaitė, Rūta	F
LT	GajauskasBalys	Gajauskas, Balys	M
LT	GalagerisP	Galageris, P.	M
LT	GaldikasJuozas	Galdikas, Juozas	M
LT	GalginaitisJ	Galginaitis, J.	M
LT	GalinisA	Galinis, A.	M
LT	GalvonasVytautas	Galvonas, Vytautas	M
LT	GamzajevM	Gamzajev, M.	M
LT	GapšysVytautas	Gapšys, Vytautas	M
LT	GarastasV	Garastas, V.	M
LT	GarbaravičiusRamūnas	Garbaravičius, Ramūnas	M
LT	GarnelienėL	Garnelienė, L.	F
LT	GarsijaC	Garsija, C.	F
LT	GaruolienėK	Garuolienė, K.	F
LT	GasevičiūtėR	Gasevičiūtė, R.	F
LT	GasiūnasP	Gasiūnas, P.	M
LT	GasiūnienėD	Gasiūnienė, D.	F
LT	GaudutienėR	Gaudutienė, R.	F
LT	GaudutisJ	Gaudutis, J.	M
LT	GaučasP	Gaučas, P.	M
LT	GavrilovV	Gavrilov, V.	M
LT	GaškaKęstutis	Gaška, Kęstutis	M
LT	GedgaudasA	Gedgaudas, A.	M
LT	GedvilasAidas	Gedvilas, Aidas	M
LT	GedvilasD	Gedvilas, D.	M
LT	GedvilasE	Gedvilas, E.	M
LT	GedvilasVydas	Gedvilas, Vydas	M
LT	GedvilasdpfV	Gedvilasdpf, V.	F
LT	GedvilienėAistė	Gedvilienė, Aistė	F
LT	GefenasE	Gefenas, E.	M
LT	GelbūdaM	Gelbūda, M.	M
LT	GelūnasArūnas	Gelūnas, Arūnas	M
LT	GenevičiusA	Genevičius, A.	M
LT	GentvilasEugenijus	Gentvilas, Eugenijus	M
LT	GentvilasSimonas	Gentvilas, Simonas	M
LT	GenzelisBronislavas	Genzelis, Bronislavas	M
LT	GerdaitytėMiglutė	Gerdaitytė, Miglutė	F
LT	GermanasNeris	Germanas, Neris	M
LT	GermanasO	Germanas, O.	M
LT	GeršmanasK	Geršmanas, K.	M
LT	GeržonasA	Geržonas, A.	M
LT	GeržonasV	Geržonas, V.	M
LT	GečasJ	Gečas, J.	M
LT	GiedraitisAlfonsas	Giedraitis, Alfonsas	M
LT	GiedraitisE	Giedraitis, E.	M
LT	GiedraitisStanislovas	Giedraitis, Stanislovas	M
LT	GimbutasA	Gimbutas, A.	M
LT	GiniotasPetras	Giniotas, Petras	M
LT	Giraitytė-juškevičienėVaida	Giraitytė-Juškevičienė, Vaida	F
LT	GiraitytėV	Giraitytė, V.	F
LT	GirdauskasSaulius	Girdauskas, Saulius	M
LT	GirijotienėS	Girijotienė, S.	F
LT	GirniusVincas	Girnius, Vincas	M
LT	GirskienėLigita	Girskienė, Ligita	F
LT	GladutisE	Gladutis, E.	F
LT	GlaveckasKęstutis	Glaveckas, Kęstutis	M
LT	GlemžaJ	Glemža, J.	M
LT	GlodasM	Glodas, M.	M
LT	GodaG	Goda, G.	M
LT	GognerF	Gogner, F.	M
LT	GorbunovasA	Gorbunovas, A.	M
LT	GosievskaM	Gosievska, M.	M
LT	GraP	Gra, P.	F
LT	GrabauskasV	Grabauskas, V.	M
LT	GrabinskasR	Grabinskas, R.	M
LT	GrabinskasV	Grabinskas, V.	M
LT	GradauskasA	Gradauskas, A.	M
LT	GradauskasR	Gradauskas, R.	M
LT	GrakauskasEimantas	Grakauskas, Eimantas	M
LT	GraužinienėLoreta	Graužinienė, Loreta	F
LT	GražulisPetras	Gražulis, Petras	M
LT	GražulisV	Gražulis, V.	M
LT	GražysE	Gražys, E.	M
LT	GrebliauskasA	Grebliauskas, A.	M
LT	GreenwaldasR	Greenwaldas, R.	M
LT	GreimasAlgimantasAntanas	Greimas, Algimantas Antanas	M
LT	GreičienėJ	Greičienė, J.	F
LT	GreičiusA	Greičius, A.	M
LT	GreičiusV	Greičius, V.	M
LT	GreičiūnasValentinas	Greičiūnas, Valentinas	M
LT	GriciusAlgirdas	Gricius, Algirdas	M
LT	GriciusV	Gricius, V.	M
LT	GriciūnasP	Griciūnas, P.	M
LT	GrigaitėG	Grigaitė, G.	F
LT	GrigaliusA	Grigalius, A.	M
LT	GrigasR	Grigas, R.	M
LT	GrigasV	Grigas, V.	M
LT	GrikinisD	Grikinis, D.	M
LT	GrimalauskienėO	Grimalauskienė, O.	F
LT	GrinaG	Grina, G.	M
LT	GrinbergienėB	Grinbergienė, B.	F
LT	GrinisV	Grinis, V.	M
LT	GriniusKęstutis	Grinius, Kęstutis	M
LT	GriniusV	Grinius, V.	M
LT	GriškevičiusDomas	Griškevičius, Domas	M
LT	GriškevičiusL	Griškevičius, L.	M
LT	GroblysS	Groblys, S.	F
LT	GrodckisT	Grodckis, T.	M
LT	GrossasA	Grossas, A.	M
LT	GrubliauskasVytautas	Grubliauskas, Vytautas	M
LT	GrumadasArūnas	Grumadas, Arūnas	M
LT	GrunskienėN	Grunskienė, N.	F
LT	GruzdienėG	Gruzdienė, G.	F
LT	GrušasG	Grušas, G.	M
LT	GrušauskasV	Grušauskas, V.	M
LT	GružasE	Gružas, E.	M
LT	GrybauskaitėD	Grybauskaitė, D.	F
LT	GrybauskasKazys	Grybauskas, Kazys	M
LT	GrzeA	Grze, A.	F
LT	GrėbliauskasA	Grėbliauskas, A.	M
LT	GudaitisR	Gudaitis, R.	M
LT	GudaitisV	Gudaitis, V.	M
LT	GudaitisVincasRamutis	Gudaitis, Vincas Ramutis	M
LT	GudasM	Gudas, M.	M
LT	GudauskasJonas	Gudauskas, Jonas	M
LT	GudavičiusE	Gudavičius, E.	M
LT	GudavičiusG	Gudavičius, G.	M
LT	GudelisD	Gudelis, D.	M
LT	GudelisV	Gudelis, V.	M
LT	GudlevičienėŽ	Gudlevičienė, Ž.	F
LT	GudynasS	Gudynas, S.	M
LT	GudžinskasL	Gudžinskas, L.	M
LT	GudžiūnaitėI	Gudžiūnaitė, I.	M
LT	GudžiūnienėR	Gudžiūnienė, R.	F
LT	Gumbrevičiūtė-kuzminskienėD	Gumbrevičiūtė-Kuzminskienė, D.	M
LT	GumuliauskasArūnas	Gumuliauskas, Arūnas	M
LT	GumuliauskienėL	Gumuliauskienė, L.	F
LT	GuogaAntanas	Guoga, Antanas	M
LT	GurauskasJ	Gurauskas, J.	M
LT	GureckienėV	Gureckienė, V.	F
LT	GurevičiusS	Gurevičius, S.	M
LT	GurinasK	Gurinas, K.	M
LT	GustainisŠarūnas	Gustainis, Šarūnas	M
LT	GustasE	Gustas, E.	M
LT	GutauskasA	Gutauskas, A.	M
LT	GvazdauskasP	Gvazdauskas, P.	M
LT	GylysA	Gylys, A.	M
LT	GylysJ	Gylys, J.	M
LT	GylysPovilas	Gylys, Povilas	M
LT	GėgžnasR	Gėgžnas, R.	M
LT	HaaseIrena	Haase, Irena	F
LT	HalonenT	Halonen, T.	F
LT	HannibalssonJ	Hannibalsson, J.	F
LT	HannibalssonasJ	Hannibalssonas, J.	M
LT	HansenasI	Hansenas, I.	M
LT	HarthJ	Harth, J.	F
LT	HastertD	Hastert, D.	M
LT	HeimisonasH	Heimisonas, H.	M
LT	HellsvikG	Hellsvik, G.	F
LT	HladkaH	Hladka, H.	M
LT	HofertienėRomualda	Hofertienė, Romualda	F
LT	IešmantasGintautas	Iešmantas, Gintautas	M
LT	IgnatavičiusE	Ignatavičius, E.	M
LT	IgnotasA	Ignotas, A.	M
LT	IldemasT	Ildemas, T.	M
LT	IlgisV	Ilgis, V.	F
LT	IlgūnasG	Ilgūnas, G.	M
LT	IlgūnasStanislovasGediminas	Ilgūnas, Stanislovas Gediminas	M
LT	IlgūnienėB	Ilgūnienė, B.	F
LT	IliescuI	Iliescu, I.	M
LT	IlvesT	Ilves, T.	F
LT	ImbrasasJuozas	Imbrasas, Juozas	M
LT	ImbrasienėGražina	Imbrasienė, Gražina	F
LT	IndriA	Indri, A.	M
LT	IndriūnasA	Indriūnas, A.	M
LT	IndriūnasAlgimantasValentinas	Indriūnas, Algimantas Valentinas	M
LT	IndriūnasV	Indriūnas, V.	M
LT	IntaKlemas	Inta, Klemas	M
LT	IntrovinjėM	Introvinjė, M.	M
LT	IrtmonasP	Irtmonas, P.	M
LT	IsevičienėR	Isevičienė, R.	F
LT	IvanauskasAlgirdas	Ivanauskas, Algirdas	M
LT	IvanauskasG	Ivanauskas, G.	M
LT	IvaškevičiusArvydas	Ivaškevičius, Arvydas	M
LT	IždonaitėJ	Iždonaitė, J.	F
LT	JablonskisM	Jablonskis, M.	M
LT	JacevičiusJ	Jacevičius, J.	M
LT	JacevičiusV	Jacevičius, V.	M
LT	JackūnasŽibartasJuozas	Jackūnas, Žibartas Juozas	M
LT	JacynasV	Jacynas, V.	M
LT	JafetasT	Jafetas, T.	M
LT	JagelevičiusA	Jagelevičius, A.	M
LT	JaglinskisH	Jaglinskis, H.	M
LT	JagminasBronislovas	Jagminas, Bronislovas	M
LT	JagminasJonas	Jagminas, Jonas	M
LT	JakavičienėG	Jakavičienė, G.	F
LT	JakavonisGediminas	Jakavonis, Gediminas	M
LT	JakavonytėAngelė	Jakavonytė, Angelė	F
LT	JakelisKęstutis	Jakelis, Kęstutis	M
LT	JakeliūnasStasys	Jakeliūnas, Stasys	M
LT	JakimavičiusE	Jakimavičius, E.	M
LT	JakimavičiusSaulius	Jakimavičius, Saulius	M
LT	JakubaitisV	Jakubaitis, V.	M
LT	JakubauskasA	Jakubauskas, A.	M
LT	JakubonienėJ	Jakubonienė, J.	F
LT	JakubčionisA	Jakubčionis, A.	M
LT	JakulevičienėL	Jakulevičienė, L.	F
LT	JakučionisPovilas	Jakučionis, Povilas	M
LT	JakučionisS	Jakučionis, S.	M
LT	JakštaitėO	Jakštaitė, O.	F
LT	JalionytėX	Jalionytė, X.	F
LT	JanavičiūtėB	Janavičiūtė, B.	F
LT	JankauskaitėD	Jankauskaitė, D.	F
LT	JankauskaitėM	Jankauskaitė, M.	F
LT	JankauskasA	Jankauskas, A.	M
LT	JankauskasDonatas	Jankauskas, Donatas	M
LT	JankauskasK	Jankauskas, K.	M
LT	JankauskasV	Jankauskas, V.	M
LT	JankauskienėD	Jankauskienė, D.	F
LT	JankelevičiusLeonas	Jankelevičius, Leonas	M
LT	JankevičiusE	Jankevičius, E.	M
LT	JankuvienėAudronė	Jankuvienė, Audronė	F
LT	JankūnasR	Jankūnas, R.	M
LT	JanonisJuozas	Janonis, Juozas	M
LT	JanonisS	Janonis, S.	M
LT	JanonisV	Janonis, V.	M
LT	JanovičienėR	Janovičienė, R.	F
LT	JanulaitisA	Janulaitis, A.	M
LT	JanulevičiusV	Janulevičius, V.	M
LT	JanušauskienėL	Janušauskienė, L.	F
LT	JanuškaAlbinas	Januška, Albinas	M
LT	JanuškienėJ	Januškienė, J.	F
LT	JanušonisV	Janušonis, V.	M
LT	JančauskasG	Jančauskas, G.	M
LT	JarackaitėA	Jarackaitė, A.	F
LT	JarašiūnasEgidijus	Jarašiūnas, Egidijus	M
LT	JarmolenkaV	Jarmolenka, V.	M
LT	JarmolenkoVladimir	Jarmolenko, Vladimir	M
LT	JarmoškienėJ	Jarmoškienė, J.	F
LT	JarockisR	Jarockis, R.	M
LT	JarukaitisI	Jarukaitis, I.	M
LT	JarumbavičiūtėG	Jarumbavičiūtė, G.	M
LT	JarutisJonas	Jarutis, Jonas	M
LT	JaruševičienėL	Jaruševičienė, L.	F
LT	JaruševičiusJuozas	Jaruševičius, Juozas	M
LT	JasaitisG	Jasaitis, G.	M
LT	JasaitisJ	Jasaitis, J.	M
LT	JasasD	Jasas, D.	M
LT	JasevičienėF	Jasevičienė, F.	F
LT	JaskelevičiusLeonardasKęstutis	Jaskelevičius, Leonardas Kęstutis	M
LT	JasponisR	Jasponis, R.	M
LT	JasukaitytėVidmantė	Jasukaitytė, Vidmantė	F
LT	JasulaitisV	Jasulaitis, V.	M
LT	JauniškisD	Jauniškis, D.	M
LT	JazavitasS	Jazavitas, S.	M
LT	JedinskijZbignev	Jedinskij, Zbignev	M
LT	JeglinskasG	Jeglinskas, G.	M
LT	JelenskisL	Jelenskis, L.	M
LT	JesinasE	Jesinas, E.	M
LT	JocysV	Jocys, V.	M
LT	JogėlaV	Jogėla, V.	M
LT	JohannesdottirA	Johannesdottir, A.	M
LT	JohnstonasR	Johnstonas, R.	M
LT	JokubauskasČ	Jokubauskas, Č.	M
LT	JokūbaitisV	Jokūbaitis, V.	M
LT	JokūbauskasČ	Jokūbauskas, Č.	M
LT	JonaitisLiudas	Jonaitis, Liudas	M
LT	JonauskasLinas	Jonauskas, Linas	M
LT	JonikasM	Jonikas, M.	M
LT	JonylaEdmundas	Jonyla, Edmundas	M
LT	JovaišaEugenijus	Jovaiša, Eugenijus	M
LT	JovaišaSergejus	Jovaiša, Sergejus	M
LT	JočienėD	Jočienė, D.	F
LT	JucysK	Jucys, K.	M
LT	JucysO	Jucys, O.	M
LT	JudickaitėI	Judickaitė, I.	F
LT	JuknaA	Jukna, A.	M
LT	JuknaVigilijus	Jukna, Vigilijus	M
LT	JuknevičienėO	Juknevičienė, O.	F
LT	JuknevičienėRasa	Juknevičienė, Rasa	F
LT	JuknevičiusR	Juknevičius, R.	M
LT	JuknevičiusZenonas	Juknevičius, Zenonas	M
LT	JunevičiusV	Junevičius, V.	M
LT	JunokasV	Junokas, V.	M
LT	JuocevičiusA	Juocevičius, A.	M
LT	JuodišiusM	Juodišius, M.	M
LT	JuodkaBenediktas	Juodka, Benediktas	M
LT	Juodkaitė-granskienėG	Juodkaitė-Granskienė, G.	F
LT	JuodkienėŽ	Juodkienė, Ž.	F
LT	JuodvalkisS	Juodvalkis, S.	M
LT	JuozaitienėJūratė	Juozaitienė, Jūratė	F
LT	JuozaitisA	Juozaitis, A.	M
LT	JuozapaitisJonas	Juozapaitis, Jonas	M
LT	JuozapaitisVytautas	Juozapaitis, Vytautas	M
LT	JuozapavičiusR	Juozapavičius, R.	M
LT	JuozėnasE	Juozėnas, E.	M
LT	JurekM	Jurek, M.	M
LT	JurevičiusA	Jurevičius, A.	M
LT	JurgaitisV	Jurgaitis, V.	M
LT	JurgelevičiusD	Jurgelevičius, D.	M
LT	JurgelisJurgis	Jurgelis, Jurgis	M
LT	JurginisJ	Jurginis, J.	M
LT	JurgutisV	Jurgutis, V.	M
LT	JurkevičiusEvaldas	Jurkevičius, Evaldas	M
LT	JurkonisE	Jurkonis, E.	M
LT	JurkusJonas	Jurkus, Jonas	M
LT	JurkuvienėR	Jurkuvienė, R.	F
LT	JurkūnaitėGema	Jurkūnaitė, Gema	F
LT	JurnaV	Jurna, V.	M
LT	JurovaV	Jurova, V.	F
LT	JuršėasČ	Juršėas, Č.	F
LT	JuršėnasC	Juršėnas, C.	M
LT	JuršėnasČeslovas	Juršėnas, Česlovas	M
LT	JusionisJ	Jusionis, J.	M
LT	JusysO	Jusys, O.	M
LT	JuzukonisS	Juzukonis, S.	M
LT	JučasJonas	Jučas, Jonas	M
LT	JuškaF	Juška, F.	M
LT	JuškaRičardas	Juška, Ričardas	M
LT	JuškevičiusP	Juškevičius, P.	M
LT	JuškusVytautas	Juškus, Vytautas	M
LT	KabeikisH	Kabeikis, H.	M
LT	KabišaitisA	Kabišaitis, A.	M
LT	KaczyL	Kaczy, L.	M
LT	KaczynskiL	Kaczynski, L.	M
LT	KadziauskasG	Kadziauskas, G.	M
LT	KadziauskienėK	Kadziauskienė, K.	F
LT	KadūnasA	Kadūnas, A.	M
LT	KadžionisJ	Kadžionis, J.	M
LT	KadžiulisL	Kadžiulis, L.	M
LT	KaganasI	Kaganas, I.	M
LT	KahnasŠ	Kahnas, Š.	M
LT	KailiūnasK	Kailiūnas, K.	M
LT	KairelisR	Kairelis, R.	M
LT	KairelisV	Kairelis, V.	M
LT	KairienėB	Kairienė, B.	F
LT	KairiūkštytėN	Kairiūkštytė, N.	F
LT	KairysAntanas	Kairys, Antanas	M
LT	KairysS	Kairys, S.	M
LT	KaktysSigitas	Kaktys, Sigitas	M
LT	KalibataitėL	Kalibataitė, L.	F
LT	KalinauskasG	Kalinauskas, G.	M
LT	KalvaitisR	Kalvaitis, R.	M
LT	KalėdienėI	Kalėdienė, I.	F
LT	KalėtinasL	Kalėtinas, L.	M
LT	KamantasV	Kamantas, V.	M
LT	KamarauskienėD	Kamarauskienė, D.	F
LT	KamblevičiusVytautas	Kamblevičius, Vytautas	M
LT	Kaminskaitė-saltersG	Kaminskaitė-Salters, G.	F
LT	KaminskasA	Kaminskas, A.	M
LT	KaminskasDarius	Kaminskas, Darius	M
LT	KaminskasT	Kaminskas, T.	M
LT	KaminskasV	Kaminskas, V.	M
LT	KaminskasZ	Kaminskas, Z.	M
LT	KanapeckasVytautas	Kanapeckas, Vytautas	M
LT	KanapinskasV	Kanapinskas, V.	M
LT	KancevičiusR	Kancevičius, R.	M
LT	KaniavaEdvardas	Kaniava, Edvardas	M
LT	KanopaVidmantas	Kanopa, Vidmantas	M
LT	KapoulasL	Kapoulas, L.	M
LT	KaralevičienėE	Karalevičienė, E.	F
LT	KaraliusA	Karalius, A.	M
LT	KaraliusLinas	Karalius, Linas	M
LT	KarasO	Karas, O.	M
LT	KarazijaR	Karazija, R.	F
LT	KaračV	Karač, V.	F
LT	KarbauskisRamūnas	Karbauskis, Ramūnas	M
LT	KarbauskisVaclovas	Karbauskis, Vaclovas	M
LT	KarečkaEdvardas	Karečka, Edvardas	M
LT	KaroblisAntanas	Karoblis, Antanas	M
LT	KaroblisR	Karoblis, R.	M
LT	KarosasJustinas	Karosas, Justinas	M
LT	KarpavičienėJ	Karpavičienė, J.	F
LT	KarpavičiusA	Karpavičius, A.	M
LT	KarpickienėEtela	Karpickienė, Etela	F
LT	KarpusA	Karpus, A.	M
LT	KarreM	Karre, M.	F
LT	KartanienėA	Kartanienė, A.	F
LT	KarvelisJuozas	Karvelis, Juozas	M
LT	KarčevskisS	Karčevskis, S.	F
LT	KasiulevičiusV	Kasiulevičius, V.	M
LT	KasparavičiusA	Kasparavičius, A.	M
LT	KasperavičiusM	Kasperavičius, M.	M
LT	KastanauskasV	Kastanauskas, V.	M
LT	KasčiūnasLaurynas	Kasčiūnas, Laurynas	M
LT	KatiliusPovilas	Katilius, Povilas	M
LT	KatinienėN	Katinienė, N.	F
LT	KatkevičiusV	Katkevičius, V.	M
LT	KatkusA	Katkus, A.	M
LT	KatkusD	Katkus, D.	M
LT	KatkusJuozapasAlgirdas	Katkus, Juozapas Algirdas	M
LT	KatkusValdemaras	Katkus, Valdemaras	M
LT	KatsavasM	Katsavas, M.	M
LT	KatuokaS	Katuoka, S.	F
LT	KaunasD	Kaunas, D.	M
LT	KauneckasJ	Kauneckas, J.	M
LT	KauzonienėS	Kauzonienė, S.	F
LT	KaušinisJ	Kaušinis, J.	M
LT	KaušpėdasA	Kaušpėdas, A.	M
LT	KavaliauskaitėR	Kavaliauskaitė, R.	F
LT	KavaliauskasP	Kavaliauskas, P.	M
LT	KaverovasP	Kaverovas, P.	F
LT	KazakaitėJ	Kazakaitė, J.	F
LT	KazakevičiusG	Kazakevičius, G.	M
LT	KazakevičiusZ	Kazakevičius, Z.	M
LT	KazakevičiūtėL	Kazakevičiūtė, L.	F
LT	KazarinasE	Kazarinas, E.	M
LT	KazarinasX	Kazarinas, X.	M
LT	KazarėnasE	Kazarėnas, E.	M
LT	KazlauskasA	Kazlauskas, A.	M
LT	KazlauskasG	Kazlauskas, G.	M
LT	KazlauskasJ	Kazlauskas, J.	M
LT	KazlauskasM	Kazlauskas, M.	M
LT	KazlauskienėL	Kazlauskienė, L.	F
LT	KazlauskienėN	Kazlauskienė, N.	F
LT	KazlauskienėT	Kazlauskienė, T.	F
LT	KazlavickasLiutauras	Kazlavickas, Liutauras	M
LT	KazulėnasAlgis	Kazulėnas, Algis	M
LT	Kačinskaitė-urbonienėIeva	Kačinskaitė-Urbonienė, Ieva	F
LT	KačinskasL	Kačinskas, L.	M
LT	KačinskasVirgilijus	Kačinskas, Virgilijus	M
LT	KačinskienėD	Kačinskienė, D.	F
LT	KačinskisL	Kačinskis, L.	M
LT	KačkutėR	Kačkutė, R.	F
LT	KašauskasStasys	Kašauskas, Stasys	M
LT	KašėtaAlgis	Kašėta, Algis	M
LT	KaždailisA	Každailis, A.	M
LT	KažukauskasA	Kažukauskas, A.	M
LT	KebeikisH	Kebeikis, H.	M
LT	KeliuotisR	Keliuotis, R.	F
LT	KentraA	Kentra, A.	M
LT	KepenisDainius	Kepenis, Dainius	M
LT	KerasieriusL	Kerasierius, L.	M
LT	KernagisLigitas	Kernagis, Ligitas	M
LT	KernagisVytautas	Kernagis, Vytautas	M
LT	KerzaE	Kerza, E.	M
LT	KeserauskasŠ	Keserauskas, Š.	M
LT	KiaupaZ	Kiaupa, Z.	F
LT	KildišienėGreta	Kildišienė, Greta	F
LT	KilikauskasR	Kilikauskas, R.	M
LT	KilkinovaO	Kilkinova, O.	F
LT	KindurysGintautas	Kindurys, Gintautas	M
LT	KirkilasGediminas	Kirkilas, Gediminas	M
LT	KirkilisL	Kirkilis, L.	M
LT	KirkilisR	Kirkilis, R.	M
LT	KirkutisAlgimantas	Kirkutis, Algimantas	M
LT	KirvelisDobilasJonas	Kirvelis, Dobilas Jonas	M
LT	KisieliusV	Kisielius, V.	M
LT	KitkauskasN	Kitkauskas, N.	M
LT	KiudulasV	Kiudulas, V.	M
LT	KišonasA	Kišonas, A.	M
LT	KlapavščiukL	Klapavščiuk, L.	F
LT	KleinasK	Kleinas, K.	M
LT	KleinauskasD	Kleinauskas, D.	M
LT	KleinauskasR	Kleinauskas, R.	M
LT	KleponisB	Kleponis, B.	M
LT	KleponisX	Kleponis, X.	M
LT	KlepšasE	Klepšas, E.	F
LT	KlimantavičiusV	Klimantavičius, V.	M
LT	KlimavičiusA	Klimavičius, A.	M
LT	KlimavičiusG	Klimavičius, G.	M
LT	KlimavičiusK	Klimavičius, K.	M
LT	KlimašauskasK	Klimašauskas, K.	M
LT	KlimkaL	Klimka, L.	F
LT	KlimčiukasB	Klimčiukas, B.	M
LT	KliunkaA	Kliunka, A.	M
LT	KlišonisAudrius	Klišonis, Audrius	M
LT	KlumbysEgidijus	Klumbys, Egidijus	M
LT	KnašysV	Knašys, V.	M
LT	KnašysVytautasPetras	Knašys, Vytautas Petras	M
LT	KniukštaGintautas	Kniukšta, Gintautas	M
LT	KnizlerisS	Knizleris, S.	M
LT	KojalaL	Kojala, L.	M
LT	KoksasP	Koksas, P.	M
LT	KolesnikovasVytautas	Kolesnikovas, Vytautas	M
LT	KolosauskasFeliksas	Kolosauskas, Feliksas	M
LT	KolyškoE	Kolyško, E.	M
LT	KomorovskisB	Komorovskis, B.	M
LT	KomorowskiB	Komorowski, B.	M
LT	KomskisKęstas	Komskis, Kęstas	M
LT	KondratasS	Kondratas, S.	M
LT	KondratiukO	Kondratiuk, O.	M
LT	KondratjevaS	Kondratjeva, S.	F
LT	KondratovičV	Kondratovič, V.	M
LT	KondrotasA	Kondrotas, A.	M
LT	KondrotasJonas	Kondrotas, Jonas	M
LT	KondrotienėS	Kondrotienė, S.	F
LT	KondrotienėV	Kondrotienė, V.	F
LT	KončiusA	Končius, A.	M
LT	KončiusMindaugas	Končius, Mindaugas	M
LT	KorenkaJonas	Korenka, Jonas	M
LT	KorsakaitėD	Korsakaitė, D.	F
LT	KostagrickienėA	Kostagrickienė, A.	F
LT	KotlerisI	Kotleris, I.	M
LT	KovaliovS	Kovaliov, S.	F
LT	KovaliovasS	Kovaliovas, S.	M
LT	KovalčikasG	Kovalčikas, G.	M
LT	KovarskasK	Kovarskas, K.	M
LT	KoverovasP	Koverovas, P.	F
LT	KozakaitėJ	Kozakaitė, J.	F
LT	KozyrovičiusR	Kozyrovičius, R.	M
LT	KrasauskasG	Krasauskas, G.	M
LT	KrasuckisR	Krasuckis, R.	M
LT	KraujelienėG	Kraujelienė, G.	F
LT	KraujelisJeronimas	Kraujelis, Jeronimas	M
LT	KraujelisR	Kraujelis, R.	M
LT	KravčionokVanda	Kravčionok, Vanda	F
LT	KravčiukasL	Kravčiukas, L.	M
LT	KregždėA	Kregždė, A.	F
LT	KreivysDainius	Kreivys, Dainius	M
LT	KriauzaV	Kriauza, V.	M
LT	KrinickasD	Krinickas, D.	M
LT	KristinaitisK	Kristinaitis, K.	F
LT	KriukasJ	Kriukas, J.	M
LT	KriukasR	Kriukas, R.	M
LT	KrivasA	Krivas, A.	M
LT	KrivickienėV	Krivickienė, V.	F
LT	KriščiūnasKęstutis	Kriščiūnas, Kęstutis	M
LT	KriščiūnasR	Kriščiūnas, R.	M
LT	KrižinauskasA	Križinauskas, A.	M
LT	KronkaitisJ	Kronkaitis, J.	M
LT	KronkaitisR	Kronkaitis, R.	M
LT	KropasStasys	Kropas, Stasys	M
LT	KruopysA	Kruopys, A.	M
LT	KrutinisV	Krutinis, V.	M
LT	KružinauskasStasys	Kružinauskas, Stasys	M
LT	KryžanauskasA	Kryžanauskas, A.	M
LT	KryževičiusG	Kryževičius, G.	M
LT	KryževičiusKazimierasVytautas	Kryževičius, Kazimieras Vytautas	M
LT	KryževičiusV	Kryževičius, V.	M
LT	KrėpštaS	Krėpšta, S.	M
LT	KubertavičiusKęstutis	Kubertavičius, Kęstutis	M
LT	KubilienėAsta	Kubilienė, Asta	F
LT	KubilienėI	Kubilienė, I.	F
LT	KubiliusAndrius	Kubilius, Andrius	M
LT	KubiliusJonas	Kubilius, Jonas	M
LT	KubiliūnasSaulius	Kubiliūnas, Saulius	M
LT	KubysB	Kubys, B.	F
LT	KuchcinskiM	Kuchcinski, M.	F
LT	KuchcinskisM	Kuchcinskis, M.	F
LT	KuconisP	Kuconis, P.	M
LT	KudabaČeslovas	Kudaba, Česlovas	M
LT	KudirkaitėI	Kudirkaitė, I.	F
LT	KudzysA	Kudzys, A.	M
LT	KugelevičiusJ	Kugelevičius, J.	M
LT	KujalisP	Kujalis, P.	M
LT	KujalytėL	Kujalytė, L.	F
LT	KuklianskyF	Kukliansky, F.	F
LT	KuklieriusM	Kuklierius, M.	M
LT	KukuraitisLinas	Kukuraitis, Linas	M
LT	KukysV	Kukys, V.	M
LT	KulakauskasA	Kulakauskas, A.	M
LT	KuliešiusD	Kuliešius, D.	M
LT	KulnytėB	Kulnytė, B.	F
LT	KumpienėJ	Kumpienė, J.	F
LT	KumžaAlgirdas	Kumža, Algirdas	M
LT	KunA	Kun, A.	F
LT	KuncaV	Kunca, V.	M
LT	KundortasA	Kundortas, A.	M
LT	KundotrasA	Kundotras, A.	F
LT	KundrortasA	Kundrortas, A.	M
LT	KundrotasA	Kundrotas, A.	M
LT	KundrotasV	Kundrotas, V.	M
LT	KunevičienėE	Kunevičienė, E.	F
LT	KunevičienėElvyraJanina	Kunevičienė, Elvyra Janina	F
LT	KunčinasAlgirdas	Kunčinas, Algirdas	M
LT	KuodienėL	Kuodienė, L.	F
LT	KuodysA	Kuodys, A.	M
LT	KuodytėDalia	Kuodytė, Dalia	F
LT	KuolysD	Kuolys, D.	M
LT	KuprevičiusG	Kuprevičius, G.	M
LT	KupčinskasAndrius	Kupčinskas, Andrius	M
LT	KupčinskasRytas	Kupčinskas, Rytas	M
LT	KupčinskasV	Kupčinskas, V.	M
LT	KurpuvesasVytautas	Kurpuvesas, Vytautas	M
LT	KurtinaitisD	Kurtinaitis, D.	M
LT	KutasS	Kutas, S.	M
LT	Kutraitė-D	Kutraitė-, D.	M
LT	KutraitėGiedraitienėDalia	Kutraitė Giedraitienė, Dalia	F
LT	KuzmickasB	Kuzmickas, B.	M
LT	KuzmickasBronislavasJuozas	Kuzmickas, Bronislavas Juozas	M
LT	KuzmickasKęstutis	Kuzmickas, Kęstutis	M
LT	KuzmickienėPaulė	Kuzmickienė, Paulė	F
LT	KuzminskasB	Kuzminskas, B.	M
LT	KuzminskasKazimieras	Kuzminskas, Kazimieras	M
LT	KučanasM	Kučanas, M.	M
LT	KučasS	Kučas, S.	M
LT	KučikasA	Kučikas, A.	M
LT	KučingisŠ	Kučingis, Š.	M
LT	KučmaL	Kučma, L.	M
LT	KvasnevskisA	Kvasnevskis, A.	F
LT	KvasnievskisA	Kvasnievskis, A.	M
LT	KvedaravičiusA	Kvedaravičius, A.	M
LT	KvedaravičiusD	Kvedaravičius, D.	M
LT	KvetkovskijJuzef	Kvetkovskij, Juzef	M
LT	KvieskienėG	Kvieskienė, G.	F
LT	KvietkauskasM	Kvietkauskas, M.	M
LT	KvietkauskasVytautas	Kvietkauskas, Vytautas	M
LT	KymantaitėB	Kymantaitė, B.	F
LT	KėvalasK	Kėvalas, K.	M
LT	KėvalasR	Kėvalas, R.	M
LT	KėvišasG	Kėvišas, G.	M
LT	KėželytėR	Kėželytė, R.	F
LT	KšanienėRomualda	Kšanienė, Romualda	F
LT	KūgisR	Kūgis, R.	M
LT	KūrisE	Kūris, E.	M
LT	KūrisP	Kūris, P.	M
LT	LabanauskasL	Labanauskas, L.	M
LT	LabanavičiusDeividas	Labanavičius, Deividas	M
LT	LadigaM	Ladiga, M.	M
LT	LadygaM	Ladyga, M.	M
LT	LaiconasJ	Laiconas, J.	M
LT	LamanauskasS	Lamanauskas, S.	M
LT	LamersK	Lamers, K.	F
LT	LammertN	Lammert, N.	M
LT	LandsbergisGabrielius	Landsbergis, Gabrielius	M
LT	LandsbergisVytautas	Landsbergis, Vytautas	M
LT	LangaitisTadas	Langaitis, Tadas	M
LT	LankauskasA	Lankauskas, A.	M
LT	LantošasT	Lantošas, T.	F
LT	LapienisS	Lapienis, S.	M
LT	LapinskasD	Lapinskas, D.	M
LT	LapinskasKęstutis	Lapinskas, Kęstutis	M
LT	LapėVaclovas	Lapė, Vaclovas	M
LT	LapėnasSaulius	Lapėnas, Saulius	M
LT	LapėnasVytautas	Lapėnas, Vytautas	M
LT	LapėnienėV	Lapėnienė, V.	F
LT	LastauskienėG	Lastauskienė, G.	F
LT	LatvienėV	Latvienė, V.	F
LT	LatėnasF	Latėnas, F.	M
LT	LaugalienėB	Laugalienė, B.	F
LT	LaukaitytėR	Laukaitytė, R.	F
LT	LaurinavičiusD	Laurinavičius, D.	M
LT	LaurinavičiusM	Laurinavičius, M.	M
LT	LaurinkusMečys	Laurinkus, Mečys	M
LT	LaurišienėO	Laurišienė, O.	F
LT	LaužikasE	Laužikas, E.	M
LT	LaužikienėN	Laužikienė, N.	F
LT	LazdinisI	Lazdinis, I.	M
LT	LazutkaR	Lazutka, R.	M
LT	LašasA	Lašas, A.	M
LT	LebedevienėJ	Lebedevienė, J.	F
LT	LeikienėA	Leikienė, A.	F
LT	LeinartėD	Leinartė, D.	M
LT	LeiputėOrinta	Leiputė, Orinta	F
LT	LekasR	Lekas, R.	M
LT	LeknickienėS	Leknickienė, S.	F
LT	LekoJ	Leko, J.	M
LT	LekytėŽ	Lekytė, Ž.	F
LT	LementauskasEvaldas	Lementauskas, Evaldas	M
LT	LengvinienėSilva	Lengvinienė, Silva	F
LT	LenkauskaitėA	Lenkauskaitė, A.	F
LT	LeonaitėE	Leonaitė, E.	F
LT	LeonavienėL	Leonavienė, L.	F
LT	LeonovienėL	Leonovienė, L.	F
LT	LeontjevaE	Leontjeva, E.	F
LT	LesinskienėS	Lesinskienė, S.	F
LT	LevickaitėK	Levickaitė, K.	F
LT	LevickisV	Levickis, V.	M
LT	LevickisZ	Levickis, Z.	M
LT	LeškevičiusV	Leškevičius, V.	M
LT	LeščinskasA	Leščinskas, A.	M
LT	LeščinskasArvydasKostas	Leščinskas, Arvydas Kostas	M
LT	LiabedzkaA	Liabedzka, A.	F
LT	LiaudanskasJ	Liaudanskas, J.	M
LT	LiaugaudasA	Liaugaudas, A.	M
LT	LiaučiusJonas	Liaučius, Jonas	M
LT	LiberasP	Liberas, P.	M
LT	LideikisTautvydas	Lideikis, Tautvydas	M
LT	LiekisŠ	Liekis, Š.	M
LT	LiesysJonas	Liesys, Jonas	M
LT	LingėMindaugas	Lingė, Mindaugas	M
LT	LiniauskasJ	Liniauskas, J.	M
LT	LinkevičiusL	Linkevičius, L.	M
LT	LinkevičiusLinasAntanas	Linkevičius, Linas Antanas	M
LT	LionginasJonas	Lionginas, Jonas	M
LT	LipeikaK	Lipeika, K.	M
LT	LisauskasA	Lisauskas, A.	M
LT	ListavičiusJuozas	Listavičius, Juozas	M
LT	LitvinasV	Litvinas, V.	M
LT	LiudvinavičienėV	Liudvinavičienė, V.	F
LT	LiutikasVytautas	Liutikas, Vytautas	M
LT	LiutkevičiusS	Liutkevičius, S.	M
LT	LiutkutėR	Liutkutė, R.	F
LT	LiutvinskasA	Liutvinskas, A.	M
LT	LiutvinskasM	Liutvinskas, M.	M
LT	LiužinasR	Liužinas, R.	M
LT	LobačevskytėA	Lobačevskytė, A.	F
LT	LomakinaL	Lomakina, L.	F
LT	LopataRaimundas	Lopata, Raimundas	M
LT	LozuraitisAlbinas	Lozuraitis, Albinas	M
LT	LošysB	Lošys, B.	M
LT	LošysM	Lošys, M.	M
LT	LubysBronislovas	Lubys, Bronislovas	M
LT	LugauskasV	Lugauskas, V.	M
LT	LukauskasK	Lukauskas, K.	M
LT	LukavičiusV	Lukavičius, V.	M
LT	LukašenkaA	Lukašenka, A.	M
LT	LukaševičiūtėJ	Lukaševičiūtė, J.	F
LT	LukoševičiusA	Lukoševičius, A.	M
LT	LukošiusJ	Lukošius, J.	M
LT	LukšasA	Lukšas, A.	M
LT	LukševičiusP	Lukševičius, P.	M
LT	LukšienėM	Lukšienė, M.	F
LT	LuomanasPetras	Luomanas, Petras	M
LT	LupuM	Lupu, M.	F
LT	LydekaArminas	Lydeka, Arminas	M
LT	LygisD	Lygis, D.	M
LT	LygysD	Lygys, D.	F
LT	MacaitisAlfonsas	Macaitis, Alfonsas	M
LT	MacanasT	Macanas, T.	M
LT	MaceikianecasR	Maceikianecas, R.	M
LT	MacevičiusV	Macevičius, V.	M
LT	MaciejevskiA	Maciejevski, A.	M
LT	MaciejkianecasR	Maciejkianecas, R.	M
LT	MaciejkianiecRyšard	Maciejkianiec, Ryšard	M
LT	MacijauskasA	Macijauskas, A.	M
LT	MacijauskasM	Macijauskas, M.	M
LT	MaciulevičiūtėJ	Maciulevičiūtė, J.	M
LT	MackevičMichal	Mackevič, Michal	M
LT	MackevičZygmunt	Mackevič, Zygmunt	M
LT	MackevičiusZ	Mackevičius, Z.	M
LT	MagnussonL	Magnusson, L.	F
LT	MajauskasMykolas	Majauskas, Mykolas	M
LT	MajorasF	Majoras, F.	M
LT	MakariūnasK	Makariūnas, K.	M
LT	MakauskasJ	Makauskas, J.	M
LT	MakavičiūtėG	Makavičiūtė, G.	F
LT	MakelisE	Makelis, E.	M
LT	MaksvytisK	Maksvytis, K.	M
LT	MalakauskasP	Malakauskas, P.	M
LT	MalasS	Malas, S.	M
LT	MaldeikienėAušra	Maldeikienė, Aušra	F
LT	MaldeikisEugenijus	Maldeikis, Eugenijus	M
LT	MaldeikisMatas	Maldeikis, Matas	M
LT	MalickisJ	Malickis, J.	M
LT	MalinauskienėI	Malinauskienė, I.	F
LT	Maliušicka-stankevičB	Maliušicka-Stankevič, B.	M
LT	MališkaitėB	Mališkaitė, B.	F
LT	MalkevičiusR	Malkevičius, R.	M
LT	MalkevičiusStasys	Malkevičius, Stasys	M
LT	MancinoN	Mancino, N.	M
LT	ManiokasK	Maniokas, K.	M
LT	MarcijonasA	Marcijonas, A.	M
LT	MarcinkevičiusJ	Marcinkevičius, J.	M
LT	MarcinkevičiusM	Marcinkevičius, M.	M
LT	MargevičienėVincėVaidevutė	Margevičienė, Vincė Vaidevutė	F
LT	MarkauskasBronius	Markauskas, Bronius	M
LT	MarkauskasJ	Markauskas, J.	M
LT	MarkauskasRaimundas	Markauskas, Raimundas	M
LT	MarkeliūnienėD	Markeliūnienė, D.	F
LT	MarkevičiusA	Markevičius, A.	M
LT	MarkevičiusF	Markevičius, F.	M
LT	MarkevičiusJ	Markevičius, J.	M
LT	MarkevičiusR	Markevičius, R.	M
LT	MarkevičiusV	Markevičius, V.	M
LT	MarkevičiūtėE	Markevičiūtė, E.	M
LT	MarkūnasA	Markūnas, A.	M
LT	MartikonisR	Martikonis, R.	M
LT	MartinaitisM	Martinaitis, M.	M
LT	MartinaitytėE	Martinaitytė, E.	F
LT	MartinaitytėL	Martinaitytė, L.	F
LT	MartinasS	Martinas, S.	M
LT	MartinavičienėD	Martinavičienė, D.	F
LT	MartinezasM	Martinezas, M.	M
LT	MartinkaitienėVilma	Martinkaitienė, Vilma	F
LT	MartinkusP	Martinkus, P.	M
LT	MartinkusV	Martinkus, V.	M
LT	MartinėlisRaimundas	Martinėlis, Raimundas	M
LT	MartišaukasV	Martišaukas, V.	M
LT	MartišauskasVirginijus	Martišauskas, Virginijus	M
LT	MartišiusM	Martišius, M.	M
LT	MartusevičiusA	Martusevičius, A.	M
LT	MartusevičiusV	Martusevičius, V.	M
LT	MaryničasP	Maryničas, P.	M
LT	MarčiulionisA	Marčiulionis, A.	M
LT	MarčiulionytėI	Marčiulionytė, I.	F
LT	MasaitisA	Masaitis, A.	M
LT	MasalskisG	Masalskis, G.	M
LT	MasevičiusE	Masevičius, E.	M
LT	MasiokasV	Masiokas, V.	M
LT	MasiulisEligijus	Masiulis, Eligijus	M
LT	MasiulisKęstutis	Masiulis, Kęstutis	M
LT	MasiulisP	Masiulis, P.	M
LT	MasiulisR	Masiulis, R.	M
LT	MaskaliovienėL	Maskaliovienė, L.	F
LT	MaskoliūnasD	Maskoliūnas, D.	M
LT	MaskvytisK	Maskvytis, K.	M
LT	MasnevaitėE	Masnevaitė, E.	M
LT	MastauskaitėR	Mastauskaitė, R.	F
LT	MastauskasA	Mastauskas, A.	M
LT	MatačiūnasE	Matačiūnas, E.	M
LT	MateikaA	Mateika, A.	M
LT	MateikienėJ	Mateikienė, J.	F
LT	MatekonienėJūratė	Matekonienė, Jūratė	F
LT	MatelisBronislovas	Matelis, Bronislovas	M
LT	MatiekuvienėG	Matiekuvienė, G.	F
LT	MatijošaitisMarius	Matijošaitis, Marius	M
LT	MatiliauskasA	Matiliauskas, A.	M
LT	MatiliauskasB	Matiliauskas, B.	M
LT	MatiliauskasR	Matiliauskas, R.	M
LT	MatilliauskasR	Matilliauskas, R.	M
LT	MatjošaitytėL	Matjošaitytė, L.	F
LT	MatkevičienėLaimutė	Matkevičienė, Laimutė	F
LT	MatonienėD	Matonienė, D.	F
LT	MatuizaD	Matuiza, D.	M
LT	MatukienėD	Matukienė, D.	F
LT	MatulaitienėE	Matulaitienė, E.	F
LT	MatulaitisJ	Matulaitis, J.	M
LT	MatulasAntanas	Matulas, Antanas	M
LT	MatulevičienėN	Matulevičienė, N.	F
LT	MatulevičiusAlgimantas	Matulevičius, Algimantas	M
LT	MatulevičiusE	Matulevičius, E.	M
LT	MatulevičiusJuozas	Matulevičius, Juozas	M
LT	MatulevičiusV	Matulevičius, V.	M
LT	MatulevičiusVytautasAntanas	Matulevičius, Vytautas Antanas	M
LT	MatulionienėV	Matulionienė, V.	F
LT	MatulionisA	Matulionis, A.	M
LT	MatulionisD	Matulionis, D.	M
LT	MatulisD	Matulis, D.	M
LT	MatuzasVitas	Matuzas, Vitas	M
LT	MauricasŽ	Mauricas, Ž.	M
LT	MazurekB	Mazurek, B.	M
LT	MazuronisAndrius	Mazuronis, Andrius	M
LT	MazuronisValentinas	Mazuronis, Valentinas	M
LT	MačerniusZenonas	Mačernius, Zenonas	M
LT	Mačiukaitė-žvinienėS	Mačiukaitė-Žvinienė, S.	F
LT	MačiukevičiusJ	Mačiukevičius, J.	M
LT	MačiulisA	Mačiulis, A.	M
LT	MačiulisP	Mačiulis, P.	M
LT	MačiulisValentinas	Mačiulis, Valentinas	M
LT	MačiūnasE	Mačiūnas, E.	M
LT	MačysJonas	Mačys, Jonas	M
LT	MažeikaG	Mažeika, G.	M
LT	MažeikaKęstutis	Mažeika, Kęstutis	M
LT	MažeikaL	Mažeika, L.	M
LT	MažintasD	Mažintas, D.	M
LT	MažuikaO	Mažuika, O.	M
LT	MedaiskisT	Medaiskis, T.	M
LT	MedalinskasAlvydas	Medalinskas, Alvydas	M
LT	MedvedevNikolaj	Medvedev, Nikolaj	M
LT	MedvedevasN	Medvedevas, N.	M
LT	MeiliūnaitėV	Meiliūnaitė, V.	F
LT	MeilutisN	Meilutis, N.	M
LT	MeiluvienėA	Meiluvienė, A.	F
LT	MeilūnasE	Meilūnas, E.	M
LT	Meiželytė-svilienėD	Meiželytė-Svilienė, D.	F
LT	MeiželytėDonalda	Meiželytė, Donalda	F
LT	MelianasArtūras	Melianas, Artūras	M
LT	MelnikienėRasa	Melnikienė, Rasa	F
LT	MenabdeN	Menabde, N.	F
LT	MenčikovasE	Menčikovas, E.	F
LT	MerkytėR	Merkytė, R.	F
LT	MertinienėL	Mertinienė, L.	F
LT	MerčaitisA	Merčaitis, A.	M
LT	MerčaitisB	Merčaitis, B.	M
LT	MesonisG	Mesonis, G.	M
LT	MeškauskasA	Meškauskas, A.	M
LT	MeškuotisF	Meškuotis, F.	F
LT	MichnikA	Michnik, A.	F
LT	MickevičienėR	Mickevičienė, R.	F
LT	MickienėL	Mickienė, L.	F
LT	MickisA	Mickis, A.	M
LT	MieželisP	Mieželis, P.	M
LT	MiežėnasL	Miežėnas, L.	M
LT	MigaliovaD	Migaliova, D.	F
LT	MikailaM	Mikaila, M.	M
LT	MikaitisR	Mikaitis, R.	M
LT	MikalauskaitėA	Mikalauskaitė, A.	F
LT	MikalauskaitėD	Mikalauskaitė, D.	F
LT	MikalauskasG	Mikalauskas, G.	M
LT	MikalauskasVidas	Mikalauskas, Vidas	M
LT	MikelionienėI	Mikelionienė, I.	F
LT	MikelisStasys	Mikelis, Stasys	M
LT	MikelėnasV	Mikelėnas, V.	M
LT	MiknysR	Miknys, R.	M
LT	MikolaitisD	Mikolaitis, D.	M
LT	MikolaitisGintautas	Mikolaitis, Gintautas	M
LT	MikolaitisV	Mikolaitis, V.	M
LT	MikolajūnasK	Mikolajūnas, K.	M
LT	MikolatisG	Mikolatis, G.	M
LT	MikuckienėV	Mikuckienė, V.	F
LT	MikulėnienėD	Mikulėnienė, D.	F
LT	MikutienėDangutė	Mikutienė, Dangutė	F
LT	MikutisZenonas	Mikutis, Zenonas	M
LT	MikučiauskasE	Mikučiauskas, E.	M
LT	MilaknisV	Milaknis, V.	M
LT	MilašauskasP	Milašauskas, P.	M
LT	MilašienėD	Milašienė, D.	F
LT	MilašiūtėI	Milašiūtė, I.	F
LT	MileriusJ	Milerius, J.	M
LT	MilešinasE	Milešinas, E.	M
LT	MiliusL	Milius, L.	M
LT	MiliusV	Milius, V.	M
LT	MiliūtėRūta	Miliūtė, Rūta	F
LT	MilkeraitisK	Milkeraitis, K.	M
LT	MilošoskiA	Milošoski, A.	M
LT	MiltenytėI	Miltenytė, I.	M
LT	MiltienisV	Miltienis, V.	M
LT	MilčiusLeonas	Milčius, Leonas	M
LT	MilčiuvienėS	Milčiuvienė, S.	F
LT	MincevičGabrielJan	Mincevič, Gabriel Jan	M
LT	MincevičiusG	Mincevičius, G.	M
LT	MiniataitėD	Miniataitė, D.	F
LT	MinkevičiusA	Minkevičius, A.	M
LT	MinkevičiusJokūbas	Minkevičius, Jokūbas	M
LT	MinkevičiusV	Minkevičius, V.	M
LT	MironovasS	Mironovas, S.	M
LT	MisevičienėS	Misevičienė, S.	F
LT	MisevičiusA	Misevičius, A.	M
LT	MisevičiusF	Misevičius, F.	M
LT	MisiūnasE	Misiūnas, E.	M
LT	MitalasVytautas	Mitalas, Vytautas	M
LT	MitkuvienėM	Mitkuvienė, M.	F
LT	MitkuvienėV	Mitkuvienė, V.	F
LT	MitrulevičiusAlbinas	Mitrulevičius, Albinas	M
LT	MizarasV	Mizaras, V.	M
LT	MiškinienėA	Miškinienė, A.	F
LT	MiškinienėKristina	Miškinienė, Kristina	F
LT	MiškinisAlbertas	Miškinis, Albertas	M
LT	MiškinisG	Miškinis, G.	M
LT	MiškinisPetrasAlgirdas	Miškinis, Petras Algirdas	M
LT	MocartasJonas	Mocartas, Jonas	M
LT	MockeliūnasR	Mockeliūnas, R.	M
LT	MockevičiusA	Mockevičius, A.	M
LT	MockevičiusR	Mockevičius, R.	M
LT	MockusArvydas	Mockus, Arvydas	M
LT	MogenienėLaima	Mogenienė, Laima	F
LT	MoisiuA	Moisiu, A.	F
LT	MolisA	Molis, A.	M
LT	MonkauskaitėAlma	Monkauskaitė, Alma	F
LT	MonkevičiusAlgirdas	Monkevičius, Algirdas	M
LT	MonkevičiusM	Monkevičius, M.	M
LT	MonkevičiusV	Monkevičius, V.	M
LT	MonsėA	Monsė, A.	M
LT	MontvidienėE	Montvidienė, E.	F
LT	MontvilaV	Montvila, V.	M
LT	MorkisG	Morkis, G.	M
LT	MorkvėnasŽ	Morkvėnas, Ž.	M
LT	Morkūnaitė-mikulėnienėRadvilė	Morkūnaitė-Mikulėnienė, Radvilė	F
LT	Morkūnaitė-mikulėnienėts-lkdfR	Morkūnaitė-Mikulėnienėts-Lkdf, R.	F
LT	MorkūnasDonatas	Morkūnas, Donatas	M
LT	MorkūnasJ	Morkūnas, J.	M
LT	MorkūnienėA	Morkūnienė, A.	F
LT	MorozasA	Morozas, A.	M
LT	MotiekaKazimieras	Motieka, Kazimieras	M
LT	MotuzaG	Motuza, G.	M
LT	MotuzasR	Motuzas, R.	M
LT	MozūraitisG	Mozūraitis, G.	M
LT	MrazauskienėO	Mrazauskienė, O.	F
LT	MrazauskienėP	Mrazauskienė, P.	F
LT	MudisK	Mudis, K.	M
LT	MudėnasG	Mudėnas, G.	M
LT	MullorJ	Mullor, J.	M
LT	MulmaČ	Mulma, Č.	F
LT	MuntianasViktoras	Muntianas, Viktoras	M
LT	MurniecėI	Murniecė, I.	F
LT	MušinskasD	Mušinskas, D.	M
LT	NagienėLaima	Nagienė, Laima	F
LT	NainysB	Nainys, B.	M
LT	NakasAudrius	Nakas, Audrius	M
LT	NakrošisV	Nakrošis, V.	M
LT	NalenčT	Nalenč, T.	F
LT	NamavičiusA	Namavičius, A.	M
LT	NamavičiusJ	Namavičius, J.	M
LT	NamavičiusZ	Namavičius, Z.	M
LT	NarbutasS	Narbutas, S.	M
LT	NarbutasŠ	Narbutas, Š.	M
LT	NarkevičJaroslav	Narkevič, Jaroslav	M
LT	NarkevičiusPetras	Narkevičius, Petras	M
LT	NarušienėR	Narušienė, R.	F
LT	NarvilienėJanė	Narvilienė, Janė	F
LT	NaudužasV	Naudužas, V.	M
LT	NaudžiūtėD	Naudžiūtė, D.	F
LT	NaujokasR	Naujokas, R.	M
LT	NausėdaAlfredasStasys	Nausėda, Alfredas Stasys	M
LT	NausėdaG	Nausėda, G.	M
LT	NausėdaitėV	Nausėdaitė, V.	F
LT	NavaitisGediminas	Navaitis, Gediminas	M
LT	NavickasAndrius	Navickas, Andrius	M
LT	NavickasK	Navickas, K.	M
LT	NavickasVytas	Navickas, Vytas	M
LT	NavickienėMonika	Navickienė, Monika	F
LT	NavikasA	Navikas, A.	M
LT	NavikasP	Navikas, P.	M
LT	NazarbajevasN	Nazarbajevas, N.	M
LT	NazarovasA	Nazarovas, A.	M
LT	NedzinskasAntanas	Nedzinskas, Antanas	M
LT	NedzinskienėBirutė	Nedzinskienė, Birutė	F
LT	NefasM	Nefas, M.	M
LT	NefasSaulius	Nefas, Saulius	M
LT	NekrašasVisvaldas	Nekrašas, Visvaldas	M
LT	NekrošiusArvydas	Nekrošius, Arvydas	M
LT	NekrošiusI	Nekrošius, I.	M
LT	NekrošiusJuozas	Nekrošius, Juozas	M
LT	NeliupšienėJ	Neliupšienė, J.	F
LT	NepokupnyjA	Nepokupnyj, A.	F
LT	NesteckisAntanas	Nesteckis, Antanas	M
LT	NeverauskasA	Neverauskas, A.	M
LT	NeverauskasJ	Neverauskas, J.	M
LT	NeverovičJ	Neverovič, J.	F
LT	NeverovičiusJ	Neverovičius, J.	M
LT	NevulisPetras	Nevulis, Petras	M
LT	NiakliajevasV	Niakliajevas, V.	M
LT	NiauraJ	Niaura, J.	F
LT	NieuwenhovenJ	Nieuwenhoven, J.	F
LT	NikitinasA	Nikitinas, A.	M
LT	NikitinasN	Nikitinas, N.	M
LT	NikitinasV	Nikitinas, V.	M
LT	NorbutasM	Norbutas, M.	M
LT	NoreikienėR	Noreikienė, R.	F
LT	NorkevičiusA	Norkevičius, A.	M
LT	NorkienėAušrinė	Norkienė, Aušrinė	F
LT	NorkusR	Norkus, R.	M
LT	NorkusČ	Norkus, Č.	M
LT	NorkūnaitėV	Norkūnaitė, V.	F
LT	NorkūnasA	Norkūnas, A.	M
LT	NorkūnasG	Norkūnas, G.	M
LT	NormantasA	Normantas, A.	M
LT	NorvilaR	Norvila, R.	F
LT	NorvilasAlgimantas	Norvilas, Algimantas	M
LT	NovickasJ	Novickas, J.	M
LT	NovikaitėX	Novikaitė, X.	F
LT	NugaraitėA	Nugaraitė, A.	F
LT	NumgaudisD	Numgaudis, D.	M
LT	NybergL	Nyberg, L.	F
LT	NėniusV	Nėnius, V.	M
LT	ObelenienėB	Obelenienė, B.	F
LT	ObertyševasN	Obertyševas, N.	M
LT	OkinčicasČ	Okinčicas, Č.	M
LT	OkinčicČeslav	Okinčic, Česlav	M
LT	OkunytėA	Okunytė, A.	F
LT	OlekaR	Oleka, R.	M
LT	OlekasJuozas	Olekas, Juozas	M
LT	OleksyJ	Oleksy, J.	F
LT	OlsenasE	Olsenas, E.	M
LT	OlševskiČeslav	Olševski, Česlav	M
LT	OnaitisG	Onaitis, G.	M
LT	OrechovVladimir	Orechov, Vladimir	M
LT	OrechovasV	Orechovas, V.	M
LT	OstasevičiusV	Ostasevičius, V.	F
LT	OzolasRomualdas	Ozolas, Romualdas	M
LT	OšmianskienėMonika	Ošmianskienė, Monika	F
LT	Oželytė-vaitiekūnienėN	Oželytė-Vaitiekūnienė, N.	F
LT	OželytėNijolė	Oželytė, Nijolė	F
LT	PabebinskasS	Pabebinskas, S.	M
LT	PabedinskasSkirmantas	Pabedinskas, Skirmantas	M
LT	PabedinskienėA	Pabedinskienė, A.	F
LT	PabijonavičiūtėI	Pabijonavičiūtė, I.	F
LT	PacevičiusŽ	Pacevičius, Ž.	M
LT	PadaigaŽilvinas	Padaiga, Žilvinas	M
LT	PadegimasB	Padegimas, B.	M
LT	PajuodisA	Pajuodis, A.	M
LT	PakalnisR	Pakalnis, R.	M
LT	PakalniškisVytautas	Pakalniškis, Vytautas	M
LT	PakarklytėIeva	Pakarklytė, Ieva	F
LT	PaksasRolandas	Paksas, Rolandas	M
LT	PalaitisJ	Palaitis, J.	M
LT	PalaitisRaimundas	Palaitis, Raimundas	M
LT	PaldavičiusA	Paldavičius, A.	M
LT	PaleckisAlgirdas	Paleckis, Algirdas	M
LT	PaleckisJ	Paleckis, J.	M
LT	PaleckisJustasVincas	Paleckis, Justas Vincas	M
LT	PaleckisV	Paleckis, V.	M
LT	PalevičZdzislav	Palevič, Zdzislav	M
LT	PaliakasJ	Paliakas, J.	M
LT	PalijanskasM	Palijanskas, M.	M
LT	PaliokienėG	Paliokienė, G.	F
LT	PalionisAndrius	Palionis, Andrius	M
LT	PalionisJuozas	Palionis, Juozas	M
LT	PaliukasRaimundas	Paliukas, Raimundas	M
LT	PaliūnasVytautas	Paliūnas, Vytautas	M
LT	PalubinskasFeliksas	Palubinskas, Feliksas	M
LT	PaluckasGintautas	Paluckas, Gintautas	M
LT	PalysJ	Palys, J.	M
LT	PanamariovasJ	Panamariovas, J.	M
LT	PanamariovasR	Panamariovas, R.	M
LT	PancernaS	Pancerna, S.	M
LT	PangonisG	Pangonis, G.	M
LT	PangonisJonas	Pangonis, Jonas	M
LT	PankauskasJ	Pankauskas, J.	M
LT	PantiruT	Pantiru, T.	F
LT	PapinigisG	Papinigis, G.	M
LT	PapirtienėAušra	Papirtienė, Aušra	F
LT	PaplovskiA	Paplovski, A.	F
LT	PapovasPetras	Papovas, Petras	M
LT	ParubijA	Parubij, A.	M
LT	ParubijusA	Parubijus, A.	M
LT	PastusiakasL	Pastusiakas, L.	M
LT	PatackasA	Patackas, A.	M
LT	PatackasAlgirdasVaclovas	Patackas, Algirdas Vaclovas	M
LT	PaukštysKęstutisPovilas	Paukštys, Kęstutis Povilas	M
LT	PaukštėD	Paukštė, D.	M
LT	PaukštėDainiusPetras	Paukštė, Dainius Petras	M
LT	PaulauskaitėD	Paulauskaitė, D.	F
LT	PaulauskasArtūras	Paulauskas, Artūras	M
LT	PaulauskasRolandas	Paulauskas, Rolandas	M
LT	PaulikasA	Paulikas, A.	M
LT	PaulikasV	Paulikas, V.	M
LT	PaunksnisM	Paunksnis, M.	M
LT	PaunksnisV	Paunksnis, V.	M
LT	PaužaBronius	Pauža, Bronius	M
LT	PaužaD	Pauža, D.	M
LT	PavalkisD	Pavalkis, D.	M
LT	PavilionienėA	Pavilionienė, A.	F
LT	PavilionienėMarijaAušrinė	Pavilionienė, Marija Aušrinė	F
LT	PavilionisRolandas	Pavilionis, Rolandas	M
LT	PavilionisŽygimantas	Pavilionis, Žygimantas	M
LT	PavilonisA	Pavilonis, A.	M
LT	PavilonisV	Pavilonis, V.	M
LT	PaviržisGediminasAdolfas	Paviržis, Gediminas Adolfas	M
LT	PašilisE	Pašilis, E.	M
LT	PaškevičiusA	Paškevičius, A.	M
LT	PaškevičiusP	Paškevičius, P.	M
LT	PažarskisA	Pažarskis, A.	F
LT	PekeliūnasAlfredas	Pekeliūnas, Alfredas	M
LT	PeleckienėV	Peleckienė, V.	F
LT	PenkauskasA	Penkauskas, A.	M
LT	PerkauskasA	Perkauskas, A.	M
LT	PerkauskienėI	Perkauskienė, I.	F
LT	PetkevičB	Petkevič, B.	M
LT	PetkevičienėJ	Petkevičienė, J.	F
LT	PetkevičiusP	Petkevičius, P.	M
LT	PetkevičiusVytautas	Petkevičius, Vytautas	M
LT	PetkusAlmantas	Petkus, Almantas	M
LT	PetkusV	Petkus, V.	M
LT	PetrauskaitėD	Petrauskaitė, D.	F
LT	PetrauskasA	Petrauskas, A.	M
LT	PetrauskasM	Petrauskas, M.	M
LT	PetrauskasO	Petrauskas, O.	M
LT	PetrauskasR	Petrauskas, R.	M
LT	PetrauskasValdas	Petrauskas, Valdas	M
LT	PetrauskasZ	Petrauskas, Z.	M
LT	PetrauskienėJ	Petrauskienė, J.	F
LT	PetrauskienėMilda	Petrauskienė, Milda	F
LT	PetrauskienėRasa	Petrauskienė, Rasa	F
LT	PetrauskisK	Petrauskis, K.	M
LT	PetrikisR	Petrikis, R.	M
LT	PetrikisS	Petrikis, S.	M
LT	PetrikisSimasRamutis	Petrikis, Simas Ramutis	M
LT	PetronisR	Petronis, R.	M
LT	PetrovasEugenijus	Petrovas, Eugenijus	M
LT	PetrošienėElena	Petrošienė, Elena	F
LT	PetrošiusAudrius	Petrošius, Audrius	M
LT	PetrošiusDarius	Petrošius, Darius	M
LT	PetrulisDomas	Petrulis, Domas	M
LT	PetrusevičiusAlgirdas	Petrusevičius, Algirdas	M
LT	PetrušauskienėJ	Petrušauskienė, J.	F
LT	PetrylaitėD	Petrylaitė, D.	F
LT	PečeliūnasSaulius	Pečeliūnas, Saulius	M
LT	PečiulisG	Pečiulis, G.	M
LT	PečkauskasA	Pečkauskas, A.	M
LT	PeškaitisA	Peškaitis, A.	M
LT	PeškoStanislavas	Peško, Stanislavas	M
LT	PfefferJ	Pfeffer, J.	F
LT	PiesliakasA	Piesliakas, A.	M
LT	PiesliakasV	Piesliakas, V.	M
LT	PietkiewiczBeata	Pietkiewicz, Beata	F
LT	PikelisA	Pikelis, A.	M
LT	PikiotasA	Pikiotas, A.	M
LT	PikturnaVirginijus	Pikturna, Virginijus	M
LT	PilipavičienėV	Pilipavičienė, V.	F
LT	PiličiauskasR	Piličiauskas, R.	M
LT	PinskusJonas	Pinskus, Jonas	M
LT	PirožkovSergej	Pirožkov, Sergej	M
LT	PitrėnienėAudronė	Pitrėnienė, Audronė	F
LT	PitrėnienėN	Pitrėnienė, N.	F
LT	PiurkoE	Piurko, E.	F
LT	PivoriūnasA	Pivoriūnas, A.	M
LT	PivoriūnasV	Pivoriūnas, V.	M
LT	PiškinaitėN	Piškinaitė, N.	F
LT	PlankisJ	Plankis, J.	F
LT	PlatelisK	Platelis, K.	M
LT	PleikysRimantas	Pleikys, Rimantas	M
LT	PlečkaitisVytautasPetras	Plečkaitis, Vytautas Petras	M
LT	PlokštoArtur	Plokšto, Artur	M
LT	PluktasM	Pluktas, M.	M
LT	PlumpaP	Plumpa, P.	M
LT	PlūkasM	Plūkas, M.	M
LT	PocienėR	Pocienė, R.	F
LT	PociusAlgirdas	Pocius, Algirdas	M
LT	PociusR	Pocius, R.	M
LT	PociusZigmantas	Pocius, Zigmantas	M
LT	PociūnienėLiuda	Pociūnienė, Liuda	F
LT	PoderisV	Poderis, V.	M
LT	PoderysVirgilijus	Poderys, Virgilijus	M
LT	PoderytėP	Poderytė, P.	F
LT	PodestaG	Podesta, G.	F
LT	PoliūnasV	Poliūnas, V.	M
LT	PolkštoA	Polkšto, A.	M
LT	PonckusM	Ponckus, M.	M
LT	PoniškaitisA	Poniškaitis, A.	M
LT	PonomariovasV	Ponomariovas, V.	M
LT	PoplavskiAleksander	Poplavski, Aleksander	M
LT	PoplavskiP	Poplavski, P.	M
LT	PopovasVasilijus	Popovas, Vasilijus	M
LT	PopovienėRaminta	Popovienė, Raminta	F
LT	PopovienėV	Popovienė, V.	F
LT	PotteringasH	Potteringas, H.	M
LT	PovilaitienėO	Povilaitienė, O.	F
LT	PovilaitisP	Povilaitis, P.	M
LT	PovilaitisR	Povilaitis, R.	M
LT	PovilaitisZigmas	Povilaitis, Zigmas	M
LT	PovilionisVidmantas	Povilionis, Vidmantas	M
LT	PočikovskaLeokadija	Počikovska, Leokadija	F
LT	PoškienėJ	Poškienė, J.	F
LT	PoškusA	Poškus, A.	M
LT	PoškusPetras	Poškus, Petras	M
LT	PoželaJuras	Požela, Juras	M
LT	PožėraA	Požėra, A.	M
LT	PožėraV	Požėra, V.	M
LT	PranckevičiusA	Pranckevičius, A.	M
LT	PranckietisViktoras	Pranckietis, Viktoras	M
LT	PranevičiusVincentas	Pranevičius, Vincentas	M
LT	Pranytė-zalieckienėD	Pranytė-Zalieckienė, D.	F
LT	PrapiestisJonas	Prapiestis, Jonas	M
LT	PrialgauskienėG	Prialgauskienė, G.	F
LT	PričkaitytėJ	Pričkaitytė, J.	F
LT	ProdiR	Prodi, R.	M
LT	PronckusMykolas	Pronckus, Mykolas	M
LT	PrudnikovasVladimiras	Prudnikovas, Vladimiras	M
LT	PrunskienK	Prunskien, K.	M
LT	PrunskienėKazimiraDanutė	Prunskienė, Kazimira Danutė	F
LT	PuidokasMindaugas	Puidokas, Mindaugas	M
LT	PukanasisR	Pukanasis, R.	M
LT	PuksasA	Puksas, A.	M
LT	PukštoA	Pukšto, A.	M
LT	PulokasAlfonsas	Pulokas, Alfonsas	M
LT	PulokasG	Pulokas, G.	M
LT	PulokasV	Pulokas, V.	M
LT	PumputienėV	Pumputienė, V.	F
LT	PumputisA	Pumputis, A.	M
LT	PundziusJ	Pundzius, J.	M
LT	PuodžiukasA	Puodžiukas, A.	M
LT	PuodžiusJ	Puodžius, J.	M
LT	PuodžiusR	Puodžius, R.	M
LT	PupinisEdmundas	Pupinis, Edmundas	M
LT	PupkevičiusX	Pupkevičius, X.	M
LT	PupkovasB	Pupkovas, B.	F
LT	PuplauskasVytautasAdolfas	Puplauskas, Vytautas Adolfas	M
LT	PurlysE	Purlys, E.	M
LT	PurvaneckienėGiedrė	Purvaneckienė, Giedrė	F
LT	PustobajevasM	Pustobajevas, M.	F
LT	PuteikisNaglis	Puteikis, Naglis	M
LT	PutinaitėN	Putinaitė, N.	F
LT	PutvinskisV	Putvinskis, V.	M
LT	PuškorienėD	Puškorienė, D.	F
LT	PužauskasR	Pužauskas, R.	M
LT	PėdnyčiaK	Pėdnyčia, K.	M
LT	PėstininkasA	Pėstininkas, A.	M
LT	PūkasKęstutis	Pūkas, Kęstutis	M
LT	PūrasD	Pūras, D.	M
LT	QuanrudP	Quanrud, P.	F
LT	RadavičienėR	Radavičienė, R.	F
LT	RadavičiusV	Radavičius, V.	M
LT	RadišauskienėE	Radišauskienė, E.	F
LT	RadušysA	Radušys, A.	F
LT	RadušytėE	Radušytė, E.	F
LT	RadzevičienėA	Radzevičienė, A.	F
LT	RadzevičiūtėA	Radzevičiūtė, A.	F
LT	RadčenkoA	Radčenko, A.	M
LT	RadžvilasV	Radžvilas, V.	M
LT	RagauskasA	Ragauskas, A.	M
LT	RagauskasJ	Ragauskas, J.	M
LT	RaguckasJ	Raguckas, J.	M
LT	RailaitėA	Railaitė, A.	F
LT	RainysG	Rainys, G.	M
LT	RaistenskisJuozas	Raistenskis, Juozas	M
LT	RaišuotisEveristas	Raišuotis, Everistas	M
LT	RajalaM	Rajala, M.	F
LT	RajeckasR	Rajeckas, R.	M
LT	RajeckasRaimundasLeonas	Rajeckas, Raimundas Leonas	M
LT	RajičiusP	Rajičius, P.	M
LT	RakauskienėA	Rakauskienė, A.	F
LT	RakickasV	Rakickas, V.	M
LT	RakutisValdas	Rakutis, Valdas	M
LT	RalysP	Ralys, P.	M
LT	Ramanauskaitė-skokauskienėAuksutė	Ramanauskaitė-Skokauskienė, Auksutė	F
LT	Ramanauskaitė-tiumenevienėG	Ramanauskaitė-Tiumenevienė, G.	F
LT	RamanauskaitėG	Ramanauskaitė, G.	F
LT	RamanauskasAlvydas	Ramanauskas, Alvydas	M
LT	RamanauskasJ	Ramanauskas, J.	M
LT	RamanauskasR	Ramanauskas, R.	M
LT	RamanavičiusA	Ramanavičius, A.	M
LT	RamelisKonstantas	Ramelis, Konstantas	M
LT	RamonaitėA	Ramonaitė, A.	F
LT	RamonaitėM	Ramonaitė, M.	F
LT	RamonasA	Ramonas, A.	M
LT	RamonasGintaras	Ramonas, Gintaras	M
LT	RamonasJonas	Ramonas, Jonas	M
LT	RangėJ	Rangė, J.	F
LT	RanonisV	Ranonis, V.	M
LT	RapolasE	Rapolas, E.	M
LT	RapšasM	Rapšas, M.	M
LT	Rasimas-rasimavičiusL	Rasimas-Rasimavičius, L.	M
LT	RasimasJ	Rasimas, J.	M
LT	RasimavičiusLiudvikasNarcizas	Rasimavičius, Liudvikas Narcizas	M
LT	RasimavičiusN	Rasimavičius, N.	M
LT	RasimavičiusP	Rasimavičius, P.	M
LT	RasiulisA	Rasiulis, A.	M
LT	RaskevičiusTomasVytautas	Raskevičius, Tomas Vytautas	M
LT	RaslanasA	Raslanas, A.	M
LT	RastauskienėR	Rastauskienė, R.	F
LT	RastenisVytautas	Rastenis, Vytautas	M
LT	RatkevičiusK	Ratkevičius, K.	M
LT	RatkevičiūtėB	Ratkevičiūtė, B.	M
LT	RaudonienėD	Raudonienė, D.	F
LT	RaudonisA	Raudonis, A.	M
LT	RaudonisJ	Raudonis, J.	M
LT	RaudoniusA	Raudonius, A.	M
LT	RaugalasE	Raugalas, E.	M
LT	RauličkytėA	Rauličkytė, A.	F
LT	RaulušaitisD	Raulušaitis, D.	M
LT	RazbadauskasA	Razbadauskas, A.	M
LT	RazmaJurgis	Razma, Jurgis	M
LT	RazmaLiudvikasSaulius	Razma, Liudvikas Saulius	M
LT	RazmaS	Razma, S.	M
LT	RazmukasP	Razmukas, P.	M
LT	RazumasV	Razumas, V.	M
LT	RazumkovasD	Razumkovas, D.	M
LT	RačasAntanas	Račas, Antanas	M
LT	RačinskienėE	Račinskienė, E.	F
LT	RačinskienėG	Račinskienė, G.	F
LT	RačkaukasA	Račkaukas, A.	M
LT	RačkauskasA	Račkauskas, A.	M
LT	RačkauskasJ	Račkauskas, J.	M
LT	RačkauskasR	Račkauskas, R.	M
LT	RačkauskasV	Račkauskas, V.	M
LT	RaškinisA	Raškinis, A.	M
LT	RaškinisArimantasJuvencijus	Raškinis, Arimantas Juvencijus	M
LT	RažauskasAlgirdas	Ražauskas, Algirdas	M
LT	RažinskaitėV	Ražinskaitė, V.	F
LT	RažukasR	Ražukas, R.	M
LT	RažukasVirginijus	Ražukas, Virginijus	M
LT	RedingV	Reding, V.	F
LT	RekertaR	Rekerta, R.	F
LT	RemeikaRimantas	Remeika, Rimantas	M
LT	ReznikovasM	Reznikovas, M.	M
LT	RibokaitėL	Ribokaitė, L.	F
LT	RibokienėN	Ribokienė, N.	F
LT	RidikasA	Ridikas, A.	M
LT	RiepšasJ	Riepšas, J.	M
LT	RimasAlgis	Rimas, Algis	M
LT	RimkevičiusA	Rimkevičius, A.	M
LT	RimkevičiusD	Rimkevičius, D.	M
LT	RimkusJuozas	Rimkus, Juozas	M
LT	RimkusKęstutis	Rimkus, Kęstutis	M
LT	RimkūnasA	Rimkūnas, A.	M
LT	RimkūnasJ	Rimkūnas, J.	M
LT	RimšaE	Rimša, E.	M
LT	RimšaG	Rimša, G.	M
LT	RimšelisE	Rimšelis, E.	M
LT	RimšelisKlemensas	Rimšelis, Klemensas	M
LT	RinkeviV	Rinkevi, V.	M
LT	RinkevičiusViktoras	Rinkevičius, Viktoras	M
LT	RitsatakisA	Ritsatakis, A.	M
LT	RivlinR	Rivlin, R.	M
LT	RobertsonasG	Robertsonas, G.	M
LT	RobinsonM	Robinson, M.	F
LT	RojakaJ	Rojaka, J.	F
LT	RojutėS	Rojutė, S.	F
LT	RokickienėG	Rokickienė, G.	F
LT	RopėBronis	Ropė, Bronis	M
LT	RoseL	Rose, L.	F
LT	RosenasA	Rosenas, A.	M
LT	RosentalI	Rosental, I.	M
LT	RosinasA	Rosinas, A.	M
LT	RozovaIrina	Rozova, Irina	F
LT	RubinovasA	Rubinovas, A.	M
LT	RudaitisN	Rudaitis, N.	M
LT	RudalevičiusJ	Rudalevičius, J.	M
LT	RudelienėEdita	Rudelienė, Edita	F
LT	RudomotkinaO	Rudomotkina, O.	M
LT	RudysAudrius	Rudys, Audrius	M
LT	RudzikasZ	Rudzikas, Z.	M
LT	RudzinskasA	Rudzinskas, A.	M
LT	RudzkisR	Rudzkis, R.	F
LT	RudzysRomualdas	Rudzys, Romualdas	M
LT	RudėnaitėS	Rudėnaitė, S.	F
LT	RukšėnasR	Rukšėnas, R.	M
LT	Ruokytė-jonssonL	Ruokytė-Jonsson, L.	F
LT	RupeikaBenediktasVilmantas	Rupeika, Benediktas Vilmantas	M
LT	RupeikaV	Rupeika, V.	M
LT	RupšysV	Rupšys, V.	M
LT	RupšytėA	Rupšytė, A.	F
LT	RusakevičiusA	Rusakevičius, A.	M
LT	RusilasI	Rusilas, I.	M
LT	RutkauskasG	Rutkauskas, G.	M
LT	RutkelytėRūta	Rutkelytė, Rūta	F
LT	RutkūnasT	Rutkūnas, T.	M
LT	RuutelA	Ruutel, A.	F
LT	RuzasRimantas	Ruzas, Rimantas	M
LT	RučysRimasAntanas	Ručys, Rimas Antanas	M
LT	RuškytėR	Ruškytė, R.	F
LT	RybakasJ	Rybakas, J.	M
LT	SabaitienėL	Sabaitienė, L.	F
LT	SabaliauskaitėK	Sabaliauskaitė, K.	F
LT	SabaliauskasR	Sabaliauskas, R.	M
LT	SabatauskaitėB	Sabatauskaitė, B.	F
LT	SabatauskasJulius	Sabatauskas, Julius	M
LT	SabutisEugenijus	Sabutis, Eugenijus	M
LT	SabutisLiudvikas	Sabutis, Liudvikas	M
LT	SabutisM	Sabutis, M.	M
LT	SabutsL	Sabuts, L.	F
LT	SacharukAleksandr	Sacharuk, Aleksandr	M
LT	SadauskasV	Sadauskas, V.	M
LT	SadeckasAlvydas	Sadeckas, Alvydas	M
LT	SadeckasD	Sadeckas, D.	M
LT	SadeikienėJoanaDanguolė	Sadeikienė, Joana Danguolė	F
LT	SadkauskasAlgirdas	Sadkauskas, Algirdas	M
LT	SadūnaitėN	Sadūnaitė, N.	F
LT	SagatysG	Sagatys, G.	M
LT	SajaKazimieras	Saja, Kazimieras	M
LT	SajytėL	Sajytė, L.	F
LT	SakadolskienėE	Sakadolskienė, E.	F
LT	Sakalaitė-jonaitienėR	Sakalaitė-Jonaitienė, R.	F
LT	SakalasAloyzas	Sakalas, Aloyzas	M
LT	SakalauskasE	Sakalauskas, E.	M
LT	SakalauskasG	Sakalauskas, G.	M
LT	SakalauskasR	Sakalauskas, R.	M
LT	SakalauskienėA	Sakalauskienė, A.	F
LT	SakalauskienėG	Sakalauskienė, G.	F
LT	SakelaropuluK	Sakelaropulu, K.	F
LT	SaladžienėA	Saladžienė, A.	F
LT	SalamakinasAlgimantas	Salamakinas, Algimantas	M
LT	SalukvadzėK	Salukvadzė, K.	F
LT	SampaioJ	Sampaio, J.	F
LT	SamuolisD	Samuolis, D.	M
LT	SankauskaitėV	Sankauskaitė, V.	F
LT	SapiegaA	Sapiega, A.	M
LT	SarapinasV	Sarapinas, V.	M
LT	SargūnasRičardas	Sargūnas, Ričardas	M
LT	SasnauskasJ	Sasnauskas, J.	M
LT	SaudargasAlgirdas	Saudargas, Algirdas	M
LT	SaudargasPaulius	Saudargas, Paulius	M
LT	SaulaitisA	Saulaitis, A.	M
LT	SaulisVytautas	Saulis, Vytautas	M
LT	Saunoriūtė-mušikV	Saunoriūtė-Mušik, V.	F
LT	SaviT	Savi, T.	F
LT	SavickasEimundas	Savickas, Eimundas	M
LT	SavickasLukas	Savickas, Lukas	M
LT	ScalfaroO	Scalfaro, O.	M
LT	SchipanskiD	Schipanski, D.	F
LT	SchmiegelowH	Schmiegelow, H.	M
LT	SchumannK	Schumann, K.	F
LT	SedlickasRomanasAlgimantas	Sedlickas, Romanas Algimantas	M
LT	SegalovičienėI	Segalovičienė, I.	F
LT	SejonienėJurgita	Sejonienė, Jurgita	F
LT	SekmokasA	Sekmokas, A.	M
LT	SelezniovasG	Selezniovas, G.	M
LT	SemaškaA	Semaška, A.	M
LT	SemenovičZbignev	Semenovič, Zbignev	M
LT	SemenovičiusZ	Semenovičius, Z.	F
LT	SemeškaV	Semeška, V.	M
LT	SenapėdisR	Senapėdis, R.	M
LT	SenkevičJan	Senkevič, Jan	M
LT	SenkevičiusJ	Senkevičius, J.	M
LT	SenovaitisR	Senovaitis, R.	M
LT	SenvaitisV	Senvaitis, V.	M
LT	SerapinasV	Serapinas, V.	M
LT	SereikaAlbertas	Sereika, Albertas	M
LT	SesickasL	Sesickas, L.	M
LT	SezerA	Sezer, A.	F
LT	ShimkusJ	Shimkus, J.	M
LT	SidzikauskasV	Sidzikauskas, V.	M
LT	SikorskisRomualdas	Sikorskis, Romualdas	M
LT	SilickasV	Silickas, V.	M
LT	SilveiraC	Silveira, C.	F
LT	SimanaitisE	Simanaitis, E.	M
LT	SimniškisA	Simniškis, A.	M
LT	SimonaitienėS	Simonaitienė, S.	F
LT	SimonaitisE	Simonaitis, E.	M
LT	SimonaitytėŽ	Simonaitytė, Ž.	F
LT	SimonavičiusJ	Simonavičius, J.	M
LT	SimulikValerijus	Simulik, Valerijus	M
LT	SimulikasV	Simulikas, V.	M
LT	SimutisLiudvikas	Simutis, Liudvikas	M
LT	SindalasN	Sindalas, N.	M
LT	SinevičiusA	Sinevičius, A.	M
LT	SinkevičiusJ	Sinkevičius, J.	M
LT	SinkevičiusM	Sinkevičius, M.	M
LT	SinkevičiusRimantas	Sinkevičius, Rimantas	M
LT	SinkevičiusVirginijus	Sinkevičius, Virginijus	M
LT	SinkievičiusJ	Sinkievičius, J.	M
LT	SipavičienėA	Sipavičienė, A.	F
LT	SirvydisA	Sirvydis, A.	M
LT	SirvydisJ	Sirvydis, J.	M
LT	SitvaraV	Sitvara, V.	M
LT	SivickisKazys	Sivickis, Kazys	M
LT	SivilevičienėV	Sivilevičienė, V.	F
LT	SkaisgirisP	Skaisgiris, P.	M
LT	Skaisgirytė-liauškienėA	Skaisgirytė-Liauškienė, A.	F
LT	SkaisgirytėA	Skaisgirytė, A.	F
LT	SkaistėGintarė	Skaistė, Gintarė	F
LT	SkamarakasKęstutis	Skamarakas, Kęstutis	M
LT	SkapcevičiusV	Skapcevičius, V.	M
LT	SkarbaliusA	Skarbalius, A.	M
LT	SkarbaliusEgidijus	Skarbalius, Egidijus	M
LT	SkarbaliusValdas	Skarbalius, Valdas	M
LT	SkardžiusArtūras	Skardžius, Artūras	M
LT	SkardžiusP	Skardžius, P.	M
LT	SkardžiuvienėA	Skardžiuvienė, A.	F
LT	SkarupskasM	Skarupskas, M.	M
LT	SkačkauskasJ	Skačkauskas, J.	M
LT	SkeberdienėL	Skeberdienė, L.	F
LT	SkendelisL	Skendelis, L.	M
LT	SkikasA	Skikas, A.	M
LT	SkirmantasV	Skirmantas, V.	M
LT	SkrebysKęstutis	Skrebys, Kęstutis	M
LT	SkripėtaA	Skripėta, A.	F
LT	SkritulskasMindaugas	Skritulskas, Mindaugas	M
LT	SkruibisP	Skruibis, P.	M
LT	SkuodisM	Skuodis, M.	M
LT	SkuodisV	Skuodis, V.	M
LT	SkusevičiusD	Skusevičius, D.	M
LT	SkučaitėD	Skučaitė, D.	F
LT	SkučasD	Skučas, D.	M
LT	SkvernelisSaulius	Skvernelis, Saulius	M
LT	SlapšysR	Slapšys, R.	M
LT	SlautaG	Slauta, G.	M
LT	SlautaS	Slauta, S.	M
LT	SlavickasSigitas	Slavickas, Sigitas	M
LT	SlušnysLinas	Slušnys, Linas	M
LT	SmetonaRimantas	Smetona, Rimantas	M
LT	SmetonienėI	Smetonienė, I.	F
LT	SmilgevičiusK	Smilgevičius, K.	M
LT	SmirnovasKęstutis	Smirnovas, Kęstutis	M
LT	SmirnovienėZ	Smirnovienė, Z.	F
LT	SnežkoKarolis	Snežko, Karolis	M
LT	SniegurasM	Snieguras, M.	F
LT	SodeikaG	Sodeika, G.	M
LT	SokolovasJ	Sokolovas, J.	M
LT	SondeckisS	Sondeckis, S.	M
LT	SongailaGintaras	Songaila, Gintaras	M
LT	SorokienėZ	Sorokienė, Z.	F
LT	SpanoR	Spano, R.	F
LT	SpiečiusA	Spiečius, A.	M
LT	SpruogisA	Spruogis, A.	M
LT	SpėčiusS	Spėčius, S.	M
LT	SpūdienėA	Spūdienė, A.	F
LT	StabingisR	Stabingis, R.	M
LT	StacevičiusLauras	Stacevičius, Lauras	M
LT	StakauskasB	Stakauskas, B.	M
LT	StakelienėR	Stakelienė, R.	F
LT	StakvilevičiusMindaugas	Stakvilevičius, Mindaugas	M
LT	StaliliūnaitėR	Staliliūnaitė, R.	F
LT	StaliūnasD	Staliūnas, D.	M
LT	StaliūnasS	Staliūnas, S.	M
LT	StaliūnienėG	Staliūnienė, G.	F
LT	StancevičiusA	Stancevičius, A.	F
LT	StancikasE	Stancikas, E.	M
LT	StancikienėAurelija	Stancikienė, Aurelija	F
LT	StanevičiusJonas	Stanevičius, Jonas	M
LT	StanevičiusZ	Stanevičius, Z.	M
LT	StanikasT	Stanikas, T.	M
LT	StanikasV	Stanikas, V.	M
LT	StanikūnasA	Stanikūnas, A.	M
LT	StanikūnasD	Stanikūnas, D.	M
LT	StanikūnasR	Stanikūnas, R.	M
LT	StanionisK	Stanionis, K.	M
LT	StanislovaitisA	Stanislovaitis, A.	M
LT	StaniuvienėLevutė	Staniuvienė, Levutė	F
LT	StankevičVaclav	Stankevič, Vaclav	M
LT	StankevičienėI	Stankevičienė, I.	F
LT	StankevičiusLaurynasMindaugas	Stankevičius, Laurynas Mindaugas	M
LT	StankevičiusM	Stankevičius, M.	M
LT	StankevičiusR	Stankevičius, R.	M
LT	StankevičiusV	Stankevičius, V.	M
LT	StankevičiusČ	Stankevičius, Č.	M
LT	StankevičiusČeslovasVytautas	Stankevičius, Česlovas Vytautas	M
LT	Stankevičiūtė-vilimienėR	Stankevičiūtė-Vilimienė, R.	F
LT	StankūnasM	Stankūnas, M.	M
LT	StankūnienėV	Stankūnienė, V.	F
LT	StančikasAndriejus	Stančikas, Andriejus	M
LT	StaponkienėAldona	Staponkienė, Aldona	F
LT	StaponkusD	Staponkus, D.	M
LT	StarkevičiusKazys	Starkevičius, Kazys	M
LT	StarkevičiūtėM	Starkevičiūtė, M.	F
LT	StasiukynasA	Stasiukynas, A.	M
LT	StasiulevičiusA	Stasiulevičius, A.	M
LT	StasiulevičiusAlfredasHenrikas	Stasiulevičius, Alfredas Henrikas	M
LT	StasiulevičiusS	Stasiulevičius, S.	M
LT	StasiškisA	Stasiškis, A.	M
LT	StasiškisAntanasNapoleonas	Stasiškis, Antanas Napoleonas	M
LT	StasiūnaitėVida	Stasiūnaitė, Vida	F
LT	StasiūnatėV	Stasiūnatė, V.	M
LT	StasulevičiusA	Stasulevičius, A.	F
LT	StatkauskasB	Statkauskas, B.	M
LT	StatkusM	Statkus, M.	M
LT	StaugaitienėT	Staugaitienė, T.	F
LT	StačiokasStasys	Stačiokas, Stasys	M
LT	StašaitisJ	Stašaitis, J.	M
LT	StažysS	Stažys, S.	F
LT	StefančukR	Stefančuk, R.	M
LT	SteiblienėD	Steiblienė, D.	F
LT	SteiblienėNijolė	Steiblienė, Nijolė	F
LT	StephanopoulosC	Stephanopoulos, C.	M
LT	SteponavičienėG	Steponavičienė, G.	F
LT	SteponavičiusGintaras	Steponavičius, Gintaras	M
LT	StettenW	Stetten, W.	F
LT	StettenasV	Stettenas, V.	M
LT	StirblytėArūnė	Stirblytė, Arūnė	F
LT	StomaSaulius	Stoma, Saulius	M
LT	StončaitisAlgirdas	Stončaitis, Algirdas	M
LT	StoškienėL	Stoškienė, L.	F
LT	StoškusK	Stoškus, K.	M
LT	StraumėJ	Straumė, J.	F
LT	StreikusZenonas	Streikus, Zenonas	M
LT	StrelčiūnasAlgis	Strelčiūnas, Algis	M
LT	StriaukasA	Striaukas, A.	M
LT	StriaukasG	Striaukas, G.	M
LT	StripeikaS	Stripeika, S.	F
LT	StripeikienėJ	Stripeikienė, J.	F
LT	StrolysM	Strolys, M.	M
LT	StruzikasA	Struzikas, A.	M
LT	StukasG	Stukas, G.	M
LT	StukėnasG	Stukėnas, G.	M
LT	StulpinienėIlona	Stulpinienė, Ilona	F
LT	StundisV	Stundis, V.	F
LT	StundysValentinas	Stundys, Valentinas	M
LT	StungysK	Stungys, K.	F
LT	SubačiusG	Subačius, G.	M
LT	SubačiusMindaugas	Subačius, Mindaugas	M
LT	SubočValentina	Suboč, Valentina	F
LT	SukiesenienėD	Sukiesenienė, D.	F
LT	SuncovienėOna	Suncovienė, Ona	F
LT	SurblysJ	Surblys, J.	M
LT	SurplienėE	Surplienė, E.	F
LT	SurplysGiedrius	Surplys, Giedrius	M
LT	SurvilaJ	Survila, J.	M
LT	SurvilaR	Survila, R.	M
LT	SurvilaRimvydasRaimondas	Survila, Rimvydas Raimondas	M
LT	SurvilienėA	Survilienė, A.	F
LT	SvalenasF	Svalenas, F.	M
LT	SvarauskasA	Svarauskas, A.	M
LT	SvarinskasAlfonsas	Svarinskas, Alfonsas	M
LT	SvetikaitėR	Svetikaitė, R.	F
LT	SvetikasŽ	Svetikas, Ž.	M
LT	SvetlikovskisS	Svetlikovskis, S.	F
LT	SvetulevičiusA	Svetulevičius, A.	M
LT	SvetulevičiusV	Svetulevičius, V.	M
LT	SviderskisV	Sviderskis, V.	M
LT	SvitojusA	Svitojus, A.	M
LT	SysasAlgirdas	Sysas, Algirdas	M
LT	SysaslsdpfA	Sysaslsdpf, A.	M
LT	SziliK	Szili, K.	F
LT	SėjūnasAlgimantas	Sėjūnas, Algimantas	M
LT	TalmontLeonard	Talmont, Leonard	M
LT	TalutisT	Talutis, T.	M
LT	TamašauskasErikas	Tamašauskas, Erikas	M
LT	TamašauskienėJ	Tamašauskienė, J.	F
LT	TamašunienėRita	Tamašunienė, Rita	F
LT	TaminskasA	Taminskas, A.	M
LT	TamkevičiusS	Tamkevičius, S.	M
LT	TamošauskasR	Tamošauskas, R.	M
LT	Tamošiūnaitė-budrėDaiva	Tamošiūnaitė-Budrė, Daiva	F
LT	TamošiūnaitėS	Tamošiūnaitė, S.	F
LT	TamošiūnasGintaras	Tamošiūnas, Gintaras	M
LT	TamošiūnasR	Tamošiūnas, R.	M
LT	TamošiūnienėE	Tamošiūnienė, E.	F
LT	TamulevičiusT	Tamulevičius, T.	M
LT	TamulisJonas	Tamulis, Jonas	M
LT	TaparauskasM	Taparauskas, M.	M
LT	TapinasL	Tapinas, L.	M
LT	TarailienėD	Tarailienė, D.	F
LT	TargamadzėVilija	Targamadzė, Vilija	F
LT	TarmakasM	Tarmakas, M.	M
LT	TarnauskasM	Tarnauskas, M.	M
LT	TartilasJuozapas	Tartilas, Juozapas	M
LT	TauginienėL	Tauginienė, L.	F
LT	TaurantasAurimas	Taurantas, Aurimas	M
LT	TaurasAlgimantasPovilas	Tauras, Algimantas Povilas	M
LT	TeišerskytėDalia	Teišerskytė, Dalia	F
LT	TempestaF	Tempesta, F.	F
LT	TerebeizaŽ	Terebeiza, Ž.	M
LT	TerleckasA	Terleckas, A.	M
LT	TerleckasVladas	Terleckas, Vladas	M
LT	ThierseW	Thierse, W.	F
LT	ThurdinG	Thurdin, G.	M
LT	TiažkijusV	Tiažkijus, V.	F
LT	TiesnesienėE	Tiesnesienė, E.	F
LT	TikniūtėA	Tikniūtė, A.	F
LT	TilindienėA	Tilindienė, A.	F
LT	TomaševičEdvard	Tomaševič, Edvard	M
LT	TomaševičiusJ	Tomaševičius, J.	M
LT	TomaševskiValdemar	Tomaševski, Valdemar	M
LT	TomaševskisV	Tomaševskis, V.	M
LT	TomcicZ	Tomcic, Z.	F
LT	TomilinasTomas	Tomilinas, Tomas	M
LT	TomkusŽ	Tomkus, Ž.	M
LT	TracevičiusK	Tracevičius, K.	M
LT	TradišauskasG	Tradišauskas, G.	F
LT	TrainauskaitėN	Trainauskaitė, N.	F
LT	TrakimienėO	Trakimienė, O.	F
LT	TrapikasKęstutis	Trapikas, Kęstutis	M
LT	TreinysMečislovas	Treinys, Mečislovas	M
LT	TretjakovValerij	Tretjakov, Valerij	M
LT	TrečiokasK	Trečiokas, K.	M
LT	TrinkūnasD	Trinkūnas, D.	M
LT	TrumpaA	Trumpa, A.	F
LT	TruncėAurimas	Truncė, Aurimas	M
LT	TruskaL	Truska, L.	M
LT	TruskauskasZ	Truskauskas, Z.	M
LT	TubelytėM	Tubelytė, M.	F
LT	TubisK	Tubis, K.	M
LT	TugendatasT	Tugendatas, T.	M
LT	TumėnasStasys	Tumėnas, Stasys	M
LT	TupikasPranciškus	Tupikas, Pranciškus	M
LT	TurkD	Turk, D.	F
LT	TursaG	Tursa, G.	M
LT	TurčinasA	Turčinas, A.	M
LT	TurčinskasRimvydas	Turčinskas, Rimvydas	M
LT	TuskienėM	Tuskienė, M.	F
LT	TutkusV	Tutkus, V.	M
LT	TušasA	Tušas, A.	M
LT	TylaA	Tyla, A.	F
LT	UbavičiusL	Ubavičius, L.	M
LT	UdrisJ	Udris, J.	M
LT	UdrėnasN	Udrėnas, N.	M
LT	UikytėS	Uikytė, S.	F
LT	UlbaAlgimantasVincas	Ulba, Algimantas Vincas	M
LT	UlevičiusL	Ulevičius, L.	M
LT	UlickasDarius	Ulickas, Darius	M
LT	UlmanisG	Ulmanis, G.	M
LT	UmbrasasV	Umbrasas, V.	M
LT	UmbrasienėGema	Umbrasienė, Gema	F
LT	UndzėnasV	Undzėnas, V.	M
LT	UngulaitienėA	Ungulaitienė, A.	F
LT	UokaKazimieras	Uoka, Kazimieras	M
LT	UosisS	Uosis, S.	F
LT	UosukainenR	Uosukainen, R.	M
LT	UrbaitisR	Urbaitis, R.	M
LT	UrbanV	Urban, V.	F
LT	UrbanavičienėA	Urbanavičienė, A.	F
LT	UrbanavičienėD	Urbanavičienė, D.	F
LT	UrbanavičiusJustinas	Urbanavičius, Justinas	M
LT	UrbanavičiusS	Urbanavičius, S.	M
LT	UrbanovičJ	Urbanovič, J.	F
LT	UrbonaitėD	Urbonaitė, D.	F
LT	UrbonasA	Urbonas, A.	M
LT	UrbonasD	Urbonas, D.	M
LT	UrbonasSigitas	Urbonas, Sigitas	M
LT	UrbonasZ	Urbonas, Z.	M
LT	UrbonavičienėD	Urbonavičienė, D.	F
LT	UrbonavičiusS	Urbonavičius, S.	M
LT	UrbonienėI	Urbonienė, I.	F
LT	UrbšienėL	Urbšienė, L.	F
LT	UrbšysPovilas	Urbšys, Povilas	M
LT	UrmonasA	Urmonas, A.	M
LT	UrsulSergej	Ursul, Sergej	M
LT	UsonisV	Usonis, V.	M
LT	UspaskichViktor	Uspaskich, Viktor	M
LT	UspaskichasV	Uspaskichas, V.	M
LT	UtkusA	Utkus, A.	M
LT	UtovkaJurgis	Utovka, Jurgis	M
LT	UzelkaR	Uzelka, R.	F
LT	UzielaV	Uziela, V.	F
LT	UšackasV	Ušackas, V.	M
LT	UšpurasE	Ušpuras, E.	M
LT	UždavinysI	Uždavinys, I.	M
LT	UždavinysIgnacasStasys	Uždavinys, Ignacas Stasys	M
LT	UžkurnysI	Užkurnys, I.	M
LT	UžlytėZita	Užlytė, Zita	F
LT	UžpelkienėD	Užpelkienė, D.	F
LT	VadapalasV	Vadapalas, V.	M
LT	VadoklisV	Vadoklis, V.	M
LT	VagnoriusGediminas	Vagnorius, Gediminas	M
LT	VaicenavičiusR	Vaicenavičius, R.	F
LT	VaiciukevičiūtėA	Vaiciukevičiūtė, A.	F
LT	VaickienėJolita	Vaickienė, Jolita	F
LT	VaigauskasZ	Vaigauskas, Z.	M
LT	VainauskasJ	Vainauskas, J.	M
LT	VainienėR	Vainienė, R.	F
LT	VainiutėM	Vainiutė, M.	F
LT	VaitekūnasE	Vaitekūnas, E.	M
LT	VaitekūnasR	Vaitekūnas, R.	M
LT	VaitiekienėE	Vaitiekienė, E.	F
LT	VaitiekūnasPetras	Vaitiekūnas, Petras	M
LT	VaitiekūnasS	Vaitiekūnas, S.	M
LT	VaitkevičiusS	Vaitkevičius, S.	M
LT	VaitkevičiusT	Vaitkevičius, T.	M
LT	VaitkevičiusV	Vaitkevičius, V.	M
LT	VaitkienėR	Vaitkienė, R.	F
LT	VaitkusRomualdas	Vaitkus, Romualdas	M
LT	VaitkusV	Vaitkus, V.	M
LT	VaitukaitisKęstutis	Vaitukaitis, Kęstutis	M
LT	VaitukatisK	Vaitukatis, K.	F
LT	VaičaitisV	Vaičaitis, V.	M
LT	VaičaitisZ	Vaičaitis, Z.	M
LT	VaičekauskasGintaras	Vaičekauskas, Gintaras	M
LT	VaičeliūnasA	Vaičeliūnas, A.	M
LT	VaičiūnasŽ	Vaičiūnas, Ž.	M
LT	VaišnienėD	Vaišnienė, D.	F
LT	VaišnorasAlfonsas	Vaišnoras, Alfonsas	M
LT	VaišnysA	Vaišnys, A.	M
LT	VaišvilaZigmas	Vaišvila, Zigmas	M
LT	VaižmužisAlbinas	Vaižmužis, Albinas	M
LT	VakarinasA	Vakarinas, A.	M
LT	Valaitytė-špakauskienėI	Valaitytė-Špakauskienė, I.	F
LT	ValantinasA	Valantinas, A.	M
LT	ValančiusV	Valančius, V.	M
LT	ValasevičiusZ	Valasevičius, Z.	M
LT	ValatkaJonas	Valatka, Jonas	M
LT	ValatkaRimvydas	Valatka, Rimvydas	M
LT	ValensaL	Valensa, L.	M
LT	ValentasA	Valentas, A.	M
LT	ValentukevičiusR	Valentukevičius, R.	M
LT	ValentukevičiusV	Valentukevičius, V.	M
LT	ValeškaitėI	Valeškaitė, I.	F
LT	ValickasV	Valickas, V.	M
LT	ValinskasArūnas	Valinskas, Arūnas	M
LT	ValinskienėIngrida	Valinskienė, Ingrida	F
LT	ValionisAntanas	Valionis, Antanas	M
LT	ValionytėBirutė	Valionytė, Birutė	F
LT	ValiukevičiūtėOna	Valiukevičiūtė, Ona	F
LT	ValiulisA	Valiulis, A.	M
LT	ValiulisD	Valiulis, D.	M
LT	ValiūnasPetras	Valiūnas, Petras	M
LT	ValkiūnasValdemaras	Valkiūnas, Valdemaras	M
LT	ValysAntanas	Valys, Antanas	M
LT	ValysD	Valys, D.	M
LT	ValčiukasRimas	Valčiukas, Rimas	M
LT	ValčiukienėJ	Valčiukienė, J.	F
LT	VancevičiusS	Vancevičius, S.	M
LT	VansevičiusS	Vansevičius, S.	M
LT	VapšysA	Vapšys, A.	M
LT	VaranauskaitėJ	Varanauskaitė, J.	F
LT	VaranauskasPovilas	Varanauskas, Povilas	M
LT	VaranauskatėJ	Varanauskatė, J.	M
LT	VaraškaMantas	Varaška, Mantas	M
LT	VareikisEgidijus	Vareikis, Egidijus	M
LT	VarkalaJonas	Varkala, Jonas	M
LT	VarkalysJonas	Varkalys, Jonas	M
LT	VarnasH	Varnas, H.	M
LT	VaržgalysJuozas	Varžgalys, Juozas	M
LT	VasarienėD	Vasarienė, D.	F
LT	VasiliausiasV	Vasiliausias, V.	F
LT	VasiliauskasA	Vasiliauskas, A.	M
LT	VasiliauskasGediminas	Vasiliauskas, Gediminas	M
LT	VasiliauskasJ	Vasiliauskas, J.	M
LT	VasiliauskasValdas	Vasiliauskas, Valdas	M
LT	Vasilis-vasiliauskasE	Vasilis-Vasiliauskas, E.	M
LT	VasinauskaitėI	Vasinauskaitė, I.	F
LT	Vasylis-vasiliauskasE	Vasylis-Vasiliauskas, E.	M
LT	VazbysArtūras	Vazbys, Artūras	M
LT	VaškelisB	Vaškelis, B.	M
LT	VaškevičiūtėT	Vaškevičiūtė, T.	F
LT	VaštakasRimvydas	Vaštakas, Rimvydas	M
LT	VeilentienėA	Veilentienė, A.	F
LT	VelikijJ	Velikij, J.	M
LT	VelikonisVirmantas	Velikonis, Virmantas	M
LT	VeličkaDomininkas	Velička, Domininkas	M
LT	VeličkaM	Velička, M.	M
LT	VeličkaitėE	Veličkaitė, E.	F
LT	VenckienėNeringa	Venckienė, Neringa	F
LT	VenckusT	Venckus, T.	M
LT	VenckūnienėA	Venckūnienė, A.	F
LT	VenclovasRomas	Venclovas, Romas	M
LT	VengrisS	Vengris, S.	M
LT	VerbilaitėŽ	Verbilaitė, Ž.	F
LT	VerbylaitėŽ	Verbylaitė, Ž.	F
LT	VerheugenasG	Verheugenas, G.	M
LT	VeromėjusG	Veromėjus, G.	M
LT	VerseckasV	Verseckas, V.	M
LT	VertelienėVilija	Vertelienė, Vilija	F
LT	VerygaAurelijus	Veryga, Aurelijus	M
LT	VeselkaJulius	Veselka, Julius	M
LT	VeselkienėR	Veselkienė, R.	F
LT	VečkysR	Večkys, R.	M
LT	VickutėG	Vickutė, G.	F
LT	VidickasJ	Vidickas, J.	M
LT	VidutienėM	Vidutienė, M.	F
LT	VidžiūnasArvydas	Vidžiūnas, Arvydas	M
LT	VildaG	Vilda, G.	M
LT	VileitaA	Vileita, A.	M
LT	VilemasJ	Vilemas, J.	M
LT	VilimasVladas	Vilimas, Vladas	M
LT	VilimienėE	Vilimienė, E.	F
LT	VilkaitisR	Vilkaitis, R.	M
LT	VilkanauskasK	Vilkanauskas, K.	M
LT	VilkasEduardas	Vilkas, Eduardas	M
LT	VilkasPranas	Vilkas, Pranas	M
LT	VilkauskasKęstutis	Vilkauskas, Kęstutis	M
LT	VilkelisE	Vilkelis, E.	M
LT	VilkelisG	Vilkelis, G.	M
LT	VilpišauskasR	Vilpišauskas, R.	M
LT	VilutisV	Vilutis, V.	M
LT	VilčinskasA	Vilčinskas, A.	M
LT	VilūnasP	Vilūnas, P.	M
LT	VingrienėVirginija	Vingrienė, Virginija	F
LT	VinkusAntanas	Vinkus, Antanas	M
LT	VipartasŠ	Vipartas, Š.	M
LT	VipartienėR	Vipartienė, R.	F
LT	VirbalasL	Virbalas, L.	M
LT	VirbickasK	Virbickas, K.	M
LT	VirketisK	Virketis, K.	M
LT	VisakavičiusMarijonas	Visakavičius, Marijonas	M
LT	ViskontasE	Viskontas, E.	M
LT	VisockytėRamunė	Visockytė, Ramunė	F
LT	VisokavičienėBirutėTeodora	Visokavičienė, Birutė Teodora	F
LT	VisokavičiusR	Visokavičius, R.	M
LT	VitekE	Vitek, E.	F
LT	VitkauskasA	Vitkauskas, A.	M
LT	VitkauskasV	Vitkauskas, V.	M
LT	VitkevičiusA	Vitkevičius, A.	M
LT	VitkevičiusP	Vitkevičius, P.	M
LT	VitkevičiusPranciškusStanislavas	Vitkevičius, Pranciškus Stanislavas	M
LT	VitkusG	Vitkus, G.	M
LT	VizbarasK	Vizbaras, K.	M
LT	VišinskienėD	Višinskienė, D.	F
LT	VišinskisV	Višinskis, V.	M
LT	VobolevičiusV	Vobolevičius, V.	M
LT	VoldemarasR	Voldemaras, R.	M
LT	VolkerisK	Volkeris, K.	M
LT	VolskienėV	Volskienė, V.	F
LT	VolčiokVladimiras	Volčiok, Vladimiras	M
LT	VolčiokasV	Volčiokas, V.	M
LT	VonO	Von, O.	M
LT	VonžutaitėVitalija	Vonžutaitė, Vitalija	F
LT	VoznicaP	Voznica, P.	M
LT	VrubliauskasAlgirdas	Vrubliauskas, Algirdas	M
LT	VudasM	Vudas, M.	M
LT	Vykė-freibergaV	Vykė-Freiberga, V.	F
LT	VyšniauskasAndrius	Vyšniauskas, Andrius	M
LT	VyšniauskasG	Vyšniauskas, G.	M
LT	VyšniauskasV	Vyšniauskas, V.	M
LT	VėbraE	Vėbra, E.	M
LT	VėgėlėI	Vėgėlė, I.	M
LT	VėlyvisS	Vėlyvis, S.	M
LT	VėsaitėBirutė	Vėsaitė, Birutė	F
LT	WaterbergV	Waterberg, V.	F
LT	White-harveyC	White-Harvey, C.	F
LT	WildhaberisL	Wildhaberis, L.	M
LT	YlaR	Yla, R.	F
LT	ZabielaVytautas	Zabiela, Vytautas	M
LT	ZaborskasK	Zaborskas, K.	M
LT	ZaborėR	Zaborė, R.	M
LT	ZabukasV	Zabukas, V.	M
LT	ZabukasVytenisAlbertas	Zabukas, Vytenis Albertas	M
LT	ZabulisA	Zabulis, A.	M
LT	ZabulisB	Zabulis, B.	M
LT	ZabulėnasA	Zabulėnas, A.	M
LT	ZacharkaR	Zacharka, R.	M
LT	ZakarkaM	Zakarka, M.	F
LT	ZaleckienėD	Zaleckienė, D.	F
LT	ZamžickienėZ	Zamžickienė, Z.	F
LT	ZananavičiusA	Zananavičius, A.	M
LT	ZarovskisA	Zarovskis, A.	M
LT	ZasčiurinskasMečislovas	Zasčiurinskas, Mečislovas	M
LT	ZaščiurinskasM	Zaščiurinskas, M.	M
LT	ZedelienėB	Zedelienė, B.	F
LT	ZeleckienėD	Zeleckienė, D.	F
LT	ZeleniakasA	Zeleniakas, A.	M
LT	ZelenskisV	Zelenskis, V.	F
LT	ZeliankaV	Zelianka, V.	M
LT	ZeltinisAleksandras	Zeltinis, Aleksandras	M
LT	ZelvarasL	Zelvaras, L.	F
LT	Zemlys-balevičiusV	Zemlys-Balevičius, V.	F
LT	ZimnickasVytautasVidmantas	Zimnickas, Vytautas Vidmantas	M
LT	ZingerienėP	Zingerienė, P.	F
LT	ZingerisEmanuelis	Zingeris, Emanuelis	M
LT	ZinkevičiusZ	Zinkevičius, Z.	M
LT	ZinkevičiūtėJadvyga	Zinkevičiūtė, Jadvyga	F
LT	ZodyR	Zody, R.	M
LT	ZollA	Zoll, A.	F
LT	ZubovasV	Zubovas, V.	M
LT	ZuokasArtūras	Zuokas, Artūras	M
LT	ZuokienėAgnė	Zuokienė, Agnė	F
LT	ZuozaRolandas	Zuoza, Rolandas	M
LT	ZychasJ	Zychas, J.	M
LT	ĄžuolasValius	Ąžuolas, Valius	M
LT	ČaikaR	Čaika, R.	F
LT	ČaplikasAlgis	Čaplikas, Algis	M
LT	ČaplikasR	Čaplikas, R.	M
LT	ČatrauskasS	Čatrauskas, S.	M
LT	ČejauskienėJ	Čejauskienė, J.	F
LT	ČekanauskaitėV	Čekanauskaitė, V.	F
LT	ČekuolisG	Čekuolis, G.	M
LT	ČekuolisJonas	Čekuolis, Jonas	M
LT	ČepaitisR	Čepaitis, R.	M
LT	ČepaitisVirgilijusJuozas	Čepaitis, Virgilijus Juozas	M
LT	ČepasA	Čepas, A.	M
LT	ČepasVytautas	Čepas, Vytautas	M
LT	ČepononisAntanas	Čepononis, Antanas	M
LT	ČeponytėZ	Čeponytė, Z.	F
LT	ČeprackasL	Čeprackas, L.	M
LT	ČepukėnienėJ	Čepukėnienė, J.	F
LT	ČerkauskasM	Čerkauskas, M.	M
LT	ČerniauskasG	Černiauskas, G.	M
LT	ČerniauskasM	Černiauskas, M.	M
LT	ČerniauskasN	Černiauskas, N.	M
LT	ČerniauskasR	Černiauskas, R.	M
LT	Česnulevičiūtė-markevičienėV	Česnulevičiūtė-Markevičienė, V.	F
LT	ČesonisR	Česonis, R.	M
LT	ČiakasL	Čiakas, L.	M
LT	ČigriejienėV	Čigriejienė, V.	F
LT	ČigriejienėVidaMarija	Čigriejienė, Vida Marija	F
LT	ČilinskasKęstutis	Čilinskas, Kęstutis	M
LT	ČimbarasPetras	Čimbaras, Petras	M
LT	ČinE	Čin, E.	F
LT	ČipkusS	Čipkus, S.	M
LT	ČirbaSigitas	Čirba, Sigitas	M
LT	ČiukšysO	Čiukšys, O.	M
LT	ČiulevičiusJonas	Čiulevičius, Jonas	M
LT	ČiupailaRegimantas	Čiupaila, Regimantas	M
LT	ČiučiulkaV	Čiučiulka, V.	F
LT	ČivilisE	Čivilis, E.	M
LT	ČižiūnasU	Čižiūnas, U.	M
LT	Čmilytė-nielsenViktorija	Čmilytė-Nielsen, Viktorija	F
LT	ČobotasMedardas	Čobotas, Medardas	M
LT	ČyževskisK	Čyževskis, K.	F
LT	ČėsnaA	Čėsna, A.	M
LT	ČėsnaP	Čėsna, P.	M
LT	ŠablinskasEduardas	Šablinskas, Eduardas	M
LT	ŠadreikaValerijonas	Šadreika, Valerijonas	M
LT	ŠadždiusR	Šadždius, R.	F
LT	ŠadžiusR	Šadžius, R.	M
LT	ŠagždavičiusR	Šagždavičius, R.	M
LT	ŠakalienėDovilė	Šakalienė, Dovilė	F
LT	ŠakalinisPetras	Šakalinis, Petras	M
LT	ŠakalysA	Šakalys, A.	M
LT	ŠakalytėG	Šakalytė, G.	F
LT	ŠakočiusA	Šakočius, A.	M
LT	ŠalauskasV	Šalauskas, V.	M
LT	ŠalaševičiūtėRimantė	Šalaševičiūtė, Rimantė	F
LT	ŠaliūnasA	Šaliūnas, A.	M
LT	ŠaltauskienėS	Šaltauskienė, S.	F
LT	ŠaltenisSaulius	Šaltenis, Saulius	M
LT	ŠalčiusP	Šalčius, P.	M
LT	ŠalčiusPetrasAntanas	Šalčius, Petras Antanas	M
LT	ŠapalasV	Šapalas, V.	M
LT	ŠapokaV	Šapoka, V.	M
LT	ŠarkinasR	Šarkinas, R.	M
LT	ŠarknickasRobertas	Šarknickas, Robertas	M
LT	ŠatasE	Šatas, E.	M
LT	ŠatasJ	Šatas, J.	M
LT	ŠatkauskasRytis	Šatkauskas, Rytis	M
LT	ŠatūnasS	Šatūnas, S.	M
LT	ŠatūnienėŽ	Šatūnienė, Ž.	F
LT	ŠavinisKazimieras	Šavinis, Kazimieras	M
LT	ŠedbarasStasys	Šedbaras, Stasys	M
LT	ŠedžiusAndrius	Šedžius, Andrius	M
LT	ŠefčovičM	Šefčovič, M.	F
LT	ŠegždaR	Šegžda, R.	M
LT	ŠemetaA	Šemeta, A.	M
LT	ŠenavičiusA	Šenavičius, A.	M
LT	ŠepetysLionginas	Šepetys, Lionginas	M
LT	ŠerienėMarija	Šerienė, Marija	F
LT	ŠerkšnasJ	Šerkšnas, J.	M
LT	ŠerkšnysGediminas	Šerkšnys, Gediminas	M
LT	ŠernasD	Šernas, D.	M
LT	ŠernasT	Šernas, T.	M
LT	ŠerpytisK	Šerpytis, K.	M
LT	ŠerpytisP	Šerpytis, P.	M
LT	ŠevaldinasV	Ševaldinas, V.	M
LT	ŠešelgisA	Šešelgis, A.	M
LT	ŠeškauskasT	Šeškauskas, T.	M
LT	ŠeškevičiusA	Šeškevičius, A.	M
LT	ŠiaulienėIrena	Šiaulienė, Irena	F
LT	ŠidagienėN	Šidagienė, N.	F
LT	ŠidiškisS	Šidiškis, S.	M
LT	ŠidlauskasR	Šidlauskas, R.	M
LT	ŠidlauskienėB	Šidlauskienė, B.	F
LT	ŠikšnelisČ	Šikšnelis, Č.	M
LT	ŠileikisE	Šileikis, E.	M
LT	ŠileikisGintaras	Šileikis, Gintaras	M
LT	ŠilgalisŽilvinas	Šilgalis, Žilvinas	M
LT	ŠilinskasV	Šilinskas, V.	M
LT	ŠilkeikisG	Šilkeikis, G.	F
LT	ŠimanskaB	Šimanska, B.	F
LT	ŠimanskasP	Šimanskas, P.	M
LT	ŠimasAudrys	Šimas, Audrys	M
LT	ŠimašiusRemigijus	Šimašius, Remigijus	M
LT	ŠimkusG	Šimkus, G.	M
LT	ŠimkūnasJ	Šimkūnas, J.	M
LT	ŠimonisI	Šimonis, I.	M
LT	ŠimonytėIngrida	Šimonytė, Ingrida	F
LT	ŠimėnasAlbertas	Šimėnas, Albertas	M
LT	ŠimėnasJonas	Šimėnas, Jonas	M
LT	ŠinkūnasH	Šinkūnas, H.	M
LT	ŠipkauskienėL	Šipkauskienė, L.	F
LT	ŠirinskienėAgnė	Širinskienė, Agnė	F
LT	ŠirvinskasJ	Širvinskas, J.	M
LT	ŠirvinskienėA	Širvinskienė, A.	F
LT	ŠiugždinienėJurgita	Šiugždinienė, Jurgita	F
LT	ŠiukšterisL	Šiukšteris, L.	M
LT	ŠiuparisA	Šiuparis, A.	M
LT	ŠiupšinskasS	Šiupšinskas, S.	M
LT	ŠiurkusM	Šiurkus, M.	M
LT	ŠivickasGintautas	Šivickas, Gintautas	M
LT	ŠivickisG	Šivickis, G.	M
LT	ŠičkusB	Šičkus, B.	M
LT	ŠiškauskasR	Šiškauskas, R.	M
LT	ŠiškauskienėE	Šiškauskienė, E.	F
LT	ŠkilViačeslav	Škil, Viačeslav	M
LT	ŠkilisV	Škilis, V.	M
LT	ŠkolcasJ	Školcas, J.	M
LT	ŠleinotaV	Šleinota, V.	F
LT	ŠlekaitisV	Šlekaitis, V.	M
LT	ŠleževičiusA	Šleževičius, A.	M
LT	ŠliupasA	Šliupas, A.	M
LT	ŠličytėZita	Šličytė, Zita	F
LT	ŠližienėI	Šližienė, I.	F
LT	ŠližysR	Šližys, R.	M
LT	ŠlyžiusR	Šlyžius, R.	M
LT	ŠmigelskasVirginijus	Šmigelskas, Virginijus	M
LT	ŠmigelskienėGražina	Šmigelskienė, Gražina	F
LT	ŠnipasA	Šnipas, A.	M
LT	ŠovienėJ	Šovienė, J.	F
LT	ŠpokasR	Špokas, R.	M
LT	ŠriūbėnasS	Šriūbėnas, S.	M
LT	ŠtarasA	Štaras, A.	M
LT	ŠtombergasS	Štombergas, S.	M
LT	ŠtreimikisR	Štreimikis, R.	M
LT	ŠuicaD	Šuica, D.	M
LT	ŠukaitisA	Šukaitis, A.	M
LT	ŠukysA	Šukys, A.	M
LT	ŠukysRaimondas	Šukys, Raimondas	M
LT	ŠulcasI	Šulcas, I.	M
LT	ŠulcėS	Šulcė, S.	M
LT	ŠumakarisVytautas	Šumakaris, Vytautas	M
LT	ŠumskasA	Šumskas, A.	M
LT	ŠustauskasVytautas	Šustauskas, Vytautas	M
LT	ŠvedasE	Švedas, E.	M
LT	ŠvedasG	Švedas, G.	M
LT	ŠvedasP	Švedas, P.	M
LT	ŠvedasR	Švedas, R.	M
LT	ŠvedasVladislavas	Švedas, Vladislavas	M
LT	ŠvedienėG	Švedienė, G.	F
LT	ŠvedienėN	Švedienė, N.	F
LT	ŠveistienėA	Šveistienė, A.	F
LT	ŠvelnysA	Švelnys, A.	M
LT	ŠvirinasK	Švirinas, K.	M
LT	ŠvitraAntanas	Švitra, Antanas	M
LT	ŠčajevienėS	Ščajevienė, S.	F
LT	ŠčeponavičiusK	Ščeponavičius, K.	M
LT	ŠčiglienėV	Ščiglienė, V.	F
LT	ŠčiurovasV	Ščiurovas, V.	F
LT	ŪdrėI	Ūdrė, I.	F
LT	ŪsasJ	Ūsas, J.	M
LT	ŽakaitienėRoma	Žakaitienė, Roma	F
LT	ŽakarisEdvardas	Žakaris, Edvardas	M
LT	ŽalimasA	Žalimas, A.	M
LT	ŽalimasD	Žalimas, D.	M
LT	ŽalkauskasP	Žalkauskas, P.	M
LT	ŽalnerauskasVladas	Žalnerauskas, Vladas	M
LT	ŽaltauskasM	Žaltauskas, M.	M
LT	ŽalysAlfonsas	Žalys, Alfonsas	M
LT	ŽalysV	Žalys, V.	M
LT	ŽeberskisB	Žeberskis, B.	F
LT	ŽebrauskasJuozas	Žebrauskas, Juozas	M
LT	ŽeimysPranas	Žeimys, Pranas	M
LT	ŽelionisA	Želionis, A.	M
LT	ŽelvėK	Želvė, K.	M
LT	ŽemaitaitisRemigijus	Žemaitaitis, Remigijus	M
LT	ŽemaitisB	Žemaitis, B.	M
LT	ŽemaitisK	Žemaitis, K.	M
LT	ŽemaitytėG	Žemaitytė, G.	F
LT	ŽemkalnisG	Žemkalnis, G.	M
LT	ŽentelisS	Žentelis, S.	M
LT	ŽiedasM	Žiedas, M.	M
LT	ŽiemelisVidmantas	Žiemelis, Vidmantas	M
LT	ŽilevičiusE	Žilevičius, E.	M
LT	ŽilevičiusO	Žilevičius, O.	M
LT	ŽilevičiusZ	Žilevičius, Z.	M
LT	ŽilienėI	Žilienė, I.	F
LT	ŽilienėL	Žilienė, L.	F
LT	ŽilinskasA	Žilinskas, A.	M
LT	ŽilinskasJ	Žilinskas, J.	M
LT	ŽilinskasRokas	Žilinskas, Rokas	M
LT	ŽilinskasT	Žilinskas, T.	M
LT	ŽilinskienėA	Žilinskienė, A.	F
LT	ŽilinskienėG	Žilinskienė, G.	F
LT	ŽilinskienėL	Žilinskienė, L.	F
LT	ŽiliukaitėR	Žiliukaitė, R.	F
LT	ŽilysJ	Žilys, J.	M
LT	ŽilysV	Žilys, V.	M
LT	ŽilėnasK	Žilėnas, K.	M
LT	ŽintelisG	Žintelis, G.	M
LT	ŽiobienėE	Žiobienė, E.	F
LT	ŽirgulisS	Žirgulis, S.	M
LT	ŽironasE	Žironas, E.	M
LT	ŽiukasV	Žiukas, V.	M
LT	ŽiūkasM	Žiūkas, M.	M
LT	ŽiūkasP	Žiūkas, P.	M
LT	ŽiūkasV	Žiūkas, V.	M
LT	ŽostautienėV	Žostautienė, V.	F
LT	ŽoštautienėV	Žoštautienė, V.	F
LT	ŽukasJ	Žukas, J.	M
LT	ŽukasV	Žukas, V.	M
LT	ŽukauskasArtūras	Žukauskas, Artūras	M
LT	ŽukauskasE	Žukauskas, E.	M
LT	ŽukauskasHenrikas	Žukauskas, Henrikas	M
LT	ŽukauskasL	Žukauskas, L.	M
LT	ŽukauskasP	Žukauskas, P.	M
LT	ŽukienėV	Žukienė, V.	F
LT	ŽukovaitėI	Žukovaitė, I.	F
LT	ŽurauskasS	Žurauskas, S.	M
LT	ŽurinskasRičardas	Žurinskas, Ričardas	M
LT	ŽvaliauskasAlgis	Žvaliauskas, Algis	M
LT	ŽvikienėZita	Žvikienė, Zita	F
LT	ŽvirblisE	Žvirblis, E.	M
LT	ŽvirgždasS	Žvirgždas, S.	M
LT	ŽyliusR	Žylius, R.	M
LT	ŽymantasManfredas	Žymantas, Manfredas	M
