Country	SpeakerID	Name	Sex
BA	AhmetovićSadik	Ahmetović, Sadik	M
BA	AjanovićEkrem	Ajanović, Ekrem	M
BA	AkšamijaGoran	Akšamija, Goran	-
BA	AlagićRaifa	Alagić, Raifa	F
BA	AlagićVahid	Alagić, Vahid	-
BA	AlajbegovićAzra	Alajbegović, Azra	F
BA	AlijagićAmila	Alijagić, Amila	-
BA	AlkalajSven	Alkalaj, Sven	-
BA	AltićMuhamed	Altić, Muhamed	M
BA	AmiđićMarko	Amiđić, Marko	M
BA	AndrićFilip	Andrić, Filip	M
BA	AndrićLužanskiIvo	Andrić Lužanski, Ivo	-
BA	AntoSpajić	Anto, Spajić	-
BA	ArnautBoriša	Arnaut, Boriša	-
BA	ArnautDamir	Arnaut, Damir	M
BA	ArnautSrđan	Arnaut, Srđan	-
BA	ArnautovićSuad	Arnautović, Suad	-
BA	AvdićSead	Avdić, Sead	M
BA	AšaninMarko	Ašanin, Marko	-
BA	AšimićIlij	Ašimić, Ilij	-
BA	BabaljDarko	Babalj, Darko	M
BA	BackovićZaim	Backović, Zaim	M
BA	BahtićSadik	Bahtić, Sadik	M
BA	BajrambašićIzet	Bajrambašić, Izet	-
BA	BakovićMirko	Baković, Mirko	M
BA	BaltaRadenka	Balta, Radenka	F
BA	BanjacMirko	Banjac, Mirko	M
BA	BarašinMilorad	Barašin, Milorad	-
BA	BaručijaAida	Baručija, Aida	F
BA	BašićAdnan	Bašić, Adnan	M
BA	BašićHaris	Bašić, Haris	-
BA	BeganovićMensura	Beganović, Mensura	M
BA	BegićMuhamed	Begić, Muhamed	-
BA	BegićMustafa	Begić, Mustafa	-
BA	BegićZlatan	Begić, Zlatan	M
BA	BegovićMuhamed	Begović, Muhamed	M
BA	BektoSamir	Bekto, Samir	-
BA	BelkićBeriz	Belkić, Beriz	M
BA	BevandaVjekoslav	Bevanda, Vjekoslav	-
BA	BećirbašićEnes	Bećirbašić, Enes	-
BA	BećirbašićSmail	Bećirbašić, Smail	M
BA	BećirovićDamir	Bećirović, Damir	M
BA	BećirovićDenis	Bećirović, Denis	M
BA	BećirovićHasan	Bećirović, Hasan	M
BA	BešlagićSelim	Bešlagić, Selim	M
BA	BijedićEnver	Bijedić, Enver	M
BA	BilbijaŽeljko	Bilbija, Željko	M
BA	BisićMustafa	Bisić, Mustafa	-
BA	BičakčićEdhem	Bičakčić, Edhem	M
BA	BjelobrkBoro	Bjelobrk, Boro	M
BA	BlagojevićMirko	Blagojević, Mirko	M
BA	BlocerPiter	Blocer, Piter	-
BA	BogdanićDragan	Bogdanić, Dragan	M
BA	BogdanovićRadomir	Bogdanović, Radomir	-
BA	BogićevićBogić	Bogićević, Bogić	M
BA	BojićBorislav	Bojić, Borislav	M
BA	BorenovićBranislav	Borenović, Branislav	M
BA	BorićAdem	Borić, Adem	M
BA	BorovacSemiha	Borovac, Semiha	-
BA	BosićBoro	Bosić, Boro	-
BA	BosićMladen	Bosić, Mladen	M
BA	BoškoŠiljeković	Boško, Šiljeković	-
BA	BošnjakJovica	Bošnjak, Jovica	-
BA	BošnjakMilenka	Bošnjak, Milenka	F
BA	BožanićDragan	Božanić, Dragan	-
BA	BožićRadomir	Božić, Radomir	-
BA	BradaraLidija	Bradara, Lidija	F
BA	BradarićMehmed	Bradarić, Mehmed	M
BA	BrankovićNedžad	Branković, Nedžad	-
BA	BrkaOsman	Brka, Osman	M
BA	BrkićJosip	Brkić, Josip	-
BA	BursaćSaša	Bursać, Saša	M
BA	ButurovićSead	Buturović, Sead	M
BA	CikotićSelmo	Cikotić, Selmo	-
BA	CrnadakIgor	Crnadak, Igor	-
BA	CrnjakMirjana	Crnjak, Mirjana	-
BA	CrnčevićBranislava	Crnčević, Branislava	-
BA	CuplovMustafa	Cuplov, Mustafa	M
BA	DalipagićSaša	Dalipagić, Saša	-
BA	DautbašićBakir	Dautbašić, Bakir	-
BA	DebevecRanko	Debevec, Ranko	-
BA	DedićŠemsudin	Dedić, Šemsudin	M
BA	DejanovićMirko	Dejanović, Mirko	-
BA	DemirovićSafer	Demirović, Safer	M
BA	DeretićMiodrag	Deretić, Miodrag	M
BA	DervozIsmeta	Dervoz, Ismeta	F
BA	DiksonĐoni	Dikson, Đoni	-
BA	DilberovićEdin	Dilberović, Edin	-
BA	DivkovićIvo	Divković, Ivo	M
BA	DivčićIvo	Divčić, Ivo	-
BA	DizdarevićDamir	Dizdarević, Damir	-
BA	DizdarevićEmir	Dizdarević, Emir	-
BA	DokićBranko	Dokić, Branko	M
BA	DokoDragan	Doko, Dragan	-
BA	DolićRifat	Dolić, Rifat	M
BA	DomazetAnto	Domazet, Anto	M
BA	DraganićMilomir	Draganić, Milomir	-
BA	DragutinIlić	Dragutin, Ilić	-
BA	DugandžićVlatko	Dugandžić, Vlatko	-
BA	DumančićVinko	Dumančić, Vinko	-
BA	DurakovićKemal	Duraković, Kemal	-
BA	DurakovićNijaz	Duraković, Nijaz	M
BA	DžaferovićŠefik	Džaferović, Šefik	M
BA	DžafićSuad	Džafić, Suad	-
BA	DžakulaMiro	Džakula, Miro	-
BA	DžambasZdenka	Džambas, Zdenka	F
BA	DžonsonRasellord	Džonson, Rasellord	-
BA	DžumhurJasminka	Džumhur, Jasminka	-
BA	EmrićJasmin	Emrić, Jasmin	M
BA	EnesBećirbašić	Enes, Bećirbašić	-
BA	ErićSavo	Erić, Savo	-
BA	EstreljaRafael	Estrelja, Rafael	-
BA	EždaunPedi	Eždaun, Pedi	-
BA	FazlićAmir	Fazlić, Amir	M
BA	FelićHazim	Felić, Hazim	M
BA	FerzanovićBranislava	Ferzanović, Branislava	M
BA	FilipovićDarijana	Filipović, Darijana	F
BA	FilipovićErma	Filipović, Erma	-
BA	FilipovićIlija	Filipović, Ilija	M
BA	FilipovićMediha	Filipović, Mediha	F
BA	FilipovićOmer	Filipović, Omer	M
BA	FočoDženita	Fočo, Dženita	-
BA	FranjičevićMato	Franjičević, Mato	M
BA	GalićJakov	Galić, Jakov	M
BA	GalićValerija	Galić, Valerija	-
BA	GasalVražalicaMaja	Gasal-Vražalica, Maja	F
BA	GavranDušan	Gavran, Dušan	-
BA	GenjacHalid	Genjac, Halid	M
BA	GlavašVlatko	Glavaš, Vlatko	M
BA	GligorićTihomir	Gligorić, Tihomir	M
BA	GotovušaEsad	Gotovuša, Esad	-
BA	GrabovacMilenko	Grabovac, Milenko	-
BA	GrabovacTitanMiro	Grabovac Titan, Miro	M
BA	GrbićAnto	Grbić, Anto	-
BA	GrubešaJosip	Grubeša, Josip	-
BA	GrubešićNiko	Grubešić, Niko	-
BA	GudeljevićAnkica	Gudeljević, Ankica	-
BA	HadţiabdićIrena	Hadţiabdić, Irena	-
BA	HadžagićEsma	Hadžagić, Esma	-
BA	HadžiJovan	Hadži, Jovan	-
BA	HadžiabdićIrena	Hadžiabdić, Irena	-
BA	HadžiahmetovićAzra	Hadžiahmetović, Azra	F
BA	HadžibegoćReuf	Hadžibegoć, Reuf	-
BA	HadžićDamir	Hadžić, Damir	-
BA	HadžićIzet	Hadžić, Izet	M
BA	HadžovićVedran	Hadžović, Vedran	-
BA	HalilagićJusuf	Halilagić, Jusuf	-
BA	HalilovićEnver	Halilović, Enver	-
BA	HalilovićSefer	Halilović, Sefer	M
BA	HamondPhilip	Hamond, Philip	-
BA	HavelAna	Havel, Ana	F
BA	HaverićFadil	Haverić, Fadil	-
BA	HelezZukan	Helez, Zukan	M
BA	HercegMugdin	Herceg, Mugdin	M
BA	HodžićSead	Hodžić, Sead	-
BA	HodžićSeudin	Hodžić, Seudin	M
BA	HuremovićMehmedalija	Huremović, Mehmedalija	-
BA	HurtićZlatko	Hurtić, Zlatko	-
BA	HuskićAdem	Huskić, Adem	M
BA	IbrahimovićFadila	Ibrahimović, Fadila	-
BA	IbrahimpašićAdem	Ibrahimpašić, Adem	M
BA	IlićDragutin	Ilić, Dragutin	M
BA	ImamovićMuharem	Imamović, Muharem	-
BA	IsakovićMirsad	Isaković, Mirsad	M
BA	IsakovićMunib	Isaković, Munib	-
BA	IvanićMladen	Ivanić, Mladen	M
BA	IvankovićJerko	Ivanković, Jerko	M
BA	IvankovićLijanovićJerko	Ivanković Lijanović, Jerko	M
BA	IvankovićLijanovićMladen	Ivanković Lijanović, Mladen	M
BA	IzetbegovićBakir	Izetbegović, Bakir	M
BA	IštvanićZlatan	Ištvanić, Zlatan	-
BA	JadrankoTomić	Jadranko, Tomić	-
BA	JagodićZijad	Jagodić, Zijad	M
BA	JahićAdnan	Jahić, Adnan	M
BA	JahićElmir	Jahić, Elmir	M
BA	JamakosmanovićSead	Jamakosmanović, Sead	M
BA	JancUdo	Janc, Udo	-
BA	JašarevićBajazit	Jašarević, Bajazit	M
BA	JelavićAnte	Jelavić, Ante	-
BA	JelečSead	Jeleč, Sead	-
BA	JerinićBoris	Jerinić, Boris	-
BA	JovanovićBranislava	Jovanović, Branislava	F
BA	JovanovićMiloš	Jovanović, Miloš	M
BA	JovanovićMirko	Jovanović, Mirko	M
BA	JovićIvoMiro	Jović, Ivo Miro	M
BA	JovićPredrag	Jović, Predrag	-
BA	JovičićSlavko	Jovičić, Slavko	M
BA	JukićNives	Jukić, Nives	-
BA	JukićRužica	Jukić, Ružica	-
BA	JukićVelimir	Jukić, Velimir	M
BA	JurišićZvonko	Jurišić, Zvonko	M
BA	JurčevićMarinko	Jurčević, Marinko	-
BA	JusićSead	Jusić, Sead	-
BA	JuskoIsmir	Jusko, Ismir	-
BA	JusufovićMunib	Jusufović, Munib	M
BA	KabilEmir	Kabil, Emir	M
BA	KadićRasim	Kadić, Rasim	M
BA	KadićSead	Kadić, Sead	M
BA	KadrićRemzija	Kadrić, Remzija	M
BA	KadrićZijad	Kadrić, Zijad	-
BA	KalabićDrago	Kalabić, Drago	M
BA	KamberovićVioleta	Kamberović, Violeta	F
BA	KapetanovićNermina	Kapetanović, Nermina	F
BA	KapetanovićSenija	Kapetanović, Senija	F
BA	KapetinaDragan	Kapetina, Dragan	-
BA	KaramatićMario	Karamatić, Mario	M
BA	KaramehićSelim	Karamehić, Selim	-
BA	KarićMunira	Karić, Munira	F
BA	KasumovićFuad	Kasumović, Fuad	-
BA	KeboMirsad	Kebo, Mirsad	-
BA	KlačarRajka	Klačar, Rajka	-
BA	KlobučarŽeljka	Klobučar, Željka	-
BA	KlokićLejla	Klokić, Lejla	F
BA	KneževićŽeljko	Knežević, Željko	-
BA	KojićSavo	Kojić, Savo	-
BA	KojovićPredrag	Kojović, Predrag	M
BA	KomšićVlatka	Komšić, Vlatka	F
BA	KomšićŽeljko	Komšić, Željko	M
BA	KoprivicaKojo	Koprivica, Kojo	-
BA	KoprivicaZoran	Koprivica, Zoran	M
BA	KoraćLidija	Korać, Lidija	-
BA	KovačPredrag	Kovač, Predrag	-
BA	KovačevićDragan	Kovačević, Dragan	-
BA	KovačevićLjubomir	Kovačević, Ljubomir	M
BA	KovačevićMatko	Kovačević, Matko	-
BA	KovačevićMomčilo	Kovačević, Momčilo	-
BA	KovačevićPetar	Kovačević, Petar	-
BA	KovićGordana	Ković, Gordana	-
BA	KovićGordanal	Ković, Gordanal	-
BA	KozarićKemal	Kozarić, Kemal	-
BA	KozarićRahmanLamija	Kozarić Rahman, Lamija	-
BA	KošaracStaša	Košarac, Staša	M
BA	KožulPredrag	Kožul, Predrag	M
BA	KraguljNikola	Kragulj, Nikola	-
BA	KrajtmerVinko	Krajtmer, Vinko	-
BA	KremenovićOstoja	Kremenović, Ostoja	-
BA	KresićMijo	Kresić, Mijo	-
BA	KrešićMijo	Krešić, Mijo	-
BA	KrešićStjepan	Krešić, Stjepan	M
BA	KrištoBorjana	Krišto, Borjana	F
BA	KrižanovićIvo	Križanović, Ivo	-
BA	KrižanovićJozo	Križanović, Jozo	M
BA	KrsmanRanko	Krsman, Ranko	-
BA	KrstovićSpremoVesna	Krstović-Spremo, Vesna	F
BA	KrčmarĐorđo	Krčmar, Đorđo	M
BA	KukićMirsad	Kukić, Mirsad	M
BA	KulenovićSalih	Kulenović, Salih	M
BA	KulinaDragan	Kulina, Dragan	-
BA	KulovićHamdija	Kulović, Hamdija	M
BA	KumalićJusuf	Kumalić, Jusuf	-
BA	KunićPetar	Kunić, Petar	M
BA	KupusovićNamik	Kupusović, Namik	-
BA	KurnićŽiko	Kurnić, Žiko	-
BA	KurtovićMirsad	Kurtović, Mirsad	-
BA	KutlešaZvonimir	Kutleša, Zvonimir	-
BA	KuzmanovićŽeljko	Kuzmanović, Željko	M
BA	KušljugićMirza	Kušljugić, Mirza	M
BA	LagumdžijaZlatko	Lagumdžija, Zlatko	M
BA	LakićMilica	Lakić, Milica	-
BA	LalićNenad	Lalić, Nenad	M
BA	LasićMile	Lasić, Mile	-
BA	LažetićDragana	Lažetić, Dragana	-
BA	LehoFatima	Leho, Fatima	F
BA	LekoDamir	Leko, Damir	-
BA	LimovTihomir	Limov, Tihomir	-
BA	LimovTomislav	Limov, Tomislav	M
BA	LisakSead	Lisak, Sead	-
BA	LjubićBožo	Ljubić, Božo	M
BA	LjubićDamir	Ljubić, Damir	-
BA	LjubićMariofil	Ljubić, Mariofil	M
BA	LjubičićDrago	Ljubičić, Drago	M
BA	LokmićMisiračaJadranka	Lokmić Misirača, Jadranka	-
BA	LolićBranislav	Lolić, Branislav	M
BA	LovrinovićNikola	Lovrinović, Nikola	M
BA	LovrićLjiljana	Lovrić, Ljiljana	-
BA	LovrićVelimir	Lovrić, Velimir	-
BA	LozančićIvo	Lozančić, Ivo	M
BA	LozančićNiko	Lozančić, Niko	M
BA	LučićMiloš	Lučić, Miloš	-
BA	LučićMilošJovićNedeljko	Lučić, Miloš	-
BA	MadunićIvan	Madunić, Ivan	M
BA	MagazinovićSaša	Magazinović, Saša	M
BA	MahmutovićDževad	Mahmutović, Dževad	-
BA	MajdandžićFranjo	Majdandžić, Franjo	M
BA	MajićPetar	Majić, Petar	-
BA	MajkićDušanka	Majkić, Dušanka	F
BA	MalićMilomir	Malić, Milomir	-
BA	MalićMirjana	Malić, Mirjana	F
BA	MalićMomir	Malić, Momir	M
BA	MalkićAbdurahman	Malkić, Abdurahman	M
BA	MalkićAbduselam	Malkić, Abduselam	-
BA	MandićHelena	Mandić, Helena	-
BA	MandićMladen	Mandić, Mladen	-
BA	MandraNermin	Mandra, Nermin	M
BA	MarinSlavko	Marin, Slavko	-
BA	MarinkovićLepićMirjana	Marinković – Lepić, Mirjana	F
BA	MarinkovićVaso	Marinković, Vaso	-
BA	MarinovićIvica	Marinović, Ivica	-
BA	MarićLjerka	Marić, Ljerka	-
BA	MarićZoran	Marić, Zoran	M
BA	MarjanacŽivko	Marjanac, Živko	-
BA	MarjanovićDarko	Marjanović, Darko	-
BA	MarkovićMilica	Marković, Milica	F
BA	MarkovićPero	Marković, Pero	-
BA	MartinovićDanijela	Martinović, Danijela	F
BA	MatanovićMijo	Matanović, Mijo	M
BA	MatanovićSlavko	Matanović, Slavko	-
BA	MatićBožidar	Matić, Božidar	-
BA	MatićSlavko	Matić, Slavko	M
BA	MačkićSead	Mačkić, Sead	-
BA	MađarPero	Mađar, Pero	-
BA	MašinovićMuharem	Mašinović, Muharem	-
BA	MašićDamir	Mašić, Damir	M
BA	MašovićAmor	Mašović, Amor	M
BA	MehmedovićŠemsudin	Mehmedović, Šemsudin	M
BA	MehtićHalil	Mehtić, Halil	M
BA	MekićDragiša	Mekić, Dragiša	-
BA	MektićDragan	Mektić, Dragan	F
BA	MerdžoJosip	Merdžo, Josip	-
BA	MervanRamiz	Mervan, Ramiz	-
BA	MešanovićHamed	Mešanović, Hamed	-
BA	MešićMirsad	Mešić, Mirsad	M
BA	MihajlovićBožo	Mihajlović, Božo	-
BA	MihajlovićSvetozar	Mihajlović, Svetozar	-
BA	MijatovićMirko	Mijatović, Mirko	M
BA	MijatovićVojin	Mijatović, Vojin	-
BA	MijačevićIvo	Mijačević, Ivo	M
BA	MikerevićDragan	Mikerević, Dragan	-
BA	MikićDanijela	Mikić, Danijela	-
BA	MikićStjepan	Mikić, Stjepan	-
BA	MikulićAnita	Mikulić, Anita	F
BA	MilašinLjiljana	Milašin, Ljiljana	F
BA	MiletićDragica	Miletić, Dragica	-
BA	MiletićIvan	Miletić, Ivan	-
BA	MiletićMate	Miletić, Mate	-
BA	MiletićZlatko	Miletić, Zlatko	M
BA	MilinićGordan	Milinić, Gordan	-
BA	MilinovićZdenko	Milinović, Zdenko	-
BA	MilićevićLjiljana	Milićević, Ljiljana	F
BA	MilićevićĐorđe	Milićević, Đorđe	-
BA	MiljanovićLjubica	Miljanović, Ljubica	F
BA	MilojevićGoran	Milojević, Goran	M
BA	MilovanovićMiroslav	Milovanović, Miroslav	M
BA	MiočGabrijel	Mioč, Gabrijel	-
BA	MirjanićŽeljko	Mirjanić, Željko	M
BA	MirkovićDragan	Mirković, Dragan	M
BA	MitrovićHadžiJovan	Mitrović Hadži, Jovan	-
BA	MitrovićVojin	Mitrović, Vojin	-
BA	MišićIvica	Mišić, Ivica	-
BA	MišićNenad	Mišić, Nenad	M
BA	MladinaNada	Mladina, Nada	F
BA	MlaćoDževad	Mlaćo, Dževad	-
BA	MlaćoNadžida	Mlaćo, Nadžida	F
BA	MoranjkićMuhamed	Moranjkić, Muhamed	M
BA	MuharemImamović	Muharem, Imamović	-
BA	MuminagićSuada	Muminagić, Suada	F
BA	MuminovićZada	Muminović, Zada	-
BA	MuratovićHasan	Muratović, Hasan	-
BA	MuratovićZakira	Muratović, Zakira	-
BA	MušićEdin	Mušić, Edin	M
BA	MušovićSamir	Mušović, Samir	-
BA	NakašAbdulah	Nakaš, Abdulah	M
BA	NanićHusein	Nanić, Husein	M
BA	NeimarlijaHilmo	Neimarlija, Hilmo	M
BA	NekićDževad	Nekić, Dževad	-
BA	NešićNenad	Nešić, Nenad	M
BA	NeškovićDušan	Nešković, Dušan	-
BA	NikićStjepan	Nikić, Stjepan	-
BA	NikolPiter	Nikol, Piter	-
BA	NikšićNermin	Nikšić, Nermin	M
BA	NinkovićBojan	Ninković, Bojan	-
BA	NinkovićRanko	Ninković, Ranko	-
BA	NišićSvetozar	Nišić, Svetozar	-
BA	NovakovićBursaćSnježana	Novaković – Bursać, Snježana	F
BA	NovakovićMomčilo	Novaković, Momčilo	M
BA	NovićSredoje	Nović, Sredoje	M
BA	NovkovićMilorad	Novković, Milorad	-
BA	OdobašićIzet	Odobašić, Izet	-
BA	OkolićMirko	Okolić, Mirko	M
BA	OmersoftićAmila	Omersoftić, Amila	-
BA	OrtonFrank	Orton, Frank	-
BA	OručevićSafet	Oručević, Safet	M
BA	OsmanovićAdil	Osmanović, Adil	M
BA	OsmanovićBahrija	Osmanović, Bahrija	F
BA	PajićĐoko	Pajić, Đoko	M
BA	PalavrćSeada	Palavrć, Seada	-
BA	PamukMustafa	Pamuk, Mustafa	M
BA	PandurevićAleksandra	Pandurević, Aleksandra	F
BA	PandurevićMilorad	Pandurević, Milorad	-
BA	PandurevićMiodrag	Pandurević, Miodrag	-
BA	ParavacBorislav	Paravac, Borislav	-
BA	ParavlićSeada	Paravlić, Seada	-
BA	PašalićIvica	Pašalić, Ivica	-
BA	PašalićIvicaLhotak	Pašalić, Ivica (Lhotak)	M
BA	PašićHilmo	Pašić, Hilmo	-
BA	PejićIgor	Pejić, Igor	-
BA	PejićNikola	Pejić, Nikola	-
BA	PekićMira	Pekić, Mira	F
BA	PelivanJure	Pelivan, Jure	-
BA	PendešMarina	Pendeš, Marina	F
BA	PerićBranko	Perić, Branko	-
BA	PerkanovićMarija	Perkanović, Marija	F
BA	PerkanovićZoran	Perkanović, Zoran	-
BA	PetrovićObren	Petrović, Obren	M
BA	PećanacBrane	Pećanac, Brane	-
BA	PeštoErmin	Pešto, Ermin	-
BA	PeštoNermin	Pešto, Nermin	-
BA	PilavaAmir	Pilava, Amir	-
BA	PilicaJasmin	Pilica, Jasmin	-
BA	PiterNikol	Piter, Nikol	-
BA	PivićNezir	Pivić, Nezir	-
BA	PlehHasan	Pleh, Hasan	-
BA	PodžićSifet	Podžić, Sifet	M
BA	PoljaševićVeselin	Poljašević, Veselin	-
BA	PopadićMilana	Popadić, Milana	-
BA	PopadićNada	Popadić, Nada	-
BA	PopovićVitomir	Popović, Vitomir	-
BA	PotočnikMladen	Potočnik, Mladen	M
BA	PrimoracDražen	Primorac, Dražen	-
BA	PrimoracVilim	Primorac, Vilim	-
BA	PrlićJadranko	Prlić, Jadranko	-
BA	ProdanovićLazar	Prodanović, Lazar	M
BA	PudarZorka	Pudar, Zorka	-
BA	PuhalacSlobodan	Puhalac, Slobodan	-
BA	PurićMirsad	Purić, Mirsad	M
BA	PurićNermin	Purić, Nermin	M
BA	PuticaMarija	Putica, Marija	-
BA	RackovićĐorđe	Racković, Đorđe	-
BA	RadišićŽivko	Radišić, Živko	-
BA	RadmanovićNebojša	Radmanović, Nebojša	M
BA	RadončićFahrudin	Radončić, Fahrudin	M
BA	RadovanovićBećirbašić	Radovanović, Bećirbašić	-
BA	RadovanovićNikola	Radovanović, Nikola	-
BA	RadovanovićVinko	Radovanović, Vinko	M
BA	RadovićNade	Radović, Nade	-
BA	RaduljSlobodan	Radulj, Slobodan	-
BA	RagužMartin	Raguž, Martin	M
BA	RajilićSnježana	Rajilić, Snježana	-
BA	RajićBožo	Rajić, Božo	M
BA	RakićVito	Rakić, Vito	M
BA	RančićHazim	Rančić, Hazim	M
BA	RađevićDesanka	Rađević, Desanka	F
BA	RaščićRijad	Raščić, Rijad	M
BA	ReljićDragoljub	Reljić, Dragoljub	-
BA	RečicaNudžeim	Rečica, Nudžeim	-
BA	RidžalNaida	Ridžal, Naida	-
BA	RijanićŽeljko	Rijanić, Željko	-
BA	RistanRistić	Ristan, Ristić	M
BA	RizvanbegovićFahrudin	Rizvanbegović, Fahrudin	-
BA	RizvoSamir	Rizvo, Samir	-
BA	RodićDragutin	Rodić, Dragutin	M
BA	RudovićVido	Rudović, Vido	-
BA	SadikovićTarik	Sadiković, Tarik	-
BA	SadovićTarik	Sadović, Tarik	-
BA	SalihovićGoran	Salihović, Goran	-
BA	SalkićMirsad	Salkić, Mirsad	-
BA	SalkičevićDizdarevićErmina	Salkićević Dizdarević, Ermina	-
BA	SamardžijaŽeljko	Samardžija, Željko	-
BA	SandićLjubomir	Sandić, Ljubomir	-
BA	SarajlićAsim	Sarajlić, Asim	M
BA	SarajlićSaša	Sarajlić, Saša	-
BA	SavićNevenka	Savić, Nevenka	-
BA	SavićSnježana	Savić, Snježana	-
BA	SilajdžićHaris	Silajdžić, Haris	M
BA	SimićKrstan	Simić, Krstan	M
BA	SipovićMirsad	Sipović, Mirsad	M
BA	SkopljakPero	Skopljak, Pero	M
BA	SladojeNikola	Sladoje, Nikola	-
BA	SmajićMuhamed	Smajić, Muhamed	-
BA	SoftićSafet	Softić, Safet	M
BA	SoftićSenad	Softić, Senad	-
BA	SokolovićSalko	Sokolović, Salko	M
BA	SoptaRuža	Sopta, Ruža	F
BA	SpahićIbrahim	Spahić, Ibrahim	M
BA	SpajićAnto	Spajić, Anto	M
BA	SpasojevićZoran	Spasojević, Zoran	M
BA	SrkalovićMuris	Srkalović, Muris	-
BA	StanimirovićDragi	Stanimirović, Dragi	M
BA	StanićRadenko	Stanić, Radenko	-
BA	StanišićRajka	Stanišić, Rajka	-
BA	StevandićNenad	Stevandić, Nenad	M
BA	StojanovićRuža	Stojanović, Ruža	F
BA	StokićDušan	Stokić, Dušan	M
BA	SuljkanovićMehmed	Suljkanović, Mehmed	M
BA	SušacNiko	Sušac, Niko	M
BA	TadićGordana	Tadić, Gordana	-
BA	TadićOgnjen	Tadić, Ognjen	M
BA	TegeltijaMilan	Tegeltija, Milan	-
BA	TegeltijaZoran	Tegeltija, Zoran	-
BA	TerizićAdnan	Terizić, Adnan	-
BA	TerzićAdman	Terzić, Adman	-
BA	TešanovićZoran	Tešanović, Zoran	-
BA	TihićSulejman	Tihić, Sulejman	M
BA	TinjakHamdo	Tinjak, Hamdo	-
BA	TodorovićBranka	Todorović, Branka	-
BA	TodorovićJovan	Todorović, Jovan	-
BA	TokićSejfudin	Tokić, Sejfudin	M
BA	TomićBoško	Tomić, Boško	M
BA	TomićJadranko	Tomić, Jadranko	-
BA	TomićMonika	Tomić, Monika	F
BA	TomićNeven	Tomić, Neven	-
BA	TopićLidija	Topić, Lidija	-
BA	TopčagićOsman	Topčagić, Osman	-
BA	TošićMomir	Tošić, Momir	M
BA	TrišićLjiljana	Trišić, Ljiljana	-
BA	TrninićBožana	Trninić, Božana	-
BA	TrnkaKasim	Trnka, Kasim	-
BA	TulumovićMuhamed	Tulumović, Muhamed	-
BA	TučićBoris	Tučić, Boris	-
BA	TučjačaninGoran	Tučjačanin, Goran	M
BA	TuševljakMilorad	Tuševljak, Milorad	-
BA	TuševljakSpasoje	Tuševljak, Spasoje	-
BA	UsoracVladimir	Usorac, Vladimir	-
BA	UšanovićMubera	Ušanović, Mubera	F
BA	VajzovićHanka	Vajzović, Hanka	F
BA	VejoDamir	Vejo, Damir	-
BA	VidovićRudo	Vidović, Rudo	-
BA	VignjevićLidija	Vignjević, Lidija	-
BA	VilićMedina	Vilić, Medina	-
BA	VilićRamiz	Vilić, Ramiz	M
BA	VrankićDragan	Vrankić, Dragan	M
BA	VrdoljakKrunoslav	Vrdoljak, Krunoslav	M
BA	VukićZdenko	Vukić, Zdenko	M
BA	VukojaMarin	Vukoja, Marin	-
BA	VukojeMarin	Vukoje, Marin	-
BA	VukovićMirko	Vuković, Mirko	-
BA	VukovićSlaviša	Vuković, Slaviša	-
BA	VukovićVjekoslav	Vuković, Vjekoslav	-
BA	VukovljakJovan	Vukovljak, Jovan	M
BA	VulićSanja	Vulić, Sanja	F
BA	ZahirovićŠaban	Zahirović, Šaban	-
BA	ZaimovićUzunovićNermina	Zaimović-Uzunović, Nermina	F
BA	ZaćiragićEmina	Zaćiragić, Emina	F
BA	ZekovićMilad	Zeković, Milad	-
BA	ZelenikaDiana	Zelenika, Diana	F
BA	ZeljkoZoran	Zeljko, Zoran	-
BA	ZeljkovićSuad	Zeljković, Suad	-
BA	ZirojevićMladen	Zirojević, Mladen	-
BA	ZjajićMilan	Zjajić, Milan	-
BA	ZorićVinko	Zorić, Vinko	M
BA	ZovkoLjilja	Zovko, Ljilja	F
BA	ZovkoLjubomir	Zovko, Ljubomir	M
BA	ZovkoMirko	Zovko, Mirko	-
BA	ZrnoBranko	Zrno, Branko	M
BA	ZubakKrešimir	Zubak, Krešimir	-
BA	ZvizdićDenis	Zvizdić, Denis	M
BA	ĆemalovićNermina	Ćemalović, Nermina	M
BA	ĆemanMirsad	Ćeman, Mirsad	M
BA	ĆosićGoran	Ćosić, Goran	-
BA	ĆosićIvan	Ćosić, Ivan	-
BA	ČamparaAljoša	Čampara, Aljoša	-
BA	ČamparaAvdo	Čampara, Avdo	M
BA	ČaršimamovićTarik	Čaršimamović, Tarik	M
BA	ČauševićKemal	Čaušević, Kemal	-
BA	ČavarMladen	Čavar, Mladen	-
BA	ČengićHasan	Čengić, Hasan	M
BA	ČečuraZdenka	Čečura, Zdenka	-
BA	ČolakBariša	Čolak, Bariša	M
BA	ČoloAlma	Čolo, Alma	F
BA	ČorićNino	Čorić, Nino	-
BA	ČorićValentin	Čorić, Valentin	-
BA	ČovićDragan	Čović, Dragan	M
BA	ĐapoEdita	Đapo, Edita	F
BA	ĐedovićIbrahim	Đedović, Ibrahim	M
BA	ĐedovićMuhamed	Đedović, Muhamed	-
BA	ĐerićDelivoje	Đerić, Delivoje	-
BA	ĐonlagićDženan	Đonlagić, Dženan	M
BA	ĐonlagićMirsad	Đonlagić, Mirsad	M
BA	ĐugumMirsad	Đugum, Mirsad	M
BA	ĐurkovićJelina	Đurković, Jelina	F
BA	ĐurđićNeđo	Đurđić, Neđo	-
BA	ŠainVesna	Šain, Vesna	F
BA	ŠakotaEduard	Šakota, Eduard	-
BA	ŠakotaRanko	Šakota, Ranko	-
BA	ŠantićAhmet	Šantić, Ahmet	-
BA	ŠarabaSlobodan	Šaraba, Slobodan	M
BA	ŠarganovićSenad	Šarganović, Senad	M
BA	ŠarovićMirko	Šarović, Mirko	M
BA	ŠarčevićIsmet	Šarčević, Ismet	M
BA	ŠašivarevićNedžad	Šašivarević, Nedžad	M
BA	ŠegoMilenko	Šego, Milenko	-
BA	ŠegotNikola	Šegot, Nikola	-
BA	ŠehićVehid	Šehić, Vehid	-
BA	ŠekaraMirko	Šekara, Mirko	-
BA	ŠepićSenad	Šepić, Senad	M
BA	ŠerifovićSabrija	Šerifović, Sabrija	-
BA	ŠiljegovićBoško	Šiljegović, Boško	M
BA	ŠimićIlija	Šimić, Ilija	M
BA	ŠkaljićFehim	Škaljić, Fehim	M
BA	ŠkrbićMirko	Škrbić, Mirko	-
BA	ŠmitKristijan	Šmit, Kristijan	-
BA	ŠoljićVladimir	Šoljić, Vladimir	M
BA	ŠpirićIlija	Špirić, Ilija	-
BA	ŠpirićNikola	Špirić, Nikola	M
BA	ŠurjanLaslo	Šurjan, Laslo	-
BA	ŽigićIzet	Žigić, Izet	M
BA	ŽigićJasenka	Žigić, Jasenka	-
BA	ŽilićMehmed	Žilić, Mehmed	M
BA	ŽivaljHusein	Živalj, Husein	-
BA	ŽivkovićGordana	Živković, Gordana	-
BA	ŽivkovićIvo	Živković, Ivo	M
BA	ŽivkovićMilorad	Živković, Milorad	M
BA	ŽugaMirsad	Žuga, Mirsad	-
