Country	SpeakerID	Name	Sex
RS	AbdAli	Abd, Ali	-
RS	AckovićDragoljub	Acković, Dragoljub	M
RS	AderJanoš	Ader, Janoš	-
RS	AdžemovićNevena	Adžemović, Nevena	F
RS	AdžićSlobodan	Adžić, Slobodan	M
RS	AgatonovićBorjan	Agatonović, Borjan	M
RS	AgramuntPedro	Agramunt, Pedro	-
RS	AhmetiRamadan	Ahmeti, Ramadan	M
RS	AksentijevićDanka	Aksentijević, Danka	-
RS	AksentijevićSiniša	Aksentijević, Siniša	M
RS	AlavanjaSlobodan	Alavanja, Slobodan	M
RS	AlbijanićMiloljub	Albijanić, Miloljub	M
RS	AleksićBojana	Aleksić, Bojana	F
RS	AleksićBoris	Aleksić, Boris	M
RS	AleksićDragan	Aleksić, Dragan	M
RS	AleksićGradimir	Aleksić, Gradimir	M
RS	AleksićIrena	Aleksić, Irena	F
RS	AleksićMiroslav	Aleksić, Miroslav	M
RS	AleksićZagorka	Aleksić, Zagorka	F
RS	AligrudićMiloš	Aligrudić, Miloš	M
RS	AlimpićZoran	Alimpić, Zoran	M
RS	AnastasovAdriana	Anastasov, Adriana	F
RS	AnastasovskiDragoljub	Anastasovski, Dragoljub	M
RS	AnatoljevičMedvedevDmitrij	Anatoljevič Medvedev, Dmitrij	-
RS	AndrejevićDejan	Andrejević, Dejan	M
RS	AndrićDragan	Andrić, Dragan	M
RS	AndrićIvan	Andrić, Ivan	M
RS	AndrićMilena	Andrić, Milena	F
RS	AndrićMirjana	Andrić, Mirjana	F
RS	AndrićSvetozar	Andrić, Svetozar	M
RS	AndrićVladimir	Andrić, Vladimir	M
RS	AntićAleksandar	Antić, Aleksandar	M
RS	AntićOliver	Antić, Oliver	-
RS	AntićZoran	Antić, Zoran	M
RS	AntonBiači	Anton, Biači	-
RS	AntonijevićVladimir	Antonijević, Vladimir	-
RS	AntonijevićVuko	Antonijević, Vuko	M
RS	AnđelkovićDušica	Anđelković, Dušica	F
RS	AnđelkovićZoran	Anđelković, Zoran	M
RS	AnđelkovićZoranM	Anđelković, Zoran M.	M
RS	AranđelovićMarija	Aranđelović, Marija	-
RS	ArežinaRadovan	Arežina, Radovan	M
RS	ArnerićNeda	Arnerić, Neda	M
RS	ArsenovićKonstantin	Arsenović, Konstantin	M
RS	ArsićJoca	Arsić, Joca	M
RS	ArsićTihomir	Arsić, Tihomir	M
RS	ArsićVeroljub	Arsić, Veroljub	M
RS	AtanackovićNebojša	Atanacković, Nebojša	M
RS	AtanackovićNebojšaBoban	Atanacković, Nebojša-Boban	M
RS	AtanaskovićAnđelka	Atanasković, Anđelka	-
RS	AtilaJuhas	Atila, Juhas	-
RS	AtlagićMarko	Atlagić, Marko	M
RS	AvramovAndrijana	Avramov, Andrijana	M
RS	AvramovMita	Avramov, Mita	M
RS	AvramovićDragan	Avramović, Dragan	M
RS	AvramovićMilan	Avramović, Milan	M
RS	AćimovićDragan	Aćimović, Dragan	M
RS	BabićDragoš	Babić, Dragoš	M
RS	BabićTatjana	Babić, Tatjana	-
RS	BabićVlado	Babić, Vlado	M
RS	BabićZoran	Babić, Zoran	M
RS	BabovićJovan	Babović, Jovan	-
RS	BajatovićDušan	Bajatović, Dušan	M
RS	BajićRade	Bajić, Rade	M
RS	BajovićSnežana	Bajović, Snežana	F
RS	BajramiArđend	Bajrami, Arđend	M
RS	BajčetićPredrag	Bajčetić, Predrag	M
RS	BajčetićRade	Bajčetić, Rade	M
RS	BakarecNebojša	Bakarec, Nebojša	M
RS	BakovićTatomir	Baković, Tatomir	M
RS	BalinovacZoran	Balinovac, Zoran	-
RS	BanacGrozdana	Banac, Grozdana	F
RS	BanovićDonka	Banović, Donka	F
RS	BančevićBranka	Bančević, Branka	-
RS	BanđurMiloš	Banđur, Miloš	M
RS	BaralićRajko	Baralić, Rajko	M
RS	BaraćMilun	Barać, Milun	M
RS	BarišićDragana	Barišić, Dragana	F
RS	BarošNenad	Baroš, Nenad	M
RS	BatakovićDušan	Bataković, Dušan	-
RS	BatićOlgica	Batić, Olgica	F
RS	BatićVladan	Batić, Vladan	M
RS	BauerIvan	Bauer, Ivan	M
RS	BačevacMuamer	Bačevac, Muamer	M
RS	BačevićMilan	Bačević, Milan	M
RS	BađevićVlastimir	Bađević, Vlastimir	-
RS	BelačićAleksandra	Belačić, Aleksandra	F
RS	BelićMilorad	Belić, Milorad	M
RS	BeloicaAna	Beloica, Ana	F
RS	BeretićAnita	Beretić, Anita	F
RS	BerićNebojša	Berić, Nebojša	M
RS	BeronjaLjiljana	Beronja, Ljiljana	F
RS	BesarovićVesna	Besarović, Vesna	F
RS	BećiriNadije	Bećiri, Nadije	F
RS	BečićIgor	Bečić, Igor	M
RS	BeševićBranko	Bešević, Branko	M
RS	BiačiAnton	Biači, Anton	M
RS	BiljićVojin	Biljić, Vojin	-
RS	BinićDragiša	Binić, Dragiša	M
RS	BirmančevićBoban	Birmančević, Boban	M
RS	BićaninMilena	Bićanin, Milena	F
RS	BjelobabaĐurđina	Bjelobaba, Đurđina	-
RS	BjelogrlićSnežana	Bjelogrlić, Snežana	-
RS	BlagojevićMarko	Blagojević, Marko	M
RS	BlažićBranislav	Blažić, Branislav	M
RS	BlažićMilovan	Blažić, Milovan	M
RS	BlečićMarija	Blečić, Marija	F
RS	BogaroškiBranislav	Bogaroški, Branislav	-
RS	BogatinovićŽarko	Bogatinović, Žarko	M
RS	BogdanovićGoran	Bogdanović, Goran	M
RS	BogdanovićMarko	Bogdanović, Marko	M
RS	BogdanovićNenad	Bogdanović, Nenad	M
RS	BogosavljevićBoškovićSnežana	Bogosavljević-Bošković, Snežana	F
RS	BojanićZoran	Bojanić, Zoran	M
RS	BojićDubravko	Bojić, Dubravko	M
RS	BojićMilovan	Bojić, Milovan	M
RS	BorkovićDušan	Borković, Dušan	M
RS	BorovićBorivoje	Borović, Borivoje	M
RS	BortićZoran	Bortić, Zoran	M
RS	BozaloDragan	Bozalo, Dragan	M
RS	BoškovićDragoslav	Bošković, Dragoslav	M
RS	BoškovićMiloš	Bošković, Miloš	M
RS	BoškovićMladen	Bošković, Mladen	M
RS	BoškovićZoran	Bošković, Zoran	M
RS	BošnjakBranka	Bošnjak, Branka	F
RS	BožanićBojana	Božanić, Bojana	F
RS	BožićMilan	Božić, Milan	M
RS	BožićNenad	Božić, Nenad	M
RS	BožićSandra	Božić, Sandra	F
RS	BožićTalijanElena	Božić-Talijan, Elena	F
RS	BožovićBalša	Božović, Balša	M
RS	BožovićDragoslav	Božović, Dragoslav	M
RS	BožovićStana	Božović, Stana	F
RS	BradićBlagoje	Bradić, Blagoje	M
RS	BradićNebojša	Bradić, Nebojša	-
RS	BrajovićVojislav	Brajović, Vojislav	-
RS	BrankovićDragana	Branković, Dragana	F
RS	BraserAn	Braser, An	-
RS	BrestovačkiŽeljko	Brestovački, Željko	M
RS	BrnabićAna	Brnabić, Ana	-
RS	BrozJosip	Broz, Josip	M
RS	BubaloPredrag	Bubalo, Predrag	-
RS	BudimirMilana	Budimir, Milana	F
RS	BudimirovićBidžaDobrivoje	Budimirović – Bidža, Dobrivoje	M
RS	BudimirovićDobrivoje	Budimirović, Dobrivoje	M
RS	BudimirovićJelena	Budimirović, Jelena	F
RS	BudimovićVlastimir	Budimović, Vlastimir	M
RS	BudićZvonimir	Budić, Zvonimir	M
RS	BudišinDušan	Budišin, Dušan	M
RS	BugarčićMarija	Bugarčić, Marija	F
RS	BuhaMilorad	Buha, Milorad	M
RS	BuhaMiroslav	Buha, Miroslav	-
RS	BukvićDanica	Bukvić, Danica	F
RS	BukvićRadojle	Bukvić, Radojle	M
RS	BulajićSvetislava	Bulajić, Svetislava	M
RS	BulatovićSlaviša	Bulatović, Slaviša	M
RS	BursaćBoris	Bursać, Boris	M
RS	BuzekJirži	Buzek, Jirži	-
RS	BuđanovčaninSiniša	Buđanovčanin, Siniša	M
RS	BušetićToma	Bušetić, Toma	M
RS	CekićNenad	Cekić, Nenad	-
RS	CimešaDragomir	Cimeša, Dragomir	M
RS	CokićRadoslav	Cokić, Radoslav	M
RS	ColićMomčilo	Colić, Momčilo	M
RS	CvetanovićGoran	Cvetanović, Goran	M
RS	CvetanovićMilorad	Cvetanović, Milorad	M
RS	CvetićaninNeven	Cvetićanin, Neven	M
RS	CvetkovićDušan	Cvetković, Dušan	M
RS	CvetkovićMirko	Cvetković, Mirko	M
RS	CvetkovićPetar	Cvetković, Petar	M
RS	CvetkovićStojan	Cvetković, Stojan	M
RS	CvetkovićŽivota	Cvetković, Života	M
RS	CvijanVladimir	Cvijan, Vladimir	M
RS	DabićĐorđe	Dabić, Đorđe	M
RS	DacinŽivodarka	Dacin, Živodarka	F
RS	DajaJovan	Daja, Jovan	M
RS	DamjanovićDejan	Damjanović, Dejan	-
RS	DamjanovićJovan	Damjanović, Jovan	M
RS	DamjanovićMiljan	Damjanović, Miljan	M
RS	DamnjanovićDragi	Damnjanović, Dragi	M
RS	DanilovićMarko	Danilović, Marko	-
RS	DankAndrej	Dank, Andrej	-
RS	DavidovacTijana	Davidovac, Tijana	F
RS	DavidovićGoran	Davidović, Goran	M
RS	DavidovićLjubivoje	Davidović, Ljubivoje	M
RS	DazdarevićSabina	Dazdarević, Sabina	F
RS	DačićIvica	Dačić, Ivica	M
RS	DačićMilica	Dačić, Milica	F
RS	DelevićMilica	Delević, Milica	F
RS	DelibašićZorana	Delibašić, Zorana	-
RS	DelićBožidar	Delić, Božidar	M
RS	DeretaMiljenko	Dereta, Miljenko	M
RS	DeretićJovan	Deretić, Jovan	M
RS	DespotovićZoran	Despotović, Zoran	M
RS	DeđanskiStevica	Deđanski, Stevica	M
RS	DeđiangDžang	Deđiang, Džang	-
RS	DimitrijevićBojan	Dimitrijević, Bojan	-
RS	DimitrijevićLidija	Dimitrijević, Lidija	F
RS	DimitrijevićMilan	Dimitrijević, Milan	M
RS	DimitrijevićMilić	Dimitrijević, Milić	M
RS	DimitrijevićNinoslav	Dimitrijević, Ninoslav	M
RS	DimitrijuAnita	Dimitriju, Anita	-
RS	DimitrovVladica	Dimitrov, Vladica	M
RS	DimićDragan	Dimić, Dragan	M
RS	DinićIvana	Dinić, Ivana	F
RS	DinićVoja	Dinić, Voja	M
RS	DinkićMlađan	Dinkić, Mlađan	M
RS	DinčićVuk	Dinčić, Vuk	M
RS	DizdarevićFaruk	Dizdarević, Faruk	M
RS	DišićMiloš	Dišić, Miloš	M
RS	DišićMiodrag	Dišić, Miodrag	M
RS	DmitrovićRadomir	Dmitrović, Radomir	M
RS	DobrićDobrosav	Dobrić, Dobrosav	M
RS	DobrosavljevićVladimir	Dobrosavljević, Vladimir	M
RS	DolovacZagorka	Dolovac, Zagorka	-
RS	DomazetDragan	Domazet, Dragan	-
RS	DotorovićDragan	Dotorović, Dragan	-
RS	DragašMirjana	Dragaš, Mirjana	F
RS	DraginSaša	Dragin, Saša	-
RS	DragišićStevo	Dragišić, Stevo	M
RS	DragišićZoran	Dragišić, Zoran	M
RS	DragojevićHelijana	Dragojević, Helijana	F
RS	DragojevićSrđan	Dragojević, Srđan	M
RS	DragosavljevićZlatko	Dragosavljević, Zlatko	M
RS	DragutinovićDiana	Dragutinović, Diana	-
RS	DrakulovićBorivoje	Drakulović, Borivoje	M
RS	DramlićMiroslav	Dramlić, Miroslav	M
RS	DrecunMilovan	Drecun, Milovan	M
RS	DrinjakovićDušan	Drinjaković, Dušan	M
RS	DronjakMilica	Dronjak, Milica	F
RS	DujovićSaša	Dujović, Saša	M
RS	DukićMilorad	Dukić, Milorad	M
RS	DulićMarkovićIvana	Dulić Marković, Ivana	-
RS	DulićOliver	Dulić, Oliver	M
RS	DumbelovićČedo	Dumbelović, Čedo	M
RS	DunjićGoran	Dunjić, Goran	M
RS	DunjićMilomir	Dunjić, Milomir	M
RS	DuvnjakMomčilo	Duvnjak, Momčilo	M
RS	DžamićSrboljub	Džamić, Srboljub	M
RS	DžudževićEsad	Džudžević, Esad	M
RS	EkresRozalija	Ekres, Rozalija	F
RS	ElfićEmir	Elfić, Emir	M
RS	ErićNinoslav	Erić, Ninoslav	M
RS	ErnjakovićMilan	Ernjaković, Milan	M
RS	EštonKetrin	Ešton, Ketrin	-
RS	FaTomićJovana	Fa Tomić, Jovana	F
RS	FehratovićJahja	Fehratović, Jahja	M
RS	FilaToma	Fila, Toma	M
RS	FileŠtefan	File, Štefan	-
RS	FilipovPredrag	Filipov, Predrag	-
RS	FilipovićAna	Filipović, Ana	F
RS	FilipovićNenad	Filipović, Nenad	M
RS	FilipovićSrbislav	Filipović, Srbislav	M
RS	FilipovskiDubravka	Filipovski, Dubravka	F
RS	FremondArpad	Fremond, Arpad	M
RS	FremondÁrpád	Fremond, Árpád	M
RS	GajevićGorica	Gajević, Gorica	F
RS	GajićAleksandar	Gajić, Aleksandar	-
RS	GajićGordana	Gajić, Gordana	F
RS	GajićGorica	Gajić, Gorica	F
RS	GalgoFerenciAndrea	Galgo-Ferenci, Andrea	F
RS	GarčevićVladimir	Garčević, Vladimir	M
RS	GavrilovićMarko	Gavrilović, Marko	M
RS	GavrilovićMilica	Gavrilović, Milica	-
RS	GavrilovićSlobodan	Gavrilović, Slobodan	M
RS	GavrilovićSvetozar	Gavrilović, Svetozar	M
RS	GačevićRodoljub	Gačević, Rodoljub	-
RS	GašićBratislav	Gašić, Bratislav	M
RS	GegićBajro	Gegić, Bajro	M
RS	GerovRadmila	Gerov, Radmila	F
RS	GirićNinoslav	Girić, Ninoslav	M
RS	GlamočićDragan	Glamočić, Dragan	-
RS	GlavčevDimitar	Glavčev, Dimitar	-
RS	GligorijevićZoran	Gligorijević, Zoran	M
RS	GligorićBranko	Gligorić, Branko	M
RS	GlišićDarko	Glišić, Darko	M
RS	GlišićVladan	Glišić, Vladan	M
RS	GogićBranko	Gogić, Branko	M
RS	GojkovićMaja	Gojković, Maja	F
RS	GojkovićSlobodan	Gojković, Slobodan	M
RS	GojkovićVesna	Gojković, Vesna	-
RS	GojkovićŽika	Gojković, Žika	M
RS	GolubovićDragan	Golubović, Dragan	M
RS	GolubovićDušan	Golubović, Dušan	M
RS	GoravicaBranislava	Goravica, Branislava	-
RS	GordićVladimir	Gordić, Vladimir	M
RS	GovedaricaBalša	Govedarica, Balša	-
RS	GrahovacVladimir	Grahovac, Vladimir	M
RS	GrbićLjubodrag	Grbić, Ljubodrag	M
RS	GrbićMaja	Grbić, Maja	F
RS	GrigorjevičAleksandar	Grigorjevič, Aleksandar	-
RS	GrubačkiBranislav	Grubački, Branislav	M
RS	GrubetićIvan	Grubetić, Ivan	M
RS	GrubješićSuzana	Grubješić, Suzana	F
RS	GruborBorka	Grubor, Borka	F
RS	GrujićMladen	Grujić, Mladen	M
RS	GudurićStevan	Gudurić, Stevan	M
RS	GudurićStevanŽ	Gudurić, Stevan Ž.	M
RS	GušićMiroslava	Gušić, Miroslava	M
RS	GvozdenovićSlobodan	Gvozdenović, Slobodan	M
RS	HajdarevićKenan	Hajdarević, Kenan	M
RS	HalimiRiza	Halimi, Riza	M
RS	HamzagićŠerif	Hamzagić, Šerif	M
RS	HanJohanes	Han, Johanes	-
RS	HasaniFatmir	Hasani, Fatmir	M
RS	HasanovićKoraćBiljana	Hasanović-Korać, Biljana	F
RS	HiberDragor	Hiber, Dragor	M
RS	HinićSlavko	Hinić, Slavko	M
RS	HodžićMirsad	Hodžić, Mirsad	M
RS	HomanVladimir	Homan, Vladimir	M
RS	HomenSlobodan	Homen, Slobodan	M
RS	HrebikJaroslav	Hrebik, Jaroslav	M
RS	HristoduloMirosav	Hristodulo, Mirosav	M
RS	HristoduloMiroslav	Hristodulo, Miroslav	M
RS	HukićHana	Hukić, Hana	-
RS	HurićZeldžo	Hurić, Zeldžo	M
RS	IgićRužica	Igić, Ružica	F
RS	IlićBorko	Ilić, Borko	M
RS	IlićDušan	Ilić, Dušan	M
RS	IlićGoran	Ilić, Goran	-
RS	IlićMilan	Ilić, Milan	M
RS	IlićMile	Ilić, Mile	M
RS	IlićMiomir	Ilić, Miomir	M
RS	IlićRadiša	Ilić, Radiša	M
RS	IlićStošićBiljana	Ilić Stošić, Biljana	F
RS	IlićVelimir	Ilić, Velimir	M
RS	IlićVladimir	Ilić, Vladimir	M
RS	ImamovićEnis	Imamović, Enis	M
RS	IsailovićObrad	Isailović, Obrad	M
RS	IvanjiŽeljko	Ivanji, Željko	M
RS	IvanovićBranislav	Ivanović, Branislav	M
RS	IvanovićMiladin	Ivanović, Miladin	M
RS	IvanovićNataša	Ivanović, Nataša	F
RS	IvićMirjana	Ivić, Mirjana	-
RS	IvkovićBranislav	Ivković, Branislav	M
RS	IvkovićVesna	Ivković, Vesna	F
RS	IvoševićZoran	Ivošević, Zoran	-
RS	IšpanovićIštvan	Išpanović, Ištvan	M
RS	IšpanovičIštvan	Išpanovič, Ištvan	M
RS	JablanovićAleksandar	Jablanović, Aleksandar	M
RS	JagodićMihajlo	Jagodić, Mihajlo	M
RS	JakovljevićBiljana	Jakovljević, Biljana	F
RS	JakovljevićBojan	Jakovljević, Bojan	M
RS	JakšićGoran	Jakšić, Goran	M
RS	JakšićMarko	Jakšić, Marko	M
RS	JanačkovićBratoljub	Janačković, Bratoljub	M
RS	JanićevićBogoljub	Janićević, Bogoljub	M
RS	JanjićSlobodan	Janjić, Slobodan	M
RS	JanjuševićKrsto	Janjušević, Krsto	M
RS	JanjuševićMarija	Janjušević, Marija	F
RS	JankovRatko	Jankov, Ratko	M
RS	JankovićAleksandar	Janković, Aleksandar	M
RS	JankovićAleksandra	Janković, Aleksandra	M
RS	JankovićBranislav	Janković, Branislav	M
RS	JankovićBranka	Janković, Branka	F
RS	JankovićBrankica	Janković, Brankica	-
RS	JankovićDagoljub	Janković, Dagoljub	-
RS	JankovićDobrica	Janković, Dobrica	M
RS	JankovićDragoljub	Janković, Dragoljub	-
RS	JankovićDušan	Janković, Dušan	M
RS	JankovićMarko	Janković, Marko	-
RS	JankovićMilan	Janković, Milan	M
RS	JankovićMiloš	Janković, Miloš	-
RS	JankovićMiroslav	Janković, Miroslav	M
RS	JankovićNenad	Janković, Nenad	M
RS	JankovićSaša	Janković, Saša	-
RS	JankovićSlobodan	Janković, Slobodan	-
RS	JankovićTomislav	Janković, Tomislav	M
RS	JankovićVeselin	Janković, Veselin	M
RS	JankovićVladeta	Janković, Vladeta	M
RS	JankovićVojislav	Janković, Vojislav	M
RS	JanoševićStanislava	Janošević, Stanislava	M
RS	JančićRadovan	Jančić, Radovan	M
RS	JarićDražen	Jarić, Dražen	M
RS	JaćimovićMiodrag	Jaćimović, Miodrag	M
RS	JefićBrankovićSanja	Jefić Branković, Sanja	F
RS	JelašićRadovan	Jelašić, Radovan	-
RS	JelenkovićPredrag	Jelenković, Predrag	M
RS	JeličićMilutin	Jeličić, Milutin	M
RS	JeremićSlobodan	Jeremić, Slobodan	M
RS	JeremićVladan	Jeremić, Vladan	M
RS	JeremićVuk	Jeremić, Vuk	M
RS	JerkovAleksandra	Jerkov, Aleksandra	F
RS	JerkovićSlavko	Jerković, Slavko	M
RS	JevremovićRadoslav	Jevremović, Radoslav	M
RS	JevtićAleksandra	Jevtić, Aleksandra	-
RS	JevtićIvica	Jevtić, Ivica	M
RS	JevtićJovica	Jevtić, Jovica	M
RS	JevtićMiloš	Jevtić, Miloš	M
RS	JevtićStojan	Jevtić, Stojan	-
RS	JevtovićMilanka	Jevtović, Milanka	-
RS	JevtovićViktor	Jevtović, Viktor	M
RS	JevtovićVukojičićMilanka	Jevtović Vukojičić, Milanka	F
RS	JevđićMarija	Jevđić, Marija	F
RS	JešićGoran	Ješić, Goran	M
RS	JocićGoran	Jocić, Goran	M
RS	JocićRadica	Jocić, Radica	F
RS	JojićMiloš	Jojić, Miloš	M
RS	JojićPetar	Jojić, Petar	M
RS	JokanovićŽarko	Jokanović, Žarko	M
RS	JokićMihailo	Jokić, Mihailo	M
RS	JokovićIvan	Joković, Ivan	M
RS	JokovićRadič	Joković, Radič	M
RS	JokovićSandra	Joković, Sandra	F
RS	JoksimovićJadranka	Joksimović, Jadranka	F
RS	JoksimovićJovana	Joksimović, Jovana	F
RS	JoksimovićNemanja	Joksimović, Nemanja	M
RS	JoksimovićObren	Joksimović, Obren	-
RS	JolovićNikola	Jolović, Nikola	M
RS	JorgaJagoda	Jorga, Jagoda	F
RS	JosimovIvan	Josimov, Ivan	M
RS	JosipovićIvo	Josipović, Ivo	-
RS	JotićŽivadin	Jotić, Živadin	M
RS	JovanovMilenko	Jovanov, Milenko	M
RS	Jovanović1Nataša	Jovanović, Nataša	-
RS	Jovanović2Nataša	Jovanović2, Nataša	F
RS	JovanovićAleksandar	Jovanović, Aleksandar	M
RS	JovanovićAna	Jovanović, Ana	-
RS	JovanovićBranimir	Jovanović, Branimir	M
RS	JovanovićBranislav	Jovanović, Branislav	M
RS	JovanovićDejan	Jovanović, Dejan	M
RS	JovanovićDimitrije	Jovanović, Dimitrije	M
RS	JovanovićDragan	Jovanović, Dragan	M
RS	JovanovićGvozden	Jovanović, Gvozden	M
RS	JovanovićIvan	Jovanović, Ivan	M
RS	JovanovićJadranka	Jovanović, Jadranka	F
RS	JovanovićJovan	Jovanović, Jovan	M
RS	JovanovićJovana	Jovanović, Jovana	F
RS	JovanovićMarija	Jovanović, Marija	F
RS	JovanovićMiloš	Jovanović, Miloš	M
RS	JovanovićNataša	Jovanović, Nataša	F
RS	JovanovićNeđo	Jovanović, Neđo	M
RS	JovanovićNikola	Jovanović, Nikola	M
RS	JovanovićTomislav	Jovanović, Tomislav	-
RS	JovanovićVera	Jovanović, Vera	F
RS	JovanovićVidoje	Jovanović, Vidoje	M
RS	JovanovićVladimir	Jovanović, Vladimir	M
RS	JovanovićZlatan	Jovanović, Zlatan	M
RS	JovanovićZoran	Jovanović, Zoran	M
RS	JovanovićČedomir	Jovanović, Čedomir	M
RS	JovanovićŽivadin	Jovanović, Živadin	M
RS	JovanovićŽotaŽivotije	Jovanović – Žota, Životije	M
RS	JovickiVesna	Jovicki, Vesna	F
RS	JovićMilorad	Jović, Milorad	M
RS	JovićNebojša	Jović, Nebojša	M
RS	JovićRadoslav	Jović, Radoslav	M
RS	JovičićAleksandar	Jovičić, Aleksandar	M
RS	JovičićIvan	Jovičić, Ivan	-
RS	JovičićMile	Jovičić, Mile	M
RS	JovičićVladan	Jovičić, Vladan	M
RS	JovišićJadranka	Jovišić, Jadranka	F
RS	JovčićStanko	Jovčić, Stanko	M
RS	JozićZoran	Jozić, Zoran	M
RS	JočićDragan	Jočić, Dragan	M
RS	JugovićAleksandar	Jugović, Aleksandar	M
RS	JugovićBratislav	Jugović, Bratislav	M
RS	JugovićMilan	Jugović, Milan	M
RS	Juhas2Atila	Juhas2, Atila	M
RS	JuhasAtila	Juhas, Atila	M
RS	KalanovićVerica	Kalanović, Verica	F
RS	KamberiŠaip	Kamberi, Šaip	M
RS	KapelanRajko	Kapelan, Rajko	M
RS	KarabenčDušica	Karabenč, Dušica	F
RS	KaradžićAna	Karadžić, Ana	F
RS	KaraičićBoris	Karaičić, Boris	M
RS	KaramarkovićLeposava	Karamarković, Leposava	-
RS	KaranacJasmina	Karanac, Jasmina	F
RS	KaranovićNevena	Karanović, Nevena	-
RS	KaravidićBranka	Karavidić, Branka	F
RS	KarićDragomir	Karić, Dragomir	M
RS	KarićIvan	Karić, Ivan	M
RS	KarićMilanka	Karić, Milanka	F
RS	KaroljPal	Karolj, Pal	-
RS	KasaJožef	Kasa, Jožef	M
RS	KasalovićZoran	Kasalović, Zoran	M
RS	KasašKarolj	Kasaš, Karolj	M
RS	KatićBorivoje	Katić, Borivoje	M
RS	KatićJelena	Katić, Jelena	F
RS	KebaraLuka	Kebara, Luka	M
RS	KekićBojan	Kekić, Bojan	M
RS	KermeciKarolj	Kermeci, Karolj	M
RS	KertesMihalj	Kertes, Mihalj	M
RS	KesarDejan	Kesar, Dejan	M
RS	KesejićStevan	Kesejić, Stevan	M
RS	KesićLjubiša	Kesić, Ljubiša	M
RS	KirćanskiOlgica	Kirćanski, Olgica	F
RS	KisićTepavčevićDarija	Kisić Tepavčević, Darija	-
RS	KitanovićMina	Kitanović, Mina	F
RS	KitanovićNenad	Kitanović, Nenad	M
RS	KitanovićTomislav	Kitanović, Tomislav	M
RS	KitićSvetlana	Kitić, Svetlana	F
RS	KišNandor	Kiš, Nandor	M
RS	KišmartonOto	Kišmarton, Oto	M
RS	KlodMinjonŽan	Minjon, Žan Klod	-
RS	KneževićBiljana	Knežević, Biljana	F
RS	KneževićBlaža	Knežević, Blaža	M
RS	KneževićGašo	Knežević, Gašo	M
RS	KneževićGoran	Knežević, Goran	M
RS	KneževićMilan	Knežević, Milan	M
RS	KneževićVesna	Knežević, Vesna	F
RS	KobahidzeIraklije	Kobahidze, Iraklije	-
RS	KocićJelena	Kocić, Jelena	-
RS	KojadinovićDragan	Kojadinović, Dragan	-
RS	KojenLeon	Kojen, Leon	-
RS	KojićIvica	Kojić, Ivica	M
RS	KojčićDragoljub	Kojčić, Dragoljub	M
RS	KokaLjuan	Koka, Ljuan	M
RS	KolundžijaJovan	Kolundžija, Jovan	M
RS	KolundžijaNada	Kolundžija, Nada	F
RS	KomazecSrđo	Komazec, Srđo	M
RS	KomlenovićRadoslav	Komlenović, Radoslav	M
RS	KomlenskiĐorđe	Komlenski, Đorđe	M
RS	KompirovićStanija	Kompirović, Stanija	F
RS	KondićMiroslav	Kondić, Miroslav	M
RS	KonstantinovićNenad	Konstantinović, Nenad	M
RS	KoprivicaBožidar	Koprivica, Božidar	M
RS	KoraćMilan	Korać, Milan	M
RS	KoraćŽarko	Korać, Žarko	M
RS	KosanićĐorđe	Kosanić, Đorđe	M
RS	KosanovićMirna	Kosanović, Mirna	F
RS	KosorićLjiljana	Kosorić, Ljiljana	F
RS	KostadinovaNevenka	Kostadinova, Nevenka	F
RS	KostadinovićZoran	Kostadinović, Zoran	M
RS	KostićBlagica	Kostić, Blagica	F
RS	KostićDragana	Kostić, Dragana	F
RS	KostićIvan	Kostić, Ivan	M
RS	KostićNada	Kostić, Nada	-
RS	KostićRadmilo	Kostić, Radmilo	M
RS	KostićVladeta	Kostić, Vladeta	M
RS	KostrešBojan	Kostreš, Bojan	M
RS	KovačElvira	Kovač, Elvira	F
RS	KovačVesna	Kovač, Vesna	F
RS	KovačevićBorisav	Kovačević, Borisav	M
RS	KovačevićBorislav	Kovačević, Borislav	-
RS	KovačevićBranislav	Kovačević, Branislav	M
RS	KovačevićDejan	Kovačević, Dejan	M
RS	KovačevićDragan	Kovačević, Dragan	M
RS	KovačevićGoran	Kovačević, Goran	M
RS	KovačevićIvan	Kovačević, Ivan	M
RS	KovačevićIvana	Kovačević, Ivana	F
RS	KovačevićMilan	Kovačević, Milan	M
RS	KovačevićSiniša	Kovačević, Siniša	M
RS	KovačevićStanko	Kovačević, Stanko	M
RS	KovačevićStudenka	Kovačević, Studenka	F
RS	KovačevićVeljko	Kovačević, Veljko	M
RS	KovačevićZorica	Kovačević, Zorica	F
RS	KovácsElvira	Kovács, Elvira	F
RS	KozićSvetlana	Kozić, Svetlana	F
RS	KoštunicaVojislav	Koštunica, Vojislav	M
RS	KožovićNikola	Kožović, Nikola	M
RS	KragovićLjubomir	Kragović, Ljubomir	M
RS	KrajinovićBlagoje	Krajinović, Blagoje	M
RS	KrajnovićMarijana	Krajnović, Marijana	F
RS	KraljDubravka	Kralj, Dubravka	F
RS	KrasićZoran	Krasić, Zoran	M
RS	KrekićBranislav	Krekić, Branislav	M
RS	KrešićMarin	Krešić, Marin	M
RS	KrivokapićMilovan	Krivokapić, Milovan	M
RS	KrivokapićRanko	Krivokapić, Ranko	-
RS	KrišanovVesna	Krišanov, Vesna	F
RS	KrkobabićJovan	Krkobabić, Jovan	M
RS	KrkobabićMilan	Krkobabić, Milan	M
RS	KrkobabićStefan	Krkobabić, Stefan	M
RS	KrlićMirko	Krlić, Mirko	M
RS	KronićVladislav	Kronić, Vladislav	M
RS	KronjaMarko	Kronja, Marko	M
RS	KrpićNikola	Krpić, Nikola	M
RS	KrstinMarko	Krstin, Marko	M
RS	KrstinMilorad	Krstin, Milorad	M
RS	Krstić2Nenad	Krstić2, Nenad	M
RS	KrstićEmilija	Krstić, Emilija	F
RS	KrstićLazar	Krstić, Lazar	-
RS	KrstićNenad	Krstić, Nenad	M
RS	KrstićSlaviša	Krstić, Slaviša	M
RS	KrstićSvetislav	Krstić, Svetislav	M
RS	KrunićSpasoje	Krunić, Spasoje	M
RS	KrunićSpasojePaja	Krunić, Spasoje Paja	M
RS	KruževićSrđan	Kružević, Srđan	M
RS	KuburovićNela	Kuburović, Nela	-
RS	KulezićSandra	Kulezić, Sandra	-
RS	KuntićPetar	Kuntić, Petar	M
RS	KurjačkiArsen	Kurjački, Arsen	M
RS	KurtešaninSimo	Kurtešanin, Simo	M
RS	KutićBore	Kutić, Bore	M
RS	KuzmanovićVujakovićLjiljana	Kuzmanović-Vujaković, Ljiljana	F
RS	KučevićSelma	Kučević, Selma	F
RS	KučevićŠemsudin	Kučević, Šemsudin	M
RS	KužićVukica	Kužić, Vukica	-
RS	LabusMiroljub	Labus, Miroljub	-
RS	LagumdžijaTatjana	Lagumdžija, Tatjana	-
RS	LakatošLjibuška	Lakatoš, Ljibuška	F
RS	LaketićDarko	Laketić, Darko	M
RS	LakićSanja	Lakić, Sanja	F
RS	LakićevićRadan	Lakićević, Radan	M
RS	LakićevićStojačićSnežana	Lakićević-Stojačić, Snežana	F
RS	LalićNikola	Lalić, Nikola	M
RS	LalićVesna	Lalić, Vesna	-
RS	LalovićSlobodan	Lalović, Slobodan	M
RS	LammertNorbert	Lammert, Norbert	-
RS	LanguraJanko	Langura, Janko	M
RS	LapčevićMilan	Lapčević, Milan	M
RS	LasloTorde	Laslo, Torde	-
RS	LatkovićMilan	Latković, Milan	M
RS	LauševićMaja	Laušević, Maja	F
RS	LazanskiMiroslav	Lazanski, Miroslav	M
RS	LazarevićAleksandar	Lazarević, Aleksandar	M
RS	LazarevićJanko	Lazarević, Janko	-
RS	LazarevićJordan	Lazarević, Jordan	M
RS	Lazić2Nikola	Lazić2, Nikola	M
RS	LazićDragan	Lazić, Dragan	M
RS	LazićNada	Lazić, Nada	F
RS	LazićNikola	Lazić, Nikola	M
RS	LazićSiniša	Lazić, Siniša	M
RS	LazićĐura	Lazić, Đura	M
RS	LazovićKata	Lazović, Kata	-
RS	LekićŽivadin	Lekić, Živadin	M
RS	LekovićMarija	Leković, Marija	F
RS	LekovićNebojša	Leković, Nebojša	M
RS	LemajićNenad	Lemajić, Nenad	M
RS	LensKlarkDejvid	Lens, Klark Dejvid	-
RS	LilićStevan	Lilić, Stevan	M
RS	LintaMiodrag	Linta, Miodrag	M
RS	LjajićRasim	Ljajić, Rasim	M
RS	LjiljakBranka	Ljiljak, Branka	F
RS	LjuanKoka	Ljuan, Koka	-
RS	LjubenovićTomislav	Ljubenović, Tomislav	M
RS	LjubićMilan	Ljubić, Milan	-
RS	LjubičićJana	Ljubičić, Jana	F
RS	LjubišićNataša	Ljubišić, Nataša	F
RS	LjubojevićDragan	Ljubojević, Dragan	M
RS	LjušićRadoš	Ljušić, Radoš	-
RS	LodiGabor	Lodi, Gabor	M
RS	LončarZlatibor	Lončar, Zlatibor	-
RS	LončarZoran	Lončar, Zoran	-
RS	LovrinGavrilovićDaniela	Lovrin-Gavrilović, Daniela	F
RS	LukačAmela	Lukač, Amela	F
RS	LukićMiloš	Lukić, Miloš	M
RS	LukićMladen	Lukić, Mladen	M
RS	LutovacVioleta	Lutovac, Violeta	F
RS	LučićLjiljana	Lučić, Ljiljana	F
RS	LučićMiloš	Lučić, Miloš	M
RS	MJovanovićDragan	M. Jovanović, Dragan	M
RS	MacuraTatjana	Macura, Tatjana	F
RS	MadžarevićPetar	Madžarević, Petar	M
RS	MagdaJon	Magda, Jon	M
RS	MajkićAleksandra	Majkić, Aleksandra	F
RS	MaksimovićSaša	Maksimović, Saša	M
RS	MaksimovićSiniša	Maksimović, Siniša	M
RS	MaksimovićSofija	Maksimović, Sofija	F
RS	MaletićAleksandra	Maletić, Aleksandra	F
RS	MaliSiniša	Mali, Siniša	-
RS	MalićSiniša	Malić, Siniša	-
RS	MalovićSnežana	Malović, Snežana	F
RS	MalušićLjiljana	Malušić, Ljiljana	F
RS	MamulaĐorđe	Mamula, Đorđe	M
RS	MandićMomčilo	Mandić, Momčilo	M
RS	MandićStanojla	Mandić, Stanojla	-
RS	ManojlovićIvan	Manojlović, Ivan	M
RS	MaraciNandor	Maraci, Nandor	M
RS	MaravićLjubiša	Maravić, Ljubiša	M
RS	MarašMarjana	Maraš, Marjana	F
RS	MarašSlobodan	Maraš, Slobodan	M
RS	MarinkovićBranko	Marinković, Branko	-
RS	MarinkovićDragiša	Marinković, Dragiša	M
RS	MarinkovićDušan	Marinković, Dušan	M
RS	MarinkovićGorjana	Marinković, Gorjana	F
RS	MarinkovićMilka	Marinković, Milka	M
RS	MarinkovićMiroslav	Marinković, Miroslav	M
RS	MarinkovićSrboljub	Marinković, Srboljub	-
RS	MarinkovićStevan	Marinković, Stevan	M
RS	MarinkovićVladimir	Marinković, Vladimir	M
RS	MarinovićMilan	Marinović, Milan	-
RS	MarićDušan	Marić, Dušan	M
RS	MarićGeorgije	Marić, Georgije	-
RS	MarićLjubomir	Marić, Ljubomir	M
RS	MarićMiroljub	Marić, Miroljub	M
RS	MarićVesna	Marić, Vesna	F
RS	MaričićVladica	Maričić, Vladica	M
RS	MarjanovićMirjana	Marjanović, Mirjana	F
RS	MarjanovićMirko	Marjanović, Mirko	M
RS	MarjanovićNebojša	Marjanović, Nebojša	M
RS	MarjanovićTihomir	Marjanović, Tihomir	M
RS	MarjanovićVesna	Marjanović, Vesna	F
RS	MarjanskiLazar	Marjanski, Lazar	M
RS	MarkićevićMiroslav	Markićević, Miroslav	M
RS	MarkovPavle	Markov, Pavle	M
RS	Marković2Predrag	Marković2, Predrag	M
RS	MarkovićAleksandar	Marković, Aleksandar	M
RS	MarkovićDragan	Marković, Dragan	M
RS	MarkovićDraganD	Marković, Dragan D.	M
RS	MarkovićDraganM	Marković, Dragan M.	M
RS	MarkovićDragomir	Marković, Dragomir	M
RS	MarkovićJelena	Marković, Jelena	F
RS	MarkovićJovan	Marković, Jovan	M
RS	MarkovićMihajlo	Marković, Mihajlo	M
RS	MarkovićMilan	Marković, Milan	M
RS	MarkovićMilovan	Marković, Milovan	M
RS	MarkovićMomir	Marković, Momir	M
RS	MarkovićPredrag	Marković, Predrag	M
RS	MarkovićRatko	Marković, Ratko	-
RS	MarkovićTomislav	Marković, Tomislav	M
RS	MarkovićUglješa	Marković, Uglješa	M
RS	MarkovićVera	Marković, Vera	F
RS	MarkovićVesna	Marković, Vesna	F
RS	MarkovićZorana	Marković, Zorana	-
RS	MartinovićAleksandar	Martinović, Aleksandar	M
RS	MartinovićVesna	Martinović, Vesna	F
RS	MartićMiroslav	Martić, Miroslav	M
RS	MartonAleksandar	Marton, Aleksandar	M
RS	MarušićDražimir	Marušić, Dražimir	M
RS	MarčetićRatko	Marčetić, Ratko	M
RS	MarčokPavel	Marčok, Pavel	M
RS	MaršićaninDragan	Maršićanin, Dragan	M
RS	MaslovaraRalevićJelena	Maslovara Ralević, Jelena	-
RS	MatarelaSerđo	Matarela, Serđo	-
RS	MatejićIlija	Matejić, Ilija	M
RS	MatićJasna	Matić, Jasna	-
RS	MatićSlavoljub	Matić, Slavoljub	M
RS	MatićTatjana	Matić, Tatjana	-
RS	MatićVeroljub	Matić, Veroljub	M
RS	MatkovićDuško	Matković, Duško	M
RS	MatkovićGordana	Matković, Gordana	-
RS	MatovićRajka	Matović, Rajka	F
RS	MatvijenkoValentina	Matvijenko, Valentina	-
RS	MačužićMaja	Mačužić, Maja	F
RS	MašićZoran	Mašić, Zoran	M
RS	MedvedevDmitrij	Medvedev, Dmitrij	-
RS	MehandžićJovana	Mehandžić, Jovana	-
RS	MehandžićĐurđićJovana	Mehandžić Đurđić, Jovana	F
RS	MelankŠandor	Melank, Šandor	M
RS	MesarovićNata	Mesarović, Nata	-
RS	MigatiAmjad	Migati, Amjad	M
RS	MihailovićJelena	Mihailović, Jelena	F
RS	MihailovićNataša	Mihailović, Nataša	-
RS	MihailovićVacićNataša	Mihailović Vacić, Nataša	F
RS	MihailovićVojislav	Mihailović, Vojislav	M
RS	MihajlovAnđelka	Mihajlov, Anđelka	-
RS	MihajlovDejan	Mihajlov, Dejan	M
RS	MihajlovSredoje	Mihajlov, Sredoje	M
RS	MihajlovićBranislav	Mihajlović, Branislav	M
RS	MihajlovićDušan	Mihajlović, Dušan	-
RS	MihajlovićGoran	Mihajlović, Goran	M
RS	MihajlovićJovanka	Mihajlović, Jovanka	F
RS	MihajlovićLjiljana	Mihajlović, Ljiljana	F
RS	MihajlovićLjubiša	Mihajlović, Ljubiša	M
RS	MihajlovićMilanovićZorana	Mihajlović Milanović, Zorana	F
RS	MihajlovićMiletić	Mihajlović, Miletić	M
RS	MihajlovićMiloje	Mihajlović, Miloje	M
RS	MihajlovićNataša	Mihajlović, Nataša	-
RS	MihajlovićOgnjen	Mihajlović, Ognjen	M
RS	MihajlovićSlobodan	Mihajlović, Slobodan	M
RS	MihajlovićVitomir	Mihajlović, Vitomir	M
RS	MihajlovićVojislav	Mihajlović, Vojislav	M
RS	MihajlovićZorana	Mihajlović, Zorana	-
RS	MihajlovićZorna	Mihajlović, Zorna	-
RS	MihajlovićZvonko	Mihajlović, Zvonko	M
RS	MihajlovskaLjupka	Mihajlovska, Ljupka	F
RS	MijailovićLunePredrag	Mijailovič Lune, Predrag	-
RS	MijailovićOstoja	Mijailović, Ostoja	M
RS	MijailovićPredrag	Mijailović, Predrag	-
RS	MijailovićPredragLune	Mijailović, Predrag-Lune	M
RS	MijajlovićSlađan	Mijajlović, Slađan	M
RS	MijaljevićSlađan	Mijaljević, Slađan	M
RS	MijatovićBorivoje	Mijatović, Borivoje	M
RS	MijatovićJelena	Mijatović, Jelena	F
RS	MijatovićMilomir	Mijatović, Milomir	M
RS	MijatovićMilorad	Mijatović, Milorad	M
RS	MijatovićPredrag	Mijatović, Predrag	M
RS	MikavicaDejan	Mikavica, Dejan	M
RS	MikićPredrag	Mikić, Predrag	M
RS	MikovićMilan	Miković, Milan	M
RS	MikovićSrđan	Miković, Srđan	M
RS	MiladinovićLjiljana	Miladinović, Ljiljana	F
RS	MiladinovićStefana	Miladinović, Stefana	F
RS	MilajićVojislav	Milajić, Vojislav	M
RS	MilankovVladimir	Milankov, Vladimir	M
RS	MilanovićRadivoje	Milanović, Radivoje	M
RS	MilačićBorislav	Milačić, Borislav	-
RS	MilekićVesna	Milekić, Vesna	F
RS	MilekićZoran	Milekić, Zoran	M
RS	MilenićSaša	Milenić, Saša	M
RS	MilenkovićBlagoje	Milenković, Blagoje	M
RS	MilenkovićJelena	Milenković, Jelena	F
RS	MilenkovićMarko	Milenković, Marko	M
RS	MilenkovićTomislav	Milenković, Tomislav	M
RS	MilentijevićDragan	Milentijević, Dragan	M
RS	MilentijevićVladimir	Milentijević, Vladimir	M
RS	MiletićMilija	Miletić, Milija	M
RS	MiletićMilivoje	Miletić, Milivoje	M
RS	MilijićSvetlana	Milijić, Svetlana	F
RS	MilisavljevićDušan	Milisavljević, Dušan	M
RS	MilisavljevićSmiljana	Milisavljević, Smiljana	F
RS	MilivojevićKsenija	Milivojević, Ksenija	-
RS	MilivojevićSrđan	Milivojević, Srđan	M
RS	MilićGoran	Milić, Goran	M
RS	MilićNenad	Milić, Nenad	M
RS	MilićevićLeposava	Milićević, Leposava	F
RS	MilićevićĐorđe	Milićević, Đorđe	M
RS	MiličkovićMilosav	Miličković, Milosav	M
RS	MilišićMarija	Milišić, Marija	F
RS	MiljanićAna	Miljanić, Ana	F
RS	MiljanićJovan	Miljanić, Jovan	M
RS	MiljkovićMiodrag	Miljković, Miodrag	M
RS	MilkovićDragoslav	Milković, Dragoslav	M
RS	MilojevićDragomir	Milojević, Dragomir	-
RS	MilojevićMilosav	Milojević, Milosav	M
RS	MilojevićNataša	Milojević, Nataša	F
RS	MilojičićRadoslav	Milojičić, Radoslav	M
RS	MilojičićVelibor	Milojičić, Velibor	M
RS	MilojkovićVlada	Milojković, Vlada	M
RS	MiloradStošićHadži	Stošić, Hadži Milorad	-
RS	MilosavljevićNenad	Milosavljević, Nenad	M
RS	MilosavljevićSlobodan	Milosavljević, Slobodan	-
RS	MilosavljevićTomica	Milosavljević, Tomica	-
RS	MilosavljevićŽivorad	Milosavljević, Živorad	M
RS	MilovankićRadovan	Milovankić, Radovan	M
RS	MilovanovićBojan	Milovanović, Bojan	M
RS	MilovanovićDragan	Milovanović, Dragan	M
RS	MilovanovićPera	Milovanović, Pera	M
RS	MilovanovićRadoslav	Milovanović, Radoslav	M
RS	MilovanovićVojislav	Milovanović, Vojislav	-
RS	MiloševićJasmina	Milošević, Jasmina	F
RS	MiloševićKosta	Milošević, Kosta	M
RS	MiloševićLjubica	Milošević, Ljubica	F
RS	MiloševićMilena	Milošević, Milena	F
RS	MiloševićNevenka	Milošević, Nevenka	F
RS	MiloševićNikola	Milošević, Nikola	M
RS	MiloševićPredrag	Milošević, Predrag	M
RS	MiloševićRadmilo	Milošević, Radmilo	M
RS	MiloševićVeljko	Milošević, Veljko	-
RS	MiloševićVitomir	Milošević, Vitomir	M
RS	MiloševićVladan	Milošević, Vladan	M
RS	MiloševićZoran	Milošević, Zoran	M
RS	MilunovićDragan	Milunović, Dragan	M
RS	MilutinovićAleksandar	Milutinović, Aleksandar	M
RS	MilutinovićMarko	Milutinović, Marko	M
RS	MilutinovićMilan	Milutinović, Milan	-
RS	MinićMilomir	Minić, Milomir	M
RS	MinićVasilije	Minić, Vasilije	M
RS	MirkovićAleksandar	Mirković, Aleksandar	M
RS	MirkovićLjubomir	Mirković, Ljubomir	M
RS	MirkovićMarina	Mirković, Marina	F
RS	MirkovićSaša	Mirković, Saša	M
RS	MirosavljevićMilan	Mirosavljević, Milan	M
RS	MirovićDejan	Mirović, Dejan	M
RS	MirovićIgor	Mirović, Igor	M
RS	MirčetićVuk	Mirčetić, Vuk	M
RS	MirčićMilorad	Mirčić, Milorad	M
RS	MirčićMiroljub	Mirčić, Miroljub	-
RS	MitovSlavoljub	Mitov, Slavoljub	M
RS	MitrovićBranimir	Mitrović, Branimir	-
RS	MitrovićBranislav	Mitrović, Branislav	M
RS	MitrovićNenad	Mitrović, Nenad	M
RS	MitrovićSiniša	Mitrović, Siniša	M
RS	MitrovićSreten	Mitrović, Sreten	M
RS	MićinŽarko	Mićin, Žarko	M
RS	MićićNataša	Mićić, Nataša	F
RS	MićovićZoran	Mićović, Zoran	M
RS	MićunovićDragoljub	Mićunović, Dragoljub	M
RS	MiškovićPetar	Mišković, Petar	M
RS	MišovićRadmilo	Mišović, Radmilo	M
RS	MladenovićAndreja	Mladenović, Andreja	M
RS	MladenovićBojan	Mladenović, Bojan	M
RS	MladenovićGoran	Mladenović, Goran	M
RS	MladenovićMarko	Mladenović, Marko	M
RS	MladenovićSlaviša	Mladenović, Slaviša	M
RS	MladenovićSlobodan	Mladenović, Slobodan	-
RS	MladenovićSlobodanka	Mladenović, Slobodanka	F
RS	MogeriniFederika	Mogerini, Federika	-
RS	MojovićGorica	Mojović, Gorica	F
RS	MojsilovićRadoslav	Mojsilović, Radoslav	M
RS	MomirovNadica	Momirov, Nadica	F
RS	MomirovićTomislav	Momirović, Tomislav	-
RS	MomirskiBranislav	Momirski, Branislav	M
RS	MomčilovPaja	Momčilov, Paja	M
RS	MomčilovićStanislav	Momčilović, Stanislav	M
RS	MorčevDušica	Morčev, Dušica	F
RS	MrdakovićLjubica	Mrdaković, Ljubica	-
RS	MrdakovićTodorovićLjubica	Mrdaković Todorović, Ljubica	F
RS	MrdićUglješa	Mrdić, Uglješa	M
RS	MrkićIvan	Mrkić, Ivan	-
RS	MrkonjićMilutin	Mrkonjić, Milutin	M
RS	MrkonјićMilutin	Mrkonјić, Milutin	M
RS	MrvaljevićZoran	Mrvaljević, Zoran	-
RS	MrvošDušan	Mrvoš, Dušan	M
RS	MucićLjubomir	Mucić, Ljubomir	M
RS	MukovićMujo	Muković, Mujo	M
RS	MunitlakRatomir	Munitlak, Ratomir	M
RS	MunjićMirko	Munjić, Mirko	M
RS	MurićFevzija	Murić, Fevzija	M
RS	MučenskiĐura	Mučenski, Đura	M
RS	NarićDušan	Narić, Dušan	M
RS	NaumovRadomir	Naumov, Radomir	M
RS	NedeljkovićMiroslav	Nedeljković, Miroslav	-
RS	NedeljkovićOlivera	Nedeljković, Olivera	F
RS	NedimovićBranislav	Nedimović, Branislav	M
RS	NedovićVesna	Nedović, Vesna	F
RS	NektarijevićDejan	Nektarijević, Dejan	M
RS	NenadovićSlobodan	Nenadović, Slobodan	M
RS	NenadovićZoran	Nenadović, Zoran	M
RS	NestorovićLjiljana	Nestorović, Ljiljana	F
RS	NeškovićMiroslav	Nešković, Miroslav	M
RS	NeškovićSlavko	Nešković, Slavko	M
RS	NešovićJovan	Nešović, Jovan	M
RS	NešovićMiloš	Nešović, Miloš	M
RS	NikitovićMilan	Nikitović, Milan	M
RS	Nikolić2Dragan	Nikolić2, Dragan	M
RS	Nikolić2Zoran	Nikolić2, Zoran	M
RS	NikolićAleksandar	Nikolić, Aleksandar	M
RS	NikolićDejan	Nikolić, Dejan	M
RS	NikolićDragan	Nikolić, Dragan	M
RS	NikolićDraganM	Nikolić, Dragan M.	M
RS	NikolićDušica	Nikolić, Dušica	F
RS	NikolićGoran	Nikolić, Goran	M
RS	NikolićIvana	Nikolić, Ivana	F
RS	NikolićJasmina	Nikolić, Jasmina	F
RS	NikolićMaja	Nikolić, Maja	-
RS	NikolićMilan	Nikolić, Milan	M
RS	NikolićMilanJ	Nikolić, Milan J.	M
RS	NikolićMilanM	Nikolić, Milan M.	M
RS	NikolićMilica	Nikolić, Milica	F
RS	NikolićMiljana	Nikolić, Miljana	F
RS	NikolićMiodrag	Nikolić, Miodrag	M
RS	NikolićMladen	Nikolić, Mladen	-
RS	NikolićNenad	Nikolić, Nenad	M
RS	NikolićPavlovićSvetlana	Nikolić Pavlović, Svetlana	F
RS	NikolićRadomir	Nikolić, Radomir	M
RS	NikolićRatko	Nikolić, Ratko	M
RS	NikolićRužica	Nikolić, Ružica	F
RS	NikolićSanja	Nikolić, Sanja	F
RS	NikolićSlađana	Nikolić, Slađana	F
RS	NikolićTanasijevićNadica	Nikolić-Tanasijević, Nadica	F
RS	NikolićTijana	Nikolić, Tijana	F
RS	NikolićTomislav	Nikolić, Tomislav	M
RS	NikolićVesna	Nikolić, Vesna	-
RS	NikolićVladan	Nikolić, Vladan	M
RS	NikolićVukajlovićVesna	Nikolić-Vukajlović, Vesna	F
RS	NikolićZoran	Nikolić, Zoran	M
RS	NinićMilan	Ninić, Milan	M
RS	NinčićMilan	Ninčić, Milan	M
RS	NičićBoško	Ničić, Boško	M
RS	NogoSrđan	Nogo, Srđan	M
RS	NovakovićBorislav	Novaković, Borislav	M
RS	NovakovićGoran	Novaković, Goran	-
RS	NovakovićMilan	Novaković, Milan	M
RS	NovakovićMile	Novaković, Mile	M
RS	NovakovićNikola	Novaković, Nikola	M
RS	NovakovićZoran	Novaković, Zoran	M
RS	NovkovićAna	Novković, Ana	F
RS	NovotniLaslo	Novotni, Laslo	M
RS	ObradovićBogdan	Obradović, Bogdan	M
RS	ObradovićBoško	Obradović, Boško	M
RS	ObradovićDušan	Obradović, Dušan	M
RS	ObradovićJasmina	Obradović, Jasmina	F
RS	ObradovićJelena	Obradović, Jelena	F
RS	ObradovićMarija	Obradović, Marija	F
RS	ObradovićMilica	Obradović, Milica	F
RS	ObradovićMiloje	Obradović, Miloje	-
RS	ObradovićRadojko	Obradović, Radojko	M
RS	ObradovićVesna	Obradović, Vesna	-
RS	ObradovićVojislav	Obradović, Vojislav	M
RS	ObradovićVuk	Obradović, Vuk	M
RS	ObradovićŽarko	Obradović, Žarko	M
RS	ObretkovićMića	Obretković, Mića	M
RS	OcokoljićVioleta	Ocokoljić, Violeta	F
RS	OdalovićVeljko	Odalović, Veljko	-
RS	OgnjanovićOlivera	Ognjanović, Olivera	F
RS	OlujićTatjana	Olujić, Tatjana	F
RS	OmeragićBajram	Omeragić, Bajram	M
RS	OmerovićMeho	Omerović, Meho	M
RS	OrlićVladimir	Orlić, Vladimir	M
RS	OstojićJovo	Ostojić, Jovo	M
RS	OstojićZoran	Ostojić, Zoran	M
RS	OstojićĐorđe	Ostojić, Đorđe	-
RS	PahorBorut	Pahor, Borut	-
RS	PajkićLavGrigorije	Pajkić, Lav-Grigorije	M
RS	PajovićAleksandar	Pajović, Aleksandar	M
RS	PajovićSlobodan	Pajović, Slobodan	M
RS	PajtićBojan	Pajtić, Bojan	M
RS	PalKarolj	Pal, Karolj	M
RS	PalalićGojko	Palalić, Gojko	M
RS	PalalićJovan	Palalić, Jovan	M
RS	PalurovićJasmina	Palurović, Jasmina	F
RS	PanajotovićTomislav	Panajotović, Tomislav	M
RS	PanićLjuban	Panić, Ljuban	M
RS	PanićMiodrag	Panić, Miodrag	M
RS	PanićVeran	Panić, Veran	M
RS	PankovRadovan	Pankov, Radovan	M
RS	PantelićDragan	Pantelić, Dragan	M
RS	PantićAksentijevićSnežana	Pantić-Aksentijević, Snežana	F
RS	PantićAleksadar	Pantić, Aleksadar	-
RS	PantićAleksandar	Pantić, Aleksandar	-
RS	PantićDragoljub	Pantić, Dragoljub	M
RS	PantićKrstimir	Pantić, Krstimir	M
RS	PantićPiljaBiljana	Pantić Pilja, Biljana	F
RS	PantovićOgnjen	Pantović, Ognjen	M
RS	PapovićRadivoje	Papović, Radivoje	M
RS	PapugaOlena	Papuga, Olena	F
RS	ParezanovićMarko	Parezanović, Marko	M
RS	ParivodićMilan	Parivodić, Milan	-
RS	PaskašTatjana	Paskaš, Tatjana	F
RS	PastorBalint	Pastor, Balint	M
RS	PastorIštvan	Pastor, Ištvan	-
RS	PatićPredrag	Patić, Predrag	M
RS	PauljeskićOlivera	Pauljeskić, Olivera	F
RS	PaunovićDragan	Paunović, Dragan	M
RS	PaunovićElizabet	Paunović, Elizabet	F
RS	PaunovićGoran	Paunović, Goran	-
RS	PaunovićMilosavljevićGordana	Paunović-Milosavljević, Gordana	F
RS	PaunovićSnežana	Paunović, Snežana	F
RS	PaunovićVera	Paunović, Vera	F
RS	PavićevićNina	Pavićević, Nina	F
RS	PavićevićVasilije	Pavićević, Vasilije	M
RS	PavićevićVladimir	Pavićević, Vladimir	M
RS	PavlopulosProkopis	Pavlopulos, Prokopis	-
RS	PavlovićAleksandra	Pavlović, Aleksandra	F
RS	PavlovićBranko	Pavlović, Branko	M
RS	PavlovićDragan	Pavlović, Dragan	M
RS	PavlovićDraganS	Pavlović, Dragan S.	M
RS	PavlovićDragomir	Pavlović, Dragomir	M
RS	PavlovićDušan	Pavlović, Dušan	M
RS	PavlovićNebojša	Pavlović, Nebojša	M
RS	PavlovićSlobodan	Pavlović, Slobodan	M
RS	PavlovićSonja	Pavlović, Sonja	F
RS	PavlovićĐinđićRužica	Pavlović Đinđić, Ružica	F
RS	PavlovićŽak	Pavlović, Žak	-
RS	PašalićZoran	Pašalić, Zoran	-
RS	PašekoDuarte	Pašeko, Duarte	-
RS	PejicaMiroslava	Pejica, Miroslava	F
RS	PejovićDuško	Pejović, Duško	-
RS	PejčićAleksandar	Pejčić, Aleksandar	M
RS	PejčićBogoljub	Pejčić, Bogoljub	M
RS	PejčićDušan	Pejčić, Dušan	M
RS	PekZoltan	Pek, Zoltan	M
RS	PekarskiGoran	Pekarski, Goran	M
RS	PelevićBorislav	Pelević, Borislav	M
RS	PenezićTomislav	Penezić, Tomislav	M
RS	PeranovićAleksandar	Peranović, Aleksandar	M
RS	PerićDragutin	Perić, Dragutin	M
RS	PerićHranislav	Perić, Hranislav	M
RS	PerićNebojša	Perić, Nebojša	-
RS	PerićSlobodan	Perić, Slobodan	M
RS	PerićSreto	Perić, Sreto	M
RS	PerićĐuro	Perić, Đuro	M
RS	PerjaničićDejan	Perjaničić, Dejan	M
RS	PeručićZlatan	Peručić, Zlatan	M
RS	PerčevićGoran	Perčević, Goran	M
RS	PetijevićVeselin	Petijević, Veselin	M
RS	PetkovićBratislav	Petković, Bratislav	-
RS	PetkovićDušan	Petković, Dušan	M
RS	PetkovićHokiJovan	Petković – Hoki, Jovan	M
RS	PetkovićLjubiša	Petković, Ljubiša	M
RS	PetkovićMilisav	Petković, Milisav	M
RS	PetkovićMiroslav	Petković, Miroslav	M
RS	PetkovićNevena	Petković, Nevena	F
RS	PetkovićPetar	Petković, Petar	M
RS	PetkovićStojanka	Petković, Stojanka	F
RS	PetkovićTihomir	Petković, Tihomir	M
RS	PetkovićVladimir	Petković, Vladimir	M
RS	PetkovićČedomir	Petković, Čedomir	M
RS	PetrićMilan	Petrić, Milan	M
RS	PetrićRadojko	Petrić, Radojko	M
RS	PetronijevićMilisav	Petronijević, Milisav	M
RS	PetrovZoran	Petrov, Zoran	M
RS	PetrovićAco	Petrović, Aco	M
RS	PetrovićDaniel	Petrović, Daniel	M
RS	PetrovićDragan	Petrović, Dragan	M
RS	PetrovićDušan	Petrović, Dušan	M
RS	PetrovićJovanka	Petrović, Jovanka	F
RS	PetrovićLjubo	Petrović, Ljubo	M
RS	PetrovićMarko	Petrović, Marko	M
RS	PetrovićMira	Petrović, Mira	F
RS	PetrovićMirko	Petrović, Mirko	M
RS	PetrovićNebojša	Petrović, Nebojša	M
RS	PetrovićOlja	Petrović, Olja	F
RS	PetrovićPantelija	Petrović, Pantelija	M
RS	PetrovićPavle	Petrović, Pavle	-
RS	PetrovićPetar	Petrović, Petar	M
RS	PetrovićSnežana	Petrović, Snežana	F
RS	PetrovićSnežanaB	Petrović, Snežana B.	F
RS	PetrovićSnežanaR	Petrović, Snežana R.	F
RS	PetrovićSrba	Petrović, Srba	M
RS	PetrovićSrđan	Petrović, Srđan	M
RS	PetrovićStratije	Petrović, Stratije	M
RS	PetrovićVidoje	Petrović, Vidoje	M
RS	PetrovićŠkeroVida	Petrović Škero, Vida	-
RS	PetrušićNevena	Petrušić, Nevena	-
RS	PešaljLjubomir	Pešalj, Ljubomir	M
RS	PešićAna	Pešić, Ana	F
RS	PešićMilutin	Pešić, Milutin	-
RS	PešićOlivera	Pešić, Olivera	F
RS	PešićVesna	Pešić, Vesna	F
RS	PilipovićTamara	Pilipović, Tamara	F
RS	PisarevićDejan	Pisarević, Dejan	M
RS	PitićGoran	Pitić, Goran	-
RS	PivacŽarko	Pivac, Žarko	M
RS	PlećevićDušanka	Plećević, Dušanka	F
RS	PlužarevićVitomir	Plužarević, Vitomir	M
RS	PolovinaDragan	Polovina, Dragan	M
RS	PomoriškiBranislav	Pomoriški, Branislav	M
RS	PopLazićGordana	Pop-Lazić, Gordana	F
RS	PopovićAleksandar	Popović, Aleksandar	M
RS	PopovićBranko	Popović, Branko	M
RS	PopovićDejan	Popović, Dejan	-
RS	PopovićDragiša	Popović, Dragiša	M
RS	PopovićIvana	Popović, Ivana	F
RS	PopovićJudita	Popović, Judita	F
RS	PopovićMaja	Popović, Maja	-
RS	PopovićMilan	Popović, Milan	M
RS	PopovićMilena	Popović, Milena	F
RS	PopovićNemanja	Popović, Nemanja	M
RS	PopovićNenad	Popović, Nenad	M
RS	PopovićPerišićNada	Popović Perišić, Nada	-
RS	PopovićRelja	Popović, Relja	-
RS	PopovićSrđa	Popović, Srđa	M
RS	PopovićZoran	Popović, Zoran	M
RS	PopovićĐuro	Popović, Đuro	M
RS	PoskuricaMileta	Poskurica, Mileta	M
RS	PoturakMunir	Poturak, Munir	M
RS	PralicaZoran	Pralica, Zoran	M
RS	PramenkovićMisala	Pramenković, Misala	F
RS	PredinĐorđe	Predin, Đorđe	M
RS	PredićGordana	Predić, Gordana	F
RS	PredojevŽivica	Predojev, Živica	M
RS	PrelićDobrislav	Prelić, Dobrislav	M
RS	PribojacJelisaveta	Pribojac, Jelisaveta	F
RS	ProdanovićMilutin	Prodanović, Milutin	M
RS	ProkićNenad	Prokić, Nenad	M
RS	ProrokovićDušan	Proroković, Dušan	M
RS	ProtićČedomir	Protić, Čedomir	M
RS	PupinJustina	Pupin, Justina	F
RS	PupinKošćalJustina	Pupin Košćal, Justina	-
RS	PupovacAdrijana	Pupovac, Adrijana	F
RS	PurenovićMilovan	Purenović, Milovan	M
RS	PurićMihailo	Purić, Mihailo	M
RS	PásztorBálint	Pásztor, Bálint	M
RS	PékZoltán	Pék, Zoltán	M
RS	RacaRadisavljevićVesna	Raca-Radisavljević, Vesna	F
RS	RadakovićJanko	Radaković, Janko	M
RS	RadenkovićDejan	Radenković, Dejan	M
RS	RadenkovićMirela	Radenković, Mirela	F
RS	RadetaVjerica	Radeta, Vjerica	F
RS	RadinMilan	Radin, Milan	M
RS	RadinovićDragana	Radinović, Dragana	F
RS	RadivojčevićMiloš	Radivojčević, Miloš	M
RS	RadićGojko	Radić, Gojko	M
RS	RadićIvan	Radić, Ivan	M
RS	RadićZlatko	Radić, Zlatko	M
RS	RadičevićDalibor	Radičević, Dalibor	M
RS	RadoičićMomir	Radoičić, Momir	M
RS	RadojevićAleksandar	Radojević, Aleksandar	M
RS	RadojevićDušan	Radojević, Dušan	M
RS	RadojevićNemanja	Radojević, Nemanja	-
RS	RadojičićZoran	Radojičić, Zoran	M
RS	RadomanZoran	Radoman, Zoran	-
RS	RadončićIfeta	Radončić, Ifeta	M
RS	RadosavljevićAleksandar	Radosavljević, Aleksandar	M
RS	RadosavljevićNikola	Radosavljević, Nikola	M
RS	RadosavljevićNovica	Radosavljević, Novica	M
RS	RadovanovićDragomir	Radovanović, Dragomir	M
RS	RadovanovićMilovan	Radovanović, Milovan	M
RS	RadovanovićRadovan	Radovanović, Radovan	M
RS	RadovanovićSlobodan	Radovanović, Slobodan	-
RS	RadovanovićTanja	Radovanović, Tanja	F
RS	RadovanovićVladan	Radovanović, Vladan	M
RS	RadovanovićZoran	Radovanović, Zoran	M
RS	RadovančevŽivanko	Radovančev, Živanko	M
RS	RadovićDijana	Radović, Dijana	F
RS	RadovićDobrosav	Radović, Dobrosav	M
RS	RadovićMilica	Radović, Milica	F
RS	RadulovićDragica	Radulović, Dragica	F
RS	RadulovićMilan	Radulović, Milan	M
RS	RadulovićMiloš	Radulović, Miloš	M
RS	RadulovićSaša	Radulović, Saša	M
RS	RadulovićSima	Radulović, Sima	F
RS	RadulovićSlobodan	Radulović, Slobodan	M
RS	RafailovićDragan	Rafailović, Dragan	M
RS	RagušMarina	Raguš, Marina	F
RS	RaičevićRadovan	Raičević, Radovan	M
RS	RajevićNinoslav	Rajević, Ninoslav	M
RS	RajićGolub	Rajić, Golub	M
RS	RajićPredrag	Rajić, Predrag	M
RS	RajkovGordana	Rajkov, Gordana	F
RS	RajčićDejan	Rajčić, Dejan	M
RS	RakićKatarina	Rakić, Katarina	F
RS	RakićMajda	Rakić, Majda	-
RS	RakićMiodrag	Rakić, Miodrag	M
RS	RakonjacLjubinko	Rakonjac, Ljubinko	M
RS	RakonjacVesna	Rakonjac, Vesna	F
RS	RakovacGoran	Rakovac, Goran	M
RS	RakovićŽivorad	Raković, Živorad	M
RS	RankićBranislav	Rankić, Branislav	M
RS	RankovićBoris	Ranković, Boris	M
RS	RankovićBranko	Ranković, Branko	M
RS	RankovićSlobodan	Ranković, Slobodan	M
RS	RankovićVesna	Ranković, Vesna	F
RS	RančićBranimir	Rančić, Branimir	M
RS	RanđelovićMiljan	Ranđelović, Miljan	M
RS	RanđelovićMilutin	Ranđelović, Milutin	M
RS	RanđelovićNebojša	Ranđelović, Nebojša	M
RS	RatkovićVlatko	Ratković, Vlatko	M
RS	RađenovićDuško	Rađenović, Duško	M
RS	RašetaVukosavljevićMarija	Rašeta-Vukosavljević, Marija	F
RS	RaškovićIvićSanda	Rašković Ivić, Sanda	F
RS	RepacDesanka	Repac, Desanka	F
RS	RibaćIvan	Ribać, Ivan	M
RS	RistivojevićBranislav	Ristivojević, Branislav	-
RS	RistićBojana	Ristić, Bojana	F
RS	RistićBoško	Ristić, Boško	M
RS	RistićDejan	Ristić, Dejan	-
RS	RistićMarina	Ristić, Marina	F
RS	RistićSlaviša	Ristić, Slaviša	M
RS	RističevićMarijan	Rističević, Marijan	M
RS	RodićMilan	Rodić, Milan	M
RS	RodićNebojša	Rodić, Nebojša	-
RS	RogovićMićo	Rogović, Mićo	M
RS	RosićGvozden	Rosić, Gvozden	M
RS	RosićMirko	Rosić, Mirko	M
RS	RubakovićBiljana	Rubaković, Biljana	F
RS	RuždićTrifunovićLeila	Ruždić-Trifunović, Leila	F
RS	RužićBranko	Ružić, Branko	M
RS	SJovanovićDragan	S. Jovanović, Dragan	M
RS	SakićMilijana	Sakić, Milijana	F
RS	SamardžićMarkovićSnežana	Samardžić Marković, Snežana	-
RS	SamardžićMilorad	Samardžić, Milorad	M
RS	SamardžićSlobodan	Samardžić, Slobodan	M
RS	SamofalovKonstantin	Samofalov, Konstantin	M
RS	SaveljićSlavica	Saveljić, Slavica	F
RS	SavinZoran	Savin, Zoran	M
RS	SavićBorislav	Savić, Borislav	M
RS	SavićMilan	Savić, Milan	M
RS	SavićMiloje	Savić, Miloje	M
RS	SavićNikola	Savić, Nikola	M
RS	SavićPredrag	Savić, Predrag	M
RS	SavićPrvoslav	Savić, Prvoslav	M
RS	SavićRanka	Savić, Ranka	F
RS	SavićSlavica	Savić, Slavica	F
RS	SavkićDragan	Savkić, Dragan	M
RS	SavovićBiljana	Savović, Biljana	F
RS	SedlarSnežana	Sedlar, Snežana	F
RS	SekulićMilija	Sekulić, Milija	F
RS	SekulićVlado	Sekulić, Vlado	M
RS	SekulovićAna	Sekulović, Ana	F
RS	SekulovićVlatko	Sekulović, Vlatko	M
RS	SelakovićNikola	Selaković, Nikola	-
RS	SelakovićŽivko	Selaković, Živko	M
RS	SelimovićAlen	Selimović, Alen	M
RS	SelićLjubiša	Selić, Ljubiša	M
RS	SenićAleksandar	Senić, Aleksandar	M
RS	SenićVlajko	Senić, Vlajko	M
RS	SerićŽeljko	Serić, Željko	-
RS	SertićŽeljko	Sertić, Željko	-
RS	SečeiMihalj	Sečei, Mihalj	M
RS	SikimićDragan	Sikimić, Dragan	-
RS	SikimićSrđan	Sikimić, Srđan	M
RS	SilajevMilka	Silajev, Milka	F
RS	SilurisDemetris	Siluris, Demetris	-
RS	SimićSiniša	Simić, Siniša	-
RS	SimićVesna	Simić, Vesna	F
RS	SimićŽeljko	Simić, Željko	M
RS	SimonovićDragoljub	Simonović, Dragoljub	M
RS	SimonovićDunja	Simonović, Dunja	F
RS	SimonovićMiloš	Simonović, Miloš	M
RS	SimonovićVelimir	Simonović, Velimir	M
RS	SinadinovićRatko	Sinadinović, Ratko	M
RS	SlavkovićLjubivoje	Slavković, Ljubivoje	M
RS	SlavkovićSlaviša	Slavković, Slaviša	M
RS	SmiljanićAleksandra	Smiljanić, Aleksandra	-
RS	SmiljanićSrđan	Smiljanić, Srđan	-
RS	SmiljanićŽivorad	Smiljanić, Živorad	M
RS	SokolovićZoran	Sokolović, Zoran	M
RS	SoldatovićIgor	Soldatović, Igor	M
RS	SpahoSulejman	Spaho, Sulejman	M
RS	SpajićStevica	Spajić, Stevica	M
RS	SpasićBranimir	Spasić, Branimir	M
RS	SpasićDragan	Spasić, Dragan	M
RS	SpasićMomčilo	Spasić, Momčilo	M
RS	SpasojevićGoran	Spasojević, Goran	M
RS	SpasojevićSrđan	Spasojević, Srđan	M
RS	SpasojevićSuzana	Spasojević, Suzana	F
RS	SpirovskiMile	Spirovski, Mile	M
RS	SrbljanovićStefan	Srbljanović, Stefan	M
RS	SrdićBosiljka	Srdić, Bosiljka	F
RS	SretenovićJelica	Sretenović, Jelica	F
RS	SretenovićRadoslav	Sretenović, Radoslav	-
RS	SrećkovićMiroslav	Srećković, Miroslav	M
RS	SrećkovićSrđan	Srećković, Srđan	-
RS	StajkovićSlavoljub	Stajković, Slavoljub	M
RS	StambolićVesna	Stambolić, Vesna	F
RS	StamenkovićBranka	Stamenković, Branka	F
RS	StamenkovićDragoljub	Stamenković, Dragoljub	M
RS	StamenkovićJakov	Stamenković, Jakov	M
RS	StamenkovićMarina	Stamenković, Marina	F
RS	StamenkovićMiodrag	Stamenković, Miodrag	M
RS	StamenkovićSiniša	Stamenković, Siniša	M
RS	StanimirovićBora	Stanimirović, Bora	M
RS	StanimirovićMilan	Stanimirović, Milan	M
RS	StankovićMilan	Stanković, Milan	M
RS	StankovićMilena	Stanković, Milena	F
RS	StankovićMiroljub	Stanković, Miroljub	M
RS	StankovićMiroslava	Stanković, Miroslava	-
RS	StankovićZdravko	Stanković, Zdravko	M
RS	StankovićZoran	Stanković, Zoran	-
RS	StankovićĐuričićMiroslava	Stanković Đuričić, Miroslava	M
RS	StankovićŽivojin	Stanković, Živojin	M
RS	StanojevićBojana	Stanojević, Bojana	F
RS	StanojevićMilan	Stanojević, Milan	M
RS	StanojevićMilovan	Stanojević, Milovan	M
RS	StanojevićMomčilo	Stanojević, Momčilo	M
RS	StanojevićVelimir	Stanojević, Velimir	M
RS	StanojlovićVelibor	Stanojlović, Velibor	M
RS	StanulovMilorad	Stanulov, Milorad	M
RS	StarčevićStanko	Starčević, Stanko	M
RS	StarčevićŽivota	Starčević, Života	M
RS	StefanovićAleksandar	Stefanović, Aleksandar	M
RS	StefanovićBorislav	Stefanović, Borislav	M
RS	StefanovićGoran	Stefanović, Goran	M
RS	StefanovićLjubiša	Stefanović, Ljubiša	M
RS	StefanovićNebojša	Stefanović, Nebojša	M
RS	StefanovićŽivojin	Stefanović, Živojin	M
RS	StepićVesna	Stepić, Vesna	F
RS	StevanovićAleksandar	Stevanović, Aleksandar	M
RS	StevanovićAna	Stevanović, Ana	F
RS	StevanovićBranislav	Stevanović, Branislav	M
RS	StevanovićDragan	Stevanović, Dragan	M
RS	StevanovićJelena	Stevanović, Jelena	F
RS	StevanovićLjubiša	Stevanović, Ljubiša	-
RS	StevanovićMarija	Stevanović, Marija	F
RS	StevanovićMihajlo	Stevanović, Mihajlo	M
RS	StevanovićMilan	Stevanović, Milan	M
RS	StevanovićRajko	Stevanović, Rajko	M
RS	StevanovićStaniša	Stevanović, Staniša	M
RS	StevanovićVeroljub	Stevanović, Veroljub	M
RS	StevanovićZorica	Stevanović, Zorica	F
RS	StevićZvonimir	Stević, Zvonimir	M
RS	StevovićMilan	Stevović, Milan	M
RS	StjepanovićVesna	Stjepanović, Vesna	F
RS	StjepićŽivojin	Stjepić, Živojin	M
RS	StoiljkovskiAleksandar	Stoiljkovski, Aleksandar	-
RS	StoilovićMiodrag	Stoilović, Miodrag	M
RS	StojadinovićDanijela	Stojadinović, Danijela	F
RS	StojadinovićNinoslav	Stojadinović, Ninoslav	M
RS	StojakovićMilovanovićSvetlana	Stojaković-Milovanović, Svetlana	F
RS	StojanovićBranče	Stojanović, Branče	M
RS	StojanovićFilip	Stojanović, Filip	M
RS	StojanovićMomir	Stojanović, Momir	M
RS	StojanovićNevena	Stojanović, Nevena	F
RS	StojanovićOstoja	Stojanović, Ostoja	-
RS	StojanovićPlavšić2Snežana	Stojanović-Plavšić2, Snežana	F
RS	StojanovićPlavšićSnežana	Stojanović-Plavšić, Snežana	F
RS	StojanovićPredrag	Stojanović, Predrag	M
RS	StojanovićStudenka	Stojanović, Studenka	-
RS	StojanovićSvetlana	Stojanović, Svetlana	F
RS	StojanovićZoran	Stojanović, Zoran	M
RS	StojiljkovićDejan	Stojiljković, Dejan	M
RS	StojiljkovićIvana	Stojiljković, Ivana	F
RS	StojiljkovićVlajko	Stojiljković, Vlajko	-
RS	StojilkovićMomir	Stojilković, Momir	M
RS	StojkovićDušica	Stojković, Dušica	F
RS	StojkovićGoran	Stojković, Goran	M
RS	StojkovićMiodrag	Stojković, Miodrag	M
RS	StojkovićVelibor	Stojković, Velibor	M
RS	StojkovićZoran	Stojković, Zoran	-
RS	StojmenovićJovica	Stojmenović, Jovica	F
RS	StojmirovićLjubiša	Stojmirović, Ljubiša	M
RS	StojčićMiroljub	Stojčić, Miroljub	M
RS	StojšićNikola	Stojšić, Nikola	M
RS	StojšićZorica	Stojšić, Zorica	-
RS	StojšićĐorđe	Stojšić, Đorđe	M
RS	StošićDejan	Stošić, Dejan	M
RS	StošićHadžiMilorad	Stošić, Hadži Milorad	M
RS	StošićMilorad	Stošić, Milorad	M
RS	StošićPredrag	Stošić, Predrag	M
RS	StudenStanko	Studen, Stanko	M
RS	StuparDušan	Stupar, Dušan	M
RS	SubićMilenka	Subić, Milenka	F
RS	SubotičkiZoran	Subotički, Zoran	M
RS	SudimacLjubiša	Sudimac, Ljubiša	M
RS	SuljevićDžemail	Suljević, Džemail	M
RS	SuljevićXemail	Suljević, Xemail	M
RS	SušecŽeljko	Sušec, Željko	M
RS	SvilanovićGoran	Svilanović, Goran	M
RS	SvilarRade	Svilar, Rade	M
RS	SvirčevićRatimir	Svirčević, Ratimir	M
RS	TabakovićJorgovanka	Tabaković, Jorgovanka	F
RS	TadićBoris	Tadić, Boris	-
RS	TadićMiomir	Tadić, Miomir	M
RS	TakačIštvan	Takač, Ištvan	M
RS	TanasijevićZoran	Tanasijević, Zoran	M
RS	TandirSamir	Tandir, Samir	M
RS	TarbukDuško	Tarbuk, Duško	M
RS	TasićDragan	Tasić, Dragan	M
RS	TasićGoran	Tasić, Goran	M
RS	TasovacIvan	Tasovac, Ivan	M
RS	TatomirNebojša	Tatomir, Nebojša	M
RS	TeodorovićRadovan	Teodorović, Radovan	M
RS	TepićMarinika	Tepić, Marinika	F
RS	TerzićMiloš	Terzić, Miloš	M
RS	TintorStojan	Tintor, Stojan	M
RS	TiosavićŽivorad	Tiosavić, Živorad	M
RS	TišmaJovan	Tišma, Jovan	M
RS	TišmaSmilja	Tišma, Smilja	F
RS	Todorović2Dragan	Todorović2, Dragan	M
RS	TodorovićDragan	Todorović, Dragan	M
RS	TodorovićJovan	Todorović, Jovan	M
RS	TodorovićMarija	Todorović, Marija	F
RS	TodorovićMiloš	Todorović, Miloš	M
RS	TodorovićNikola	Todorović, Nikola	M
RS	TodorovićSonja	Todorović, Sonja	F
RS	TodorovićVasilije	Todorović, Vasilije	M
RS	TodorovićĐorđe	Todorović, Đorđe	M
RS	TomanMarina	Toman, Marina	F
RS	TomanovaMakanovaAna	Tomanova-Makanova, Ana	F
RS	TomaševićDamnjanovićTanja	Tomašević Damnjanović, Tanja	F
RS	TomaševićVukosav	Tomašević, Vukosav	M
RS	TomićAleksandra	Tomić, Aleksandra	F
RS	TomićDragan	Tomić, Dragan	M
RS	TomićMiroljub	Tomić, Miroljub	-
RS	TomićVojkan	Tomić, Vojkan	M
RS	TomićZoran	Tomić, Zoran	M
RS	TomićŽeljko	Tomić, Željko	M
RS	TomovićSlobodan	Tomović, Slobodan	M
RS	TomčićMilovan	Tomčić, Milovan	M
RS	TončevIvica	Tončev, Ivica	M
RS	TončevNovica	Tončev, Novica	M
RS	TopalovićSlaviša	Topalović, Slaviša	M
RS	TopalovićZdravko	Topalović, Zdravko	M
RS	TopićGordana	Topić, Gordana	F
RS	TorbicaBojan	Torbica, Bojan	M
RS	TordeLaslo	Torde, Laslo	M
RS	TotTamaš	Tot, Tamaš	M
RS	TošanićMiloš	Tošanić, Miloš	M
RS	TošićBranislav	Tošić, Branislav	M
RS	TošićVelinka	Tošić, Velinka	F
RS	ToškovićVučeta	Tošković, Vučeta	M
RS	TrajkovićBranimir	Trajković, Branimir	M
RS	TrajkovićMomčilo	Trajković, Momčilo	M
RS	TrajkovićRada	Trajković, Rada	-
RS	TrajkovićVeselin	Trajković, Veselin	M
RS	TravarMiljevićJelena	Travar Miljević, Jelena	F
RS	TripićTamara	Tripić, Tamara	F
RS	TrivanGoran	Trivan, Goran	-
RS	TrivanJelena	Trivan, Jelena	F
RS	TrkuljaAleksandar	Trkulja, Aleksandar	M
RS	TrnavčevićZaharije	Trnavčević, Zaharije	M
RS	TrninićZoran	Trninić, Zoran	M
RS	TubićDušan	Tubić, Dušan	-
RS	TucakovićSanja	Tucaković, Sanja	F
RS	TulimirovićNikola	Tulimirović, Nikola	M
RS	TurkMilena	Turk, Milena	F
RS	TvrdišićRadovan	Tvrdišić, Radovan	M
RS	TóthTamaś	Tóth, Tamaś	M
RS	UdovičićVanja	Udovičić, Vanja	M
RS	UdovičkiKori	Udovički, Kori	-
RS	UgljaninSulejman	Ugljanin, Sulejman	M
RS	UjheljiAkoš	Ujhelji, Akoš	M
RS	UmičevićPredrag	Umičević, Predrag	M
RS	UnkovićSlavenko	Unković, Slavenko	M
RS	UriEmeše	Uri, Emeše	M
RS	Urošević2Milan	Urošević2, Milan	M
RS	UroševićAdam	Urošević, Adam	M
RS	UroševićMilan	Urošević, Milan	M
RS	UroševićSava	Urošević, Sava	M
RS	UzelacDušan	Uzelac, Dušan	-
RS	VaitIbro	Vait, Ibro	M
RS	VakićBranislav	Vakić, Branislav	M
RS	ValjarevićSaša	Valjarević, Saša	M
RS	VargaLászló	Varga, László	M
RS	VarinacSaša	Varinac, Saša	-
RS	VasiljevićBratimir	Vasiljević, Bratimir	M
RS	VasiljevićMiroslav	Vasiljević, Miroslav	M
RS	VasiljevićČedomir	Vasiljević, Čedomir	M
RS	VasiljevićŽeljko	Vasiljević, Željko	M
RS	VasićLjubica	Vasić, Ljubica	F
RS	VasićVladan	Vasić, Vladan	M
RS	VasićZoran	Vasić, Zoran	M
RS	VasovićJasmina	Vasović, Jasmina	-
RS	VatovićAleksandar	Vatović, Aleksandar	M
RS	VeinovićNevena	Veinović, Nevena	F
RS	VeličkovićMiroslav	Veličković, Miroslav	-
RS	VeličkovićSlobodan	Veličković, Slobodan	M
RS	VeljkovićDragan	Veljković, Dragan	M
RS	VeljkovićJelisaveta	Veljković, Jelisaveta	F
RS	VeljkovićMiroljub	Veljković, Miroljub	M
RS	VeljkovićVojin	Veljković, Vojin	M
RS	VeljovićDanijela	Veljović, Danijela	F
RS	VenkajNaiduM	Venkaj, Naidu M.	-
RS	VerbićSrđan	Verbić, Srđan	-
RS	VeselinovDragan	Veselinov, Dragan	M
RS	VeselinovićJanko	Veselinović, Janko	M
RS	VeselinovićMilan	Veselinović, Milan	M
RS	VeselinovićRadoslav	Veselinović, Radoslav	M
RS	VeselićJela	Veselić, Jela	F
RS	VeselićJelena	Veselić, Jelena	F
RS	VesićGoran	Vesić, Goran	M
RS	VesovićDragan	Vesović, Dragan	M
RS	VesovićPetar	Vesović, Petar	M
RS	VicoRatomir	Vico, Ratomir	M
RS	VicsekAnnamária	Vicsek, Annamária	F
RS	VidenovićMaja	Videnović, Maja	F
RS	VijukKatica	Vijuk, Katica	F
RS	VitoševićSaša	Vitošević, Saša	M
RS	VičekAnamarija	Viček, Anamarija	F
RS	VladimirovićŽivan	Vladimirović, Živan	M
RS	VlahovićAleksandar	Vlahović, Aleksandar	M
RS	VlahovićSlobodan	Vlahović, Slobodan	M
RS	VlahovićSonja	Vlahović, Sonja	F
RS	VlahovićTeodora	Vlahović, Teodora	F
RS	VlajkovićSlavoljub	Vlajković, Slavoljub	M
RS	VlaovićMika	Vlaović, Mika	M
RS	VlatkovićDušan	Vlatković, Dušan	M
RS	VojinovićBoban	Vojinović, Boban	M
RS	VojinovićDragoljub	Vojinović, Dragoljub	M
RS	VojinovićNikola	Vojinović, Nikola	M
RS	VojićMarkovićMilica	Vojić Marković, Milica	F
RS	VolodinVjačeslav	Volodin, Vjačeslav	-
RS	VondračekRadek	Vondraček, Radek	-
RS	VrbaškiStevan	Vrbaški, Stevan	M
RS	VrceljŽivko	Vrcelj, Živko	M
RS	VucevicMiloš	Vucevic, Miloš	M
RS	VujadinovićDragan	Vujadinović, Dragan	M
RS	VujadinovićMilimir	Vujadinović, Milimir	M
RS	VujadinovićNevena	Vujadinović, Nevena	F
RS	VujanovićBožidar	Vujanović, Božidar	M
RS	VujačićSlobodan	Vujačić, Slobodan	M
RS	VujićBožidar	Vujić, Božidar	M
RS	VujićJelena	Vujić, Jelena	-
RS	VujićObradovićJelena	Vujić Obradović, Jelena	F
RS	VujićVojislav	Vujić, Vojislav	M
RS	VujičićDanijela	Vujičić, Danijela	F
RS	VujovićDušan	Vujović, Dušan	-
RS	VujovićIrena	Vujović, Irena	F
RS	VujovićRadoslav	Vujović, Radoslav	-
RS	VujovićSlavoljub	Vujović, Slavoljub	M
RS	VukadinovićGoran	Vukadinović, Goran	M
RS	VukadinovićZoran	Vukadinović, Zoran	M
RS	VukadinovićĐorđe	Vukadinović, Đorđe	M
RS	VukelićNikola	Vukelić, Nikola	M
RS	VukićVanja	Vukić, Vanja	M
RS	VukićevićLidija	Vukićević, Lidija	F
RS	VukićevićTanja	Vukićević, Tanja	-
RS	VukmiricaSvetislav	Vukmirica, Svetislav	M
RS	VukomanovićDijana	Vukomanović, Dijana	F
RS	VukosavljevićVladan	Vukosavljević, Vladan	-
RS	VukovićJadranko	Vuković, Jadranko	M
RS	VukovićMilan	Vuković, Milan	M
RS	VukovićMilivoje	Vuković, Milivoje	M
RS	VukovićSimo	Vuković, Simo	M
RS	VukovićSlobodan	Vuković, Slobodan	M
RS	VuksanovićDragan	Vuksanović, Dragan	M
RS	VuksanovićMomčilo	Vuksanović, Momčilo	M
RS	VuksanovićSlobodan	Vuksanović, Slobodan	-
RS	VukčevićVladimir	Vukčević, Vladimir	-
RS	VukšićDragan	Vukšić, Dragan	M
RS	VulinAleksandar	Vulin, Aleksandar	M
RS	VulovićSrđan	Vulović, Srđan	M
RS	VučelićMilorad	Vučelić, Milorad	M
RS	VučetićJezdimir	Vučetić, Jezdimir	M
RS	VučićAleksandar	Vučić, Aleksandar	M
RS	VučićBorka	Vučić, Borka	F
RS	VučićMiroslav	Vučić, Miroslav	M
RS	VučićevićVladan	Vučićević, Vladan	M
RS	VučkovićMilan	Vučković, Milan	M
RS	VučkovićNataša	Vučković, Nataša	F
RS	VučkovićSlobodan	Vučković, Slobodan	M
RS	VučurovićBožidar	Vučurović, Božidar	M
RS	ZagrađaninVladan	Zagrađanin, Vladan	M
RS	ZaharijevVladimir	Zaharijev, Vladimir	M
RS	ZankovStefan	Zankov, Stefan	M
RS	ZdravkovićLjiljana	Zdravković, Ljiljana	F
RS	ZdravkovićMilivoje	Zdravković, Milivoje	M
RS	ZdravkovićNebojša	Zdravković, Nebojša	M
RS	ZdravkovićRadoslav	Zdravković, Radoslav	M
RS	ZelenovićNebojša	Zelenović, Nebojša	M
RS	ZeljugMarko	Zeljug, Marko	M
RS	ZečevićBogoljub	Zečević, Bogoljub	M
RS	ZečevićIvana	Zečević, Ivana	F
RS	ZindovićDragoljub	Zindović, Dragoljub	M
RS	ZindovićMiljana	Zindović, Miljana	F
RS	ZirićBojan	Zirić, Bojan	M
RS	ZlatanovićSlaviša	Zlatanović, Slaviša	M
RS	ZorićGordana	Zorić, Gordana	F
RS	ZukorlićMuamer	Zukorlić, Muamer	M
RS	ĆelovićFerzo	Ćelović, Ferzo	M
RS	ĆeranNebojša	Ćeran, Nebojša	M
RS	ĆirićGoran	Ćirić, Goran	M
RS	ĆirićNebojša	Ćirić, Nebojša	-
RS	ĆirkovićZoran	Ćirković, Zoran	M
RS	ĆorilićMilena	Ćorilić, Milena	F
RS	ĆorovićAida	Ćorović, Aida	F
RS	ĆosovićSamira	Ćosović, Samira	F
RS	ĆulibrkMarko	Ćulibrk, Marko	M
RS	ĆuseSokolj	Ćuse, Sokolj	-
RS	ČabarkapaĐorđe	Čabarkapa, Đorđe	M
RS	ČabradiGoran	Čabradi, Goran	M
RS	ČabrajaAleksandra	Čabraja, Aleksandra	F
RS	ČabrićGordana	Čabrić, Gordana	F
RS	ČamagićAleksandra	Čamagić, Aleksandra	F
RS	ČanakNenad	Čanak, Nenad	M
RS	ČanovićPredrag	Čanović, Predrag	M
RS	ČapoDejan	Čapo, Dejan	M
RS	ČarapićAna	Čarapić, Ana	F
RS	ČavićLazar	Čavić, Lazar	M
RS	ČavićZoran	Čavić, Zoran	-
RS	ČavušogluMevlut	Čavušoglu, Mevlut	-
RS	ČekovićSanja	Čeković, Sanja	F
RS	ČerovićSlobodan	Čerović, Slobodan	-
RS	ČetrovićMiljko	Četrović, Miljko	M
RS	ČikirizMirko	Čikiriz, Mirko	M
RS	ČikošJosip	Čikoš, Josip	M
RS	ČiplićSvetozar	Čiplić, Svetozar	-
RS	ČizikKarolj	Čizik, Karolj	M
RS	ČizmašJon	Čizmaš, Jon	M
RS	ČojčićSava	Čojčić, Sava	M
RS	ČokićČolePredrag	Čokić-Čole, Predrag	M
RS	ČolakovićMomo	Čolaković, Momo	M
RS	ČolićDragan	Čolić, Dragan	M
RS	ČolićLjiljana	Čolić, Ljiljana	-
RS	ČomićGordana	Čomić, Gordana	F
RS	ČonjagićSovranije	Čonjagić, Sovranije	-
RS	ČotrićAleksandar	Čotrić, Aleksandar	M
RS	ČovićNebojša	Čović, Nebojša	-
RS	ČučkovićMiroslav	Čučković, Miroslav	M
RS	ĐelićBožidar	Đelić, Božidar	M
RS	ĐerićZlata	Đerić, Zlata	F
RS	ĐidićMiodrag	Đidić, Miodrag	M
RS	ĐilasDragan	Đilas, Dragan	M
RS	ĐinđićZoran	Đinđić, Zoran	M
RS	ĐivanovićDaniel	Đivanović, Daniel	M
RS	ĐokićBranimir	Đokić, Branimir	M
RS	ĐokićMilan	Đokić, Milan	M
RS	ĐokićNenad	Đokić, Nenad	M
RS	ĐokićZvonimir	Đokić, Zvonimir	M
RS	ĐokovićDragiša	Đoković, Dragiša	M
RS	ĐokovićLjubiša	Đoković, Ljubiša	M
RS	ĐokovićMirjana	Đoković, Mirjana	F
RS	ĐorđevićAleksandar	Đorđević, Aleksandar	M
RS	ĐorđevićBojana	Đorđević, Bojana	F
RS	ĐorđevićJovan	Đorđević, Jovan	M
RS	ĐorđevićMiodrag	Đorđević, Miodrag	M
RS	ĐorđevićZoran	Đorđević, Zoran	-
RS	ĐorđevićŽivorad	Đorđević, Živorad	M
RS	ĐorđeĐorđe	Đorđe, Đorđe	-
RS	ĐukanovićVladimir	Đukanović, Vladimir	M
RS	ĐukićDejanovićSlavica	Đukić-Dejanović, Slavica	F
RS	ĐukićSlavica	Đukić, Slavica	-
RS	ĐukićSnežana	Đukić, Snežana	-
RS	ĐukovićDragana	Đuković, Dragana	F
RS	ĐuraškovićNovica	Đurašković, Novica	M
RS	ĐuricaMilan	Đurica, Milan	M
RS	ĐurićArsen	Đurić, Arsen	M
RS	ĐurićBojan	Đurić, Bojan	M
RS	ĐurićBratislav	Đurić, Bratislav	M
RS	ĐurićDejan	Đurić, Dejan	M
RS	ĐurićMarko	Đurić, Marko	M
RS	ĐurićMilutin	Đurić, Milutin	M
RS	ĐurićNevena	Đurić, Nevena	F
RS	ĐurićRajko	Đurić, Rajko	M
RS	ĐurićSlavoljub	Đurić, Slavoljub	M
RS	ĐurićVladimir	Đurić, Vladimir	M
RS	ĐuričićTihomir	Đuričić, Tihomir	M
RS	ĐurišićMarko	Đurišić, Marko	M
RS	ĐurišićŽivan	Đurišić, Živan	M
RS	ĐurkovićMilivoje	Đurković, Milivoje	M
RS	ĐurovićAleksandra	Đurović, Aleksandra	F
RS	ĐurovićBranko	Đurović, Branko	M
RS	ĐurovićDušan	Đurović, Dušan	M
RS	ĐurovićLjiljana	Đurović, Ljiljana	F
RS	ĐurđevićDejan	Đurđević, Dejan	-
RS	ĐurđevićRadomir	Đurđević, Radomir	M
RS	ŠabićRodoljub	Šabić, Rodoljub	M
RS	ŠabovićGulbehar	Šabović, Gulbehar	-
RS	ŠajnSrđan	Šajn, Srđan	M
RS	ŠamiZoran	Šami, Zoran	M
RS	ŠandorJožef	Šandor, Jožef	M
RS	ŠandorMelank	Šandor, Melank	-
RS	ŠandorPal	Šandor, Pal	M
RS	ŠapićAleksandar	Šapić, Aleksandar	M
RS	ŠaracSuzana	Šarac, Suzana	F
RS	ŠarovićAleksandra	Šarović, Aleksandra	M
RS	ŠarovićNemanja	Šarović, Nemanja	M
RS	ŠarovićNikola	Šarović, Nikola	-
RS	ŠarčevićMladen	Šarčević, Mladen	-
RS	ŠehovićBajram	Šehović, Bajram	M
RS	ŠerifovEdip	Šerifov, Edip	M
RS	ŠevarlićMiladin	Ševarlić, Miladin	M
RS	ŠešeljAleksandar	Šešelj, Aleksandar	M
RS	ŠešeljVojislav	Šešelj, Vojislav	M
RS	ŠijakovićBogoljub	Šijaković, Bogoljub	-
RS	ŠkrbićMilan	Škrbić, Milan	M
RS	ŠkundrićPetar	Škundrić, Petar	M
RS	ŠljivićMilomir	Šljivić, Milomir	M
RS	ŠormazDragan	Šormaz, Dragan	M
RS	ŠoškićDejan	Šoškić, Dejan	-
RS	ŠtambukVladimir	Štambuk, Vladimir	M
RS	ŠtimacMilko	Štimac, Milko	-
RS	ŠukaloAdam	Šukalo, Adam	M
RS	ŠulcMartin	Šulc, Martin	-
RS	ŠulkićDejan	Šulkić, Dejan	M
RS	ŠumaracDragoslav	Šumarac, Dragoslav	-
RS	ŠutanovacDragan	Šutanovac, Dragan	M
RS	ŠušnjarKatarina	Šušnjar, Katarina	F
RS	ŽarićKovačevićJelena	Žarić Kovačević, Jelena	F
RS	ŽigmanovTomislav	Žigmanov, Tomislav	M
RS	ŽikićDragan	Žikić, Dragan	M
RS	ŽirošJankelićAniko	Žiroš-Jankelić, Aniko	M
RS	ŽivadinovićIvan	Živadinović, Ivan	M
RS	ŽivanovićSrboljub	Živanović, Srboljub	M
RS	ŽivkovDragan	Živkov, Dragan	M
RS	ŽivkovMilucu	Živkov, Milucu	M
RS	ŽivkovićDragoljub	Živković, Dragoljub	M
RS	ŽivkovićMilenko	Živković, Milenko	M
RS	ŽivkovićMilinko	Živković, Milinko	M
RS	ŽivkovićMiroslav	Živković, Miroslav	M
RS	ŽivkovićPredrag	Živković, Predrag	M
RS	ŽivkovićSlavica	Živković, Slavica	-
RS	ŽivkovićVojislav	Živković, Vojislav	M
RS	ŽivkovićZoran	Živković, Zoran	M
RS	ŽivkucinSlobodan	Živkucin, Slobodan	M
RS	ŽivojinovićVelimir	Živojinović, Velimir	M
RS	ŽivotićIlija	Životić, Ilija	M
RS	ŽunićMilovan	Žunić, Milovan	M
RS	ŽuraViorel	Žura, Viorel	M
RS	ŽutićNikola	Žutić, Nikola	M
