Country	SpeakerID	Name	Sex
EE	a_aas_19800609	Aas, Arto	M
EE	a_akkermann_19721005	Akkermann, Annely	F
EE	a_alber_00000000	Alber, A	-
EE	a_aller_19730728	Aller, A	-
EE	a_ammas_19620225	Ammas, Andres	M
EE	a_anger_kraavi_00000000	Kraavi, A	-
EE	a_ansip_19561001	Ansip, Andrus	M
EE	a_anvelt_19690930	Anvelt, Andres	M
EE	a_hamburg_00000000	Hamburg, A	-
EE	a_hansson_00000000	Hansson, A	-
EE	a_heinsalu_00000000	Heinsalu, A	-
EE	a_heinvee_19560927	Heinvee, Aare	M
EE	a_helm_00000000	Helm, A	-
EE	a_herkel_19620814	Herkel, Andres	M
EE	a_hvostov_00000000	Hvostov, A	-
EE	a_jalak_19530319	Jalak, Andres	M
EE	a_karis_00000000	Karis, A	-
EE	a_kokk_19600415	Kokk, Aivar	M
EE	a_konist_00000000	Konist, A	-
EE	a_korobeinik_19801105	Korobeinik, Andrei	M
EE	a_kovalenko_kõlvart_19910921	Kovalenko-Kõlvart, Anastassia	F
EE	a_kütt_00000000	Kütt, A	-
EE	a_laaneots_19480116	Laaneots, Ants	M
EE	a_laneman_19620506	Laneman, Alar	M
EE	a_lipstok_00000000	Lipstok, A	-
EE	a_lutsepp_19540506	Lutsepp, Ain	M
EE	a_lõhmus_00000000	Lõhmus, A	-
EE	a_metsoja_19781125	Metsoja, Andres	M
EE	a_mikli_00000000	Mikli, A	-
EE	a_must_19510325	Must, Aadu	M
EE	a_novikov_19820327	Novikov, Andrei	M
EE	a_ott_19760502	Ott, Anneli	F
EE	a_poolamets_19710222	Poolamets, Anti	M
EE	a_rahno_00000000	Rahno, A	-
EE	a_riisalu_19610313	Riisalu, Aivar	M
EE	a_rosenberg_19620914	Rosenberg, Aivar	M
EE	a_saare_19651229	Saare, Andrus	M
EE	a_seeme_19691108	Seeme, Andrus	M
EE	a_sepp_19711025	Sepp, Andre	M
EE	a_sild_19470426	Sild, Arno	M
EE	a_sulling_19761012	Sulling, Anne	F
EE	a_surva_19620327	Surva, Aivar	M
EE	a_sutt_19671111	Sutt, Andres	M
EE	a_sõerd_19641122	Sõerd, Aivar	M
EE	a_talvik_00000000	Talvik, A	-
EE	a_talvik_19640613	Talvik, Artur	M
EE	a_teelahk_00000000	Teelahk, A	-
EE	a_veetõusme_00000000	Veetõusme, A	-
EE	a_veimer_00000000	Veimer, A	-
EE	a_viidik_19680409	Viidik, Aivar	M
EE	aa_juhanson_00000000	Juhanson, Aa	-
EE	b_klaas_lang_00000000	Lang, B	-
EE	b_pilvre_19630419	Pilvre-Storgård, Barbi-Jenny	F
EE	b_valionytė_00000000	Valionytė, B	-
EE	d_boroditš_19791101	Boroditš, Deniss	M
EE	d_dmitrijev_19820617	Dmitrijev, Dmitri	M
EE	d_jegorov_00000000	Jegorov, D	-
EE	d_kutsar_00000000	Kutsar, D	-
EE	d_sassoli_00000000	Sassoli, D	-
EE	e_eesmaa_19460607	Eesmaa, Enn	M
EE	e_efendijev_19540629	Efendijev, Eldar	M
EE	e_ergma_19440229	Ergma, Ene	F
EE	e_janson_00000000	Janson, E	-
EE	e_kagarov_19560128	Kagarov, Etti	F
EE	e_keldo_19901107	Keldo, Erkki	M
EE	e_laane_00000000	Laane, E	-
EE	e_meri_19420115	Meri, Enn	M
EE	e_nestor_19530905	Nestor, Eiki	M
EE	e_nool_19700625	Nool, Erki	M
EE	e_odinets_19760527	Odinets, Eduard	M
EE	e_oja_00000000	Oja, E	-
EE	e_paasmäe_19520511	Paasmäe, Eevi	F
EE	e_saar_00000000	Saar, E	-
EE	e_savisaar_19780616	Savisaar, Erki	M
EE	e_tuiksoo_19650305	Tuiksoo, Ester	F
EE	e_vallbaum_19591009	Vallbaum, Einar	M
EE	e_veskimägi_00000000	Veskimägi, E	-
EE	em_liimets_19740531	Liimets, Em	-
EE	em_sadrak_00000000	Sadrak, Em	-
EE	em_tiit_00000000	Tiit, Em	-
EE	en_kross_19670908	Kross, Eerik-Niiles	M
EE	f_mägus_00000000	Mägus, F	-
EE	h_braun_00000000	Braun, H	-
EE	h_eenmaa_dimitrieva_00000000	Dimitrieva, H	-
EE	h_everaus_19530105	Everaus, Hele	F
EE	h_hallemaa_19540630	Hallemaa, Helmut	M
EE	h_hanso_19711006	Hanso, Hannes	M
EE	h_hepner_19660217	Hepner, Heiki	M
EE	h_kranich_19611009	Kranich, Heiki	M
EE	h_kütt_19610728	Kütt, Helmen	F
EE	h_lenk_19460917	Lenk, Heimar	M
EE	h_loot_00000000	Loot, H	-
EE	h_mets_00000000	Mets, H	-
EE	h_murula_00000000	Murula, H	-
EE	h_oit_00000000	Oit, H	-
EE	h_pevkur_19770402	Pevkur, Hanno	M
EE	h_pikhof_19581020	Pikhof, Heljo	F
EE	h_purga_19750318	Purga, Heidy	F
EE	h_põlluaas_19600216	Põlluaas, Henn	M
EE	h_sepp_00000000	Sepp, H	-
EE	h_sibul_00000000	Sibul, H	-
EE	h_sooväli_sepping_00000000	Sepping, H	-
EE	h_tõnisson_00000000	Tõnisson, Heili	F
EE	h_volmer_19571108	Volmer, Hardi	M
EE	hm_helme_19660708	Helme, Helle-Moonika	F
EE	hr_kalmo_00000000	Kalmo, Hr	-
EE	hv_seeder_19640907	Seeder, Helir-Valdor	M
EE	i_eenmaa_19430602	Eenmaa, Ivi	F
EE	i_gräzin_19520627	Gräzin, Igor	M
EE	i_ibrus_00000000	Ibrus, I	-
EE	i_juurvee_00000000	Juurvee, I	-
EE	i_kannik_00000000	Kannik, I	-
EE	i_kravtšenko_19730328	Kravtšenko, Igor	M
EE	i_leppik_00000000	Leppik, I	-
EE	i_luigas_19590113	Luigas, Inara	F
EE	i_lutsar_00000000	Lutsar, I	-
EE	i_mäesalu_19700802	Mäesalu, Innar	M
EE	i_neivelt_00000000	Neivelt, I	-
EE	i_padar_19650312	Padar, Ivari	M
EE	i_paul_00000000	Paul, I	-
EE	i_pilving_00000000	Pilving, I	-
EE	i_raag_00000000	Raag, I	-
EE	i_raudne_19751218	Raudne, Indrek	M
EE	i_saar_19730220	Saar, Indrek	M
EE	i_sooäär_19690313	Sooäär, Imre	M
EE	i_teder_00000000	Teder, I	-
EE	i_ülper_00000000	Ülper, I	-
EE	j_aab_19600409	Aab, Jaak	M
EE	j_aaviksoo_00000000	Aaviksoo, J	-
EE	j_aaviksoo_19540111	Aaviksoo, Jaak	M
EE	j_adams_19471122	Adams, Jüri	M
EE	j_allik_19461008	Allik, Jaak	M
EE	j_bercow_00000000	Bercow, J	-
EE	j_buzek_00000000	Buzek, J	-
EE	j_holm_00000000	Holm, J	-
EE	j_jaanson_19651014	Jaanson, Jüri	M
EE	j_juske_19761212	Juske, Jaak	M
EE	j_karilaid_19770201	Karilaid, Jaanus	M
EE	j_kert_19591203	Kert, Johannes	M
EE	j_kõre_00000000	Kõre, J	-
EE	j_ligi_19590716	Ligi, Jürgen	M
EE	j_luik_19660817	Luik, Jüri	M
EE	j_madison_19910422	Madison, Jaak	M
EE	j_marrandi_19630323	Marrandi, Jaanus	M
EE	j_morozov_19580910	Morozov, Jüri	M
EE	j_mäggi_19730905	Mäggi, J	-
EE	j_männik_00000000	Männik, J	-
EE	j_ossinovski_19860315	Ossinovski, Jevgeni	M
EE	j_parts_19660827	Parts, Juhan	M
EE	j_prints_00000000	Prints, J	-
EE	j_puusaag_00000000	Puusaag, J	-
EE	j_raidla_00000000	Raidla, J	-
EE	j_ratas_19780702	Ratas, Jüri	M
EE	j_saar_19561021	Saar, Jüri	M
EE	j_sarv_00000000	Sarv, J	-
EE	j_sepp_00000000	Sepp, J	-
EE	j_tamkivi_19591117	Tamkivi, Jaanus	M
EE	j_tehver_00000000	Tehver, J	-
EE	j_valge_00000000	Valge, J	-
EE	j_valge_19550301	Valge, Jaak	M
EE	j_õunapuu_19580913	Õunapuu, Jaan	M
EE	jk_raid_19740728	Raid, Juku-Kalle	M
EE	jm_lehtme_00000000	Lehtme, Jm	-
EE	jõuluvana_00000000	Jõuluvana, Jõuluvana	-
EE	k_aru_19580801	Aru, Krista	F
EE	k_fischer_00000000	Fischer, K	-
EE	k_grünthal_19600224	Grünthal, Kalle	M
EE	k_höövelson_19841105	Höövelson, Kaido	M
EE	k_iva_19640428	Iva, Kaia	F
EE	k_jaani_19761211	Jaani, K	-
EE	k_jents_19570622	Jents, Kalle	M
EE	k_joller_00000000	Joller, K	-
EE	k_kaarma_00000000	Kaarma, K	-
EE	k_kaljulaid_00000000	Kaljulaid, K	-
EE	k_kallas_19770618	Kallas, Kaja	F
EE	k_kallemets_19790418	Kallemets, Kalev	M
EE	k_kallo_19481206	Kallo, Kalev	M
EE	k_karu_19800630	Karu, K	-
EE	k_kessler_00000000	Kessler, K	-
EE	k_kingo_00000000	Kingo, K	-
EE	k_kingo_19680305	Kingo, Kert	F
EE	k_kits_00000000	Kits, K	-
EE	k_klandorf_00000000	Klandorf, K	-
EE	k_kotkas_19600410	Kotkas, Kalev	M
EE	k_kreisman_19690320	Kreisman, Kaja	F
EE	k_kullerkupp_00000000	Kullerkupp, K	-
EE	k_kõljalg_19821226	Kõljalg, Kristjan	M
EE	k_kõva_19741116	Kõva, Kalvi	M
EE	k_kübarsepp_19810627	Kübarsepp, Külliki	F
EE	k_laanet_19650925	Laanet, Kalle	M
EE	k_lain_19680607	Lain, Kalmer	M
EE	k_land_00000000	Land, K	-
EE	k_lember_19760916	Lember, Kajar	M
EE	k_lillo_19661130	Lillo, Kalev	M
EE	k_michal_19750712	Michal, Kristen	M
EE	k_muuli_19580110	Muuli, Kalle	M
EE	k_oja_00000000	Oja, K	-
EE	k_paal_00000000	Paal, K	-
EE	k_palling_19850227	Palling, Kalle	M
EE	k_pentus_rosimannus_19760303	Pentus, Keit	F
EE	k_raik_00000000	Raik, K	-
EE	k_raik_19671026	Raik, Katri	F
EE	k_rimmel_19521123	Rimmel, Kai	F
EE	k_rüütli_19781225	Rüütli, Karel	M
EE	k_saar_00000000	Saar, K	-
EE	k_saare_00000000	Saare, K	-
EE	k_saks_00000000	Saks, K	-
EE	k_sarapuu_19540505	Sarapuu, Kersti	F
EE	k_simson_00000000	Simson, K	-
EE	k_simson_19770122	Simson, Kadri	F
EE	k_stoicescu_00000000	Stoicescu, K	-
EE	k_tammemägi_19750604	Tammemägi, Karin	F
EE	k_šmigun_vähi_19770223	Šmigun-Vähi, Kristina	F
EE	keskerakonna_fraktsioon_00000000	Fraktsioon, Keskerakonna	-
EE	km_vaher_19740905	Vaher, Ken-Marti	M
EE	käpiknukud_00000000	Käpiknukud, Käpiknukud	-
EE	l_glikman_00000000	Glikman, L	-
EE	l_kaljuvee_00000000	Kaljuvee, L	-
EE	l_kaljuvee_19521229	Kaljuvee, Lembit	M
EE	l_kersna_19800403	Kersna, Liina	F
EE	l_kunman_00000000	Kunman, L	-
EE	l_kunnas_19671114	Kunnas, Leo	M
EE	l_laasi_19740912	Laasi, Lauri	M
EE	l_leppik_00000000	Leppik, L	-
EE	l_luik_19820423	Luik, Lauri	M
EE	l_läänemets_19830131	Läänemets, Lauri	M
EE	l_oviir_19770301	Oviir, Liisa	F
EE	l_pakosta_19690903	Pakosta, Liisa-Ly	F
EE	l_randjärv_19640730	Randjärv, Laine	F
EE	l_reier_00000000	Reier, L	-
EE	l_tammiste_00000000	Tammiste, L	-
EE	l_uusküla_00000000	Uusküla, L	-
EE	l_vahtre_19600322	Vahtre, Lauri	M
EE	l_vallikivi_00000000	Vallikivi, L	-
EE	m_aart_19530331	Aart, Merry	F
EE	m_aava_00000000	Aava, M	-
EE	m_aben_00000000	Aben, M	-
EE	m_ainsaar_00000000	Ainsaar, M	-
EE	m_allikson_00000000	Allikson, M	-
EE	m_annus_00000000	Annus, M	-
EE	m_aunaste_19531107	Aunaste, Maire	F
EE	m_berg_19450827	Berg, Maimu	F
EE	m_eerik_00000000	Eerik, M	-
EE	m_ehala_00000000	Ehala, M	-
EE	m_ehasoo_00000000	Ehasoo, M	-
EE	m_hanson_19580106	Hanson, Margus	M
EE	m_haukanõmm_00000000	Haukanõmm, M	-
EE	m_haukanõmm_19720522	Haukanõmm, Monika	F
EE	m_heidmets_00000000	Heidmets, M	-
EE	m_helme_19491031	Helme, Mart	M
EE	m_helme_19760424	Helme, Martin	M
EE	m_herem_00000000	Herem, M	-
EE	m_hääl_00000000	Hääl, M	-
EE	m_jufereva_skuratovski_19791011	Jufereva-Skuratovski, Maria	F
EE	m_järvik_19560221	Järvik, M	-
EE	m_jürgenson_19770909	Jürgenson, Marek	M
EE	m_kaljurand_00000000	Kaljurand, M	-
EE	m_kaljurand_19620906	Kaljurand, Marina	F
EE	m_korb_19800803	Korb, Mihhail	M
EE	m_kukk_19870815	Kukk, Martin	M
EE	m_kurm_00000000	Kurm, M	-
EE	m_kurrikoff_00000000	Kurrikoff, M	-
EE	m_laar_00000000	Laar, M	-
EE	m_laar_19600422	Laar, Mart	M
EE	m_lauri_19660101	Lauri, Maris	F
EE	m_lauristin_00000000	Lauristin, M	-
EE	m_lotman_19520902	Lotman, Mihhail	M
EE	m_maripuu_19740716	Maripuu, Maret	F
EE	m_meri_19590215	Meri, Mart	M
EE	m_mihkelson_19691130	Mihkelson, Marko	M
EE	m_mikko_19610926	Mikko, Marianne	F
EE	m_milling_19701124	Milling, Madis	M
EE	m_moll_00000000	Moll, M	-
EE	m_mägi_rohtmets_00000000	Rohtmets, M	-
EE	m_mälberg_19700426	Mälberg, Meelis	M
EE	m_müller_00000000	Müller, M	-
EE	m_noorkõiv_00000000	Noorkõiv, M	-
EE	m_noorma_00000000	Noorma, M	-
EE	m_nutt_19620321	Nutt, Mart	M
EE	m_ots_00000000	Ots, M	-
EE	m_oviir_00000000	Oviir, M	-
EE	m_parv_00000000	Parv, M	-
EE	m_pedaste_00000000	Pedaste, M	-
EE	m_pomerants_19640924	Pomerants, Marko	M
EE	m_raidma_19650407	Raidma, Mati	M
EE	m_rannut_00000000	Rannut, M	-
EE	m_rask_00000000	Rask, M	-
EE	m_raud_19690118	Raud, Mihkel	M
EE	m_repinski_19860806	Repinski, Martin	M
EE	m_reps_19750113	Reps, Mailis	F
EE	m_ross_00000000	Ross, M	-
EE	m_seppik_00000000	Seppik, M	-
EE	m_seppius_00000000	Seppius, M	-
EE	m_soosaar_19460112	Soosaar, Mark	M
EE	m_sorin_00000000	Sorin, M	-
EE	m_stalnuhhin_19610915	Stalnuhhin, Mihhail	M
EE	m_sults_19610324	Sults, Märt	M
EE	m_sutrop_19631013	Sutrop, Margit	F
EE	m_tamm_00000000	Tamm, M	-
EE	m_torm_19800302	Torm, Marko	M
EE	m_tsahkna_19770413	Tsahkna, Margus	M
EE	m_tuus_laul_19510512	Tuus, Marika	F
EE	m_unt_00000000	Unt, M	-
EE	m_vasser_00000000	Vasser, M	-
EE	m_villig_00000000	Villig, M	-
EE	m_võrklaev_19840530	Võrklaev, Mart	M
EE	m_šorin_19740609	Šorin, Marko	M
EE	ma_härma_00000000	Härma, Ma	-
EE	märt_sults_ja_viktor_vassiljev_00000000	Vassiljev, Märt	-
EE	n_lammert_00000000	Lammert, N	-
EE	n_malleus_19540123	Malleus, Natalia	F
EE	n_parrest_00000000	Parrest, N	-
EE	n_suur_19680902	Suur, Neeme	M
EE	o_harjo_00000000	Harjo, O	-
EE	o_ivanova_19841015	Ivanova, Olga	F
EE	o_kask_00000000	Kask, O	-
EE	o_kondratjuk_00000000	Kondratjuk, O	-
EE	o_koppel_00000000	Koppel, O	-
EE	o_loone_19790205	Loone, Kerstin-Oudekki	F
EE	o_pärna_00000000	Pärna, O	-
EE	o_sõtnik_19801202	Sõtnik, Olga	F
EE	p_aru_19530420	Aru, Peep	M
EE	p_ernits_19530611	Ernits, Peeter	M
EE	p_humal_00000000	Humal, P	-
EE	p_konsa_00000000	Konsa, P	-
EE	p_kreitzberg_19481214	Kreitzberg, Peeter	M
EE	p_laurson_19710204	Laurson, Peeter	M
EE	p_liimal_00000000	Liimal, P	-
EE	p_pikamäe_00000000	Pikamäe, P	-
EE	p_pikk_00000000	Pikk, P	-
EE	p_puustusmaa_19640905	Puustusmaa, Paul	M
EE	p_rahnel_19570223	Rahnel, Peeter	M
EE	p_randma_00000000	Randma, P	-
EE	p_roosma_00000000	Roosma, P	-
EE	p_sibul_19771231	Sibul, Priit	M
EE	p_soom_00000000	Soom, P	-
EE	p_talving_00000000	Talving, P	-
EE	p_toobal_19831101	Toobal, Priit	M
EE	p_varul_00000000	Varul, P	-
EE	p_võsa_19671228	Võsa, Peeter	M
EE	pe_rummo_19420119	Rummo, Paul-Eerik	M
EE	r_aeg_19620704	Aeg, Raivo	M
EE	r_aidma_19500928	Aidma, Rein	M
EE	r_breivel_19520826	Breivel, Riho	M
EE	r_drenkhan_00000000	Drenkhan, R	-
EE	r_eamets_00000000	Eamets, R	-
EE	r_epler_19770606	Epler, R	-
EE	r_holsmer_19800920	Holsmer, Remo	M
EE	r_järvelill_00000000	Järvelill, R	-
EE	r_järvi_19541223	Järvi, Raivo	M
EE	r_kaalep_19930921	Kaalep, Ruuben	M
EE	r_kaljulaid_19820127	Kaljulaid, Raimond	M
EE	r_kokk_19800304	Kokk, Rene	M
EE	r_kuuse_00000000	Kuuse, R	-
EE	r_lang_19570704	Lang, Rein	M
EE	r_leiger_00000000	Leiger, R	-
EE	r_malmstein_00000000	Malmstein, R	-
EE	r_maruste_19530927	Maruste, Rait	M
EE	r_oltjer_00000000	Oltjer, R	-
EE	r_põldaru_19510529	Põldaru, Raivo	M
EE	r_randver_19560624	Randver, Rein	M
EE	r_ratas_19380509	Ratas, Rein	M
EE	r_roos_19730401	Roos, Reet	F
EE	r_siem_19730605	Siem, R	-
EE	r_sikkut_19830112	Sikkut, Riina	F
EE	r_sillavee_00000000	Sillavee, R	-
EE	r_solman_19720623	Solman, R	-
EE	r_stefantšuk_00000000	Stefantšuk, R	-
EE	r_suurkask_19680525	Suurkask, Rein	M
EE	r_taagepera_00000000	Taagepera, R	-
EE	r_tamm_19650715	Tamm, Raivo	M
EE	r_tammist_19780705	Tammist, R	-
EE	r_terras_00000000	Terras, R	-
EE	r_tingas_00000000	Tingas, R	-
EE	r_vakra_19810310	Vakra, Rainer	M
EE	r_vare_00000000	Vare, R	-
EE	r_vassiljev_19811108	Vassiljev, Rannar	M
EE	r_värnik_00000000	Värnik, R	-
EE	reformierakonna_fraktsioon_00000000	Fraktsioon, Reformierakonna	-
EE	riigikogu_juhatus_00000000	Juhatus, Riigikogu	-
EE	s_kabrits_19790704	Kabrits, Siim	M
EE	s_kallas_19481002	Kallas, Siim	M
EE	s_kannimäe_19550616	Kannimäe, Sulev	M
EE	s_kivi_19570224	Kivi, Signe	F
EE	s_kotka_19860727	Kotka, Siret	F
EE	s_laos_00000000	Laos, S	-
EE	s_lääne_00000000	Lääne, S	-
EE	s_mikser_19731108	Mikser, Sven	M
EE	s_pohlak_19850514	Pohlak, Siim	M
EE	s_riisalo_19681008	Riisalo, Signe	F
EE	s_sester_19690714	Sester, Sven	M
EE	s_tamkivi_00000000	Tamkivi, S	-
EE	s_västra_00000000	Västra, S	-
EE	sa_ehrlich_00000000	Ehrlich, Sa	-
EE	sh_evestus_00000000	Evestus, Sh	-
EE	sotsiaaldemokraatliku_erakonna_fraktsioon_00000000	Fraktsioon, Sotsiaaldemokraatliku	-
EE	sv_kiisler_19651106	Kiisler, Siim Valmar	M
EE	t_aas_19660110	Aas, Taavi	M
EE	t_aleksejev_00000000	Aleksejev, T	-
EE	t_aro_19520618	Aro, Tiiu	F
EE	t_arro_00000000	Arro, T	-
EE	t_asser_00000000	Asser, T	-
EE	t_denks_00000000	Denks, T	-
EE	t_esko_00000000	Esko, T	-
EE	t_frey_00000000	Frey, T	-
EE	t_jaanson_19661123	Jaanson, Tatjana	F
EE	t_juul_19580421	Juul, Tõnu	M
EE	t_järveoja_19610423	Järveoja, Toomas	M
EE	t_jürgenstein_19640723	Jürgenstein, Toomas	M
EE	t_jüristo_00000000	Jüristo, T	-
EE	t_kala_19540819	Kala, Tiit	M
EE	t_kangro_00000000	Kangro, T	-
EE	t_kangro_19610403	Kangro, Tiina	F
EE	t_kiik_19890123	Kiik, T	-
EE	t_kivimägi_19630216	Kivimägi, Toomas	M
EE	t_kruusimäe_19670409	Kruusimäe, Tarmo	M
EE	t_kuurme_00000000	Kuurme, T	-
EE	t_kõiv_19701029	Kõiv, Tõnis	M
EE	t_kõuts_00000000	Kõuts, T	-
EE	t_land_00000000	Land, T	-
EE	t_lehtla_00000000	Lehtla, T	-
EE	t_leinatamm_19570902	Leinatamm, Tarmo	M
EE	t_lokk_tramberg_19551001	Lokk-Tramberg, Tiina	F
EE	t_loodus_00000000	Loodus, T	-
EE	t_lukas_19620605	Lukas, Tõnis	M
EE	t_luman_00000000	Luman, T	-
EE	t_mänd_19500819	Mänd, Tarmo	M
EE	t_mölder_19891009	Mölder, Tõnis	M
EE	t_niilo_00000000	Niilo, T	-
EE	t_palts_19530329	Palts, Tõnis	M
EE	t_paur_19490317	Paur, Toomas	M
EE	t_pehk_00000000	Pehk, T	-
EE	t_post_00000000	Post, T	-
EE	t_rõivas_19790926	Rõivas, Taavi	M
EE	t_sihver_00000000	Sihver, T	-
EE	t_soomere_00000000	Soomere, T	-
EE	t_suslov_19810702	Suslov, Timo	M
EE	t_talve_19760813	Talve, Tanel	M
EE	t_tamkivi_00000000	Tamkivi, T	-
EE	t_tamm_19531203	Tamm, Tarmo	M
EE	t_tammaru_00000000	Tammaru, T	-
EE	t_tammsaar_19511107	Tammsaar, Tiit	M
EE	t_terik_19790615	Terik, Tiit	M
EE	t_trei_19670501	Trei, Terje	F
EE	t_tõniste_19670426	Tõniste, Toomas	M
EE	t_vitsut_19600101	Vitsut, Toomas	M
EE	t_väinaste_19500124	Väinaste, Toomas	M
EE	th_ilves_00000000	Ilves, Th	-
EE	u_espenberg_19610704	Espenberg, Urmas	M
EE	u_kaskpeit_19570608	Kaskpeit, Uno	M
EE	u_klaas_00000000	Klaas, U	-
EE	u_klaas_19710317	Klaas, Urmas	M
EE	u_kruuse_19650714	Kruuse, Urmas	M
EE	u_paet_19740420	Paet, Urmas	M
EE	u_palo_19720710	Palo, Urve	F
EE	u_reinsalu_19750622	Reinsalu, Urmas	M
EE	u_reitelmann_19580709	Reitelmann, Urmas	M
EE	u_simon_00000000	Simon, U	-
EE	u_tiidus_19540606	Tiidus, Urve	F
EE	u_vaarmann_19770106	Vaarmann, Urbo	M
EE	u_varblane_00000000	Varblane, U	-
EE	u_volens_00000000	Volens, U	-
EE	upo_šuljak_00000000	Šuljak, Upo	-
EE	v_brett_00000000	Brett, V	-
EE	v_jõgisoo_00000000	Jõgisoo, V	-
EE	v_kalm_00000000	Kalm, V	-
EE	v_korb_19540703	Korb, Valeri	M
EE	v_kõve_00000000	Kõve, V	-
EE	v_ladõnskaja_kubits_19810720	Ladõnskaja, Viktoria	F
EE	v_ligi_00000000	Ligi, V	-
EE	v_linde_19590131	Linde, Väino	M
EE	v_luhalaid_00000000	Luhalaid, V	-
EE	v_randpere_19580204	Randpere, Valdo	M
EE	v_toomast_19620815	Savisaar-Toomast, Vilja	F
EE	v_vassiljev_19530409	Vassiljev, Viktor	M
EE	v_velman_19450925	Velman, Vladimir	M
EE	v_vooglaid_00000000	Vooglaid, V	-
EE	v_zelenskõi_00000000	Zelenskõi, V	-
EE	v_čebotarenoka_00000000	Čebotarenoka, V	-
EE	valdo_randpere_margus_hanson_ja_kalle_jents_00000000	Jents, Valdo	-
EE	y_alender_19790613	Alender, Yoko	F
EE	y_toom_19661015	Toom, Yana	F
EE	õ_pillak_19830223	Pillak, Õnne	F
EE	ü_madise_00000000	Madise, Ü	-
EE	ü_niinemets_00000000	Niinemets, Ü	-
EE	ü_rajasalu_19530506	Rajasalu, Ülle	F
EE	ü_saaremäe_19691123	Saaremäe, Üllar	M
EE	ü_tulik_19570511	Tulik, Ülo	M
