Country	SpeakerID	Name	Sex
SI	AccettoMatej	Accetto, Matej	M
SI	AmbrožičBorut	Ambrožič, Borut	M
SI	AnderličAnton	Anderlič, Anton	M
SI	AndoljšekŽiga	Andoljšek, Žiga	M
SI	AndrijaničMarkBoris	Andrijanič, Mark Boris	M
SI	AntončičBoštjan	Antončič, Boštjan	M
SI	AntončičVojko	Antončič, Vojko	M
SI	ApohalVučkovićLidija	Apohal Vučković, Lidija	F
SI	ArehLavričSonja	Areh Lavrič, Sonja	F
SI	AvšičJože	Avšič, Jože	M
SI	BabičBojan	Babič, Bojan	M
SI	BahŽibertAnja	Bah Žibert, Anja	F
SI	BajcJosip	Bajc, Josip	M
SI	BajecPrimož	Bajec, Primož	M
SI	BajukAndrej	Bajuk, Andrej	M
SI	BakovićPredrag	Baković, Predrag	M
SI	BalantBoris	Balant, Boris	M
SI	BalohPlahutnikSaša	Baloh Plahutnik, Saša	M
SI	BaluhStanko	Baluh, Stanko	M
SI	BanUrška	Ban, Urška	F
SI	BandeljElido	Bandelj, Elido	M
SI	BandeljMirko	Bandelj, Mirko	M
SI	BandelliMarko	Bandelli, Marko	M
SI	BanovecTomaž	Banovec, Tomaž	M
SI	BarleLakotaAndreja	Barle Lakota, Andreja	F
SI	BarovičBogdan	Barovič, Bogdan	M
SI	BarrosoJoseManuel	Barroso, Jose Manuel	M
SI	BattelliRoberto	Battelli, Roberto	M
SI	BavdažKuretDarja	Bavdaž Kuret, Darja	F
SI	BavčarIgor	Bavčar, Igor	M
SI	BačičMarija	Bačič, Marija	F
SI	BaškovičCiril	Baškovič, Ciril	M
SI	BednarikJakob	Bednarik, Jakob	M
SI	BedračGorazd	Bedrač, Gorazd	M
SI	BehinLeon	Behin, Leon	M
SI	BekešPeter	Bekeš, Peter	M
SI	BelopavlovičNataša	Belopavlovič, Nataša	F
SI	BenčinaDragoljuba	Benčina, Dragoljuba	F
SI	BerkVesna	Berk, Vesna	F
SI	BernikJožef	Bernik, Jožef	M
SI	BertonceljAndrej	Bertoncelj, Andrej	M
SI	BervarMitja	Bervar, Mitja	M
SI	BeuermannRichard	Beuermann, Richard	M
SI	BevkSamo	Bevk, Samo	M
SI	BezjakMarjan	Bezjak, Marjan	M
SI	BečanIrena	Bečan, Irena	F
SI	BikarAlenka	Bikar, Alenka	F
SI	BilbijaMaja	Bilbija, Maja	F
SI	BitencJaka	Bitenc, Jaka	M
SI	BitencPengovTina	Bitenc Pengov, Tina	F
SI	BizjakIvan	Bizjak, Ivan	M
SI	BizjakMiloš	Bizjak, Miloš	M
SI	BizjakMlakarJulijana	Bizjak Mlakar, Julijana	F
SI	BlažičSrečko	Blažič, Srečko	M
SI	BogatajMiran	Bogataj, Miran	M
SI	BogatajTanja	Bogataj, Tanja	F
SI	BogovičFranc	Bogovič, Franc	M
SI	BohTomaž	Boh, Tomaž	M
SI	BohincRado	Bohinc, Rado	M
SI	BonKlanjščekMirjam	Bon Klanjšček, Mirjam	F
SI	BorotaBarbra	Borota, Barbra	F
SI	BosnićDragan	Bosnić, Dragan	M
SI	BožičIvan	Božič, Ivan	M
SI	BožičJanez	Božič, Janez	M
SI	BožičTilen	Božič, Tilen	M
SI	BožičZoran	Božič, Zoran	M
SI	BožnikBreda	Božnik, Breda	F
SI	BradačLado	Bradač, Lado	M
SI	BraniseljRihard	Braniselj, Rihard	M
SI	BratušekAlenka	Bratušek, Alenka	F
SI	BreceljTina	Brecelj, Tina	F
SI	BregantTina	Bregant, Tina	F
SI	BrejcMihael	Brejc, Mihael	M
SI	BrenčičStanislav	Brenčič, Stanislav	M
SI	BrezigarBarbara	Brezigar, Barbara	F
SI	BrezigarBojan	Brezigar, Bojan	M
SI	BreznikFranc	Breznik, Franc	M
SI	BrezovarNejc	Brezovar, Nejc	M
SI	BrglezMilan	Brglez, Milan	M
SI	BriceljMitja	Bricelj, Mitja	M
SI	BrinovšekNada	Brinovšek, Nada	F
SI	BriškiMarta	Briški, Marta	F
SI	BrulcMirko	Brulc, Mirko	M
SI	BrunskoleRenata	Brunskole, Renata	F
SI	BručanAndrej	Bručan, Andrej	M
SI	BugaričBojan	Bugarič, Bojan	M
SI	BukovecIvan	Bukovec, Ivan	M
SI	BukovecSonja	Bukovec, Sonja	F
SI	BukovnikAlan	Bukovnik, Alan	M
SI	BulcVioleta	Bulc, Violeta	F
SI	BurgarJanez	Burgar, Janez	M
SI	BurgarJanko	Burgar, Janko	M
SI	ButFranc	But, Franc	M
SI	ButolenAnton	Butolen, Anton	M
SI	BöhmLučka	Böhm, Lučka	F
SI	CantaruttiAleš	Cantarutti, Aleš	M
SI	CapuderFranc	Capuder, Franc	M
SI	CerarBožo	Cerar, Božo	M
SI	CerarMiro	Cerar, Miro	M
SI	CerarZdenka	Cerar, Zdenka	F
SI	CiglarSaša	Ciglar, Saša	M
SI	CiglerKraljJanez	Cigler Kralj, Janez	M
SI	CiglerŽeljko	Cigler, Željko	M
SI	CimpermanJanez	Cimperman, Janez	M
SI	CinkTanja	Cink, Tanja	F
SI	ColaričAnton	Colarič, Anton	M
SI	CotmanMarjeta	Cotman, Marjeta	F
SI	CoxPatrick	Cox, Patrick	M
SI	CrnekDejan	Crnek, Dejan	M
SI	CudermanAjda	Cuderman, Ajda	F
SI	CugeljRobert	Cugelj, Robert	M
SI	CukjatiFrance	Cukjati, France	M
SI	CviklMilanMartin	Cvikl, Milan Martin	M
SI	DamijanJože	Damijan, Jože	M
SI	DeisingerMitja	Deisinger, Mitja	M
SI	DeklevaErika	Dekleva, Erika	F
SI	DelakAnton	Delak, Anton	M
SI	DeželakJanko	Deželak, Janko	M
SI	DiaciMarko	Diaci, Marko	M
SI	DikaučičMarjan	Dikaučič, Marjan	M
SI	DimicIva	Dimic, Iva	F
SI	DimitrovskiMaja	Dimitrovski, Maja	F
SI	DimovskiVlado	Dimovski, Vlado	M
SI	DivjakMirnikLidija	Divjak Mirnik, Lidija	F
SI	DoblekarBoris	Doblekar, Boris	M
SI	DobovšekBojan	Dobovšek, Bojan	M
SI	DobrajcPolonca	Dobrajc, Polonca	F
SI	DolencNataša	Dolenc, Nataša	F
SI	DolinšekMarjan	Dolinšek, Marjan	M
SI	DolčičTone	Dolčič, Tone	M
SI	DolčičTonček	Dolčič, Tonček	M
SI	DovžanGašper	Dovžan, Gašper	M
SI	DragonjaMetod	Dragonja, Metod	M
SI	DrmažIrena	Drmaž, Irena	F
SI	DrnovšekJanez	Drnovšek, Janez	M
SI	DrobničJanez	Drobnič, Janez	M
SI	DrofenikMarjan	Drofenik, Marjan	M
SI	DularJanez	Dular, Janez	M
SI	DžubanGeza	Džuban, Geza	M
SI	EngelmanAndrej	Engelman, Andrej	M
SI	ErjavecEmil	Erjavec, Emil	M
SI	ErjavecKarlViktor	Erjavec, Karl Viktor	M
SI	EršteIgor	Eršte, Igor	M
SI	ErženIvan	Eržen, Ivan	M
SI	FabijanJanez	Fabijan, Janez	M
SI	FabjanAndrej	Fabjan, Andrej	M
SI	FajtRajko	Fajt, Rajko	M
SI	FakinSamo	Fakin, Samo	M
SI	FalknerJože	Falkner, Jože	M
SI	FarkašLainščakJerneja	Farkaš Lainščak, Jerneja	F
SI	FekonjaMario	Fekonja, Mario	M
SI	FerjanJure	Ferjan, Jure	M
SI	FerležMarija	Ferlež, Marija	F
SI	FerlugaMarko	Ferluga, Marko	M
SI	FickoBranko	Ficko, Branko	M
SI	FickoJožef	Ficko, Jožef	M
SI	FišerZvonko	Fišer, Zvonko	M
SI	FlerinPolona	Flerin, Polona	F
SI	ForteAlenka	Forte, Alenka	F
SI	FrangežMatevž	Frangež, Matevž	M
SI	FrankarGašper	Frankar, Gašper	M
SI	FrasDarko	Fras, Darko	M
SI	FridlJarcIgnacija	Fridl Jarc, Ignacija	F
SI	FunklMarko	Funkl, Marko	M
SI	FurmanKarmen	Furman, Karmen	M
SI	GaberSlavko	Gaber, Slavko	M
SI	GantarPavel	Gantar, Pavel	M
SI	GantarTomaž	Gantar, Tomaž	M
SI	GarvasHočevarJanja	Garvas Hočevar, Janja	F
SI	GaspariMitja	Gaspari, Mitja	M
SI	GaspariniMario	Gasparini, Mario	M
SI	GašparMišičGašpar	Gašpar Mišič, Gašpar	M
SI	GašperšičPeter	Gašperšič, Peter	M
SI	GerenčerAndrej	Gerenčer, Andrej	M
SI	GermičLjubo	Germič, Ljubo	M
SI	GermovšekSiniša	Germovšek, Siniša	M
SI	GeršakPeter	Geršak, Peter	M
SI	GečMojca	Geč, Mojca	F
SI	GjerkešHenrik	Gjerkeš, Henrik	M
SI	GlobačnikBojana	Globačnik, Bojana	F
SI	GodecJelka	Godec, Jelka	F
SI	GodecJoško	Godec, Joško	M
SI	GodinaDuška	Godina, Duška	F
SI	GolobIgnac	Golob, Ignac	M
SI	GolobRobert	Golob, Robert	M
SI	GolobičGregor	Golobič, Gregor	M
SI	GolubovićBrane	Golubović, Brane	M
SI	GorecAlenka	Gorec, Alenka	F
SI	GorecNevenka	Gorec, Nevenka	F
SI	GorenakVinko	Gorenak, Vinko	M
SI	GorenščekMitja	Gorenšček, Mitja	M
SI	GorišekMetka	Gorišek, Metka	F
SI	GradFranc	Grad, Franc	M
SI	GračnerZoran	Gračner, Zoran	M
SI	GrebenšekKlemen	Grebenšek, Klemen	M
SI	GregorčičMonika	Gregorčič, Monika	F
SI	GrilcUroš	Grilc, Uroš	M
SI	GrillIvan	Grill, Ivan	M
SI	GrimsBranko	Grims, Branko	M
SI	GrizoldAnton	Grizold, Anton	M
SI	GroffFerjančičMiranda	Groff Ferjančič, Miranda	F
SI	GroznikKatarina	Groznik, Katarina	F
SI	GrošeljKlemen	Grošelj, Klemen	M
SI	GrošeljKošnikIrena	Grošelj Košnik, Irena	F
SI	GrošeljLeopold	Grošelj, Leopold	M
SI	GrošeljZoran	Grošelj, Zoran	M
SI	GuličAleš	Gulič, Aleš	M
SI	GumzarMilan	Gumzar, Milan	M
SI	GutmanAlbin	Gutman, Albin	M
SI	GučekZakošekMargareta	Guček Zakošek, Margareta	F
SI	GyörekMiran	Györek, Miran	M
SI	GyörkösJozsef	Györkös, Jozsef	M
SI	GyörkösJózsef	Györkös, József	M
SI	GyörkösŽnidarVesna	Györkös Žnidar, Vesna	F
SI	GönczLászló	Göncz, László	M
SI	HainzPrimož	Hainz, Primož	M
SI	HajdinjakMetka	Hajdinjak, Metka	F
SI	HanMatjaž	Han, Matjaž	M
SI	HanžekMatjaž	Hanžek, Matjaž	M
SI	HanželSlavko	Hanžel, Slavko	M
SI	HarejAnton	Harej, Anton	M
SI	HartmanHelmut	Hartman, Helmut	M
SI	HauptmanPeter	Hauptman, Peter	M
SI	HeferleTina	Heferle, Tina	F
SI	HercegovacLejla	Hercegovac, Lejla	F
SI	HojsAleš	Hojs, Aleš	M
SI	HomanBojan	Homan, Bojan	M
SI	HorvatAndrej	Horvat, Andrej	M
SI	HorvatFranc	Horvat, Franc	M
SI	HorvatJožef	Horvat, Jožef	M
SI	HorvatMiha	Horvat, Miha	M
SI	HorvatMitja	Horvat, Mitja	M
SI	HorvatTomaž	Horvat, Tomaž	M
SI	HorvatVladimir	Horvat, Vladimir	M
SI	HorváthFerenc	Horváth, Ferenc	M
SI	HostnikKališekMaja	Hostnik Kališek, Maja	F
SI	HotMeira	Hot, Meira	F
SI	HočevarKatarina	Hočevar, Katarina	F
SI	HrovatRobert	Hrovat, Robert	M
SI	HršakIvan	Hršak, Ivan	M
SI	HvalaArjaEla	Hvala, Arja Ela	F
SI	HvalaMarko	Hvala, Marko	M
SI	HvalicaDoro	Hvalica, Doro	M
SI	HvaucSrečko	Hvauc, Srečko	M
SI	IlcJože	Ilc, Jože	M
SI	IrglEva	Irgl, Eva	F
SI	IrgoličAleš	Irgolič, Aleš	M
SI	IvankovičPavo	Ivankovič, Pavo	M
SI	IvanušaJani	Ivanuša, Jani	M
SI	IvanušaLidija	Ivanuša, Lidija	F
SI	JadekPensaDunja	Jadek Pensa, Dunja	F
SI	JakičRoman	Jakič, Roman	M
SI	JaklinDamijan	Jaklin, Damijan	M
SI	JaklitschHelena	Jaklitsch, Helena	F
SI	JakličKlemen	Jaklič, Klemen	M
SI	JakominIgor	Jakomin, Igor	M
SI	JakopičŠpela	Jakopič, Špela	F
SI	JambrovičBoštjan	Jambrovič, Boštjan	M
SI	JanZoltan	Jan, Zoltan	M
SI	JancBranko	Janc, Branko	M
SI	JancKristijan	Janc, Kristijan	M
SI	JancMarija	Janc, Marija	F
SI	JankovićZoran	Janković, Zoran	M
SI	JanšaJanez	Janša, Ivan Janez	M
SI	JarcIztok	Jarc, Iztok	M
SI	JarcMatjaž	Jarc, Matjaž	M
SI	JazbecBoštjan	Jazbec, Boštjan	M
SI	JazbecDarko	Jazbec, Darko	M
SI	JazbecFranc	Jazbec, Franc	M
SI	JazbecMilan	Jazbec, Milan	M
SI	JazbecSaša	Jazbec, Saša	F
SI	JegličTomažMarijan	Jeglič, Tomaž Marijan	M
SI	JelenIvan	Jelen, Ivan	M
SI	JelinčičPlemenitiZmago	Jelinčič, Zmago	M
SI	JelušičLjubica	Jelušič, Ljubica	F
SI	JenkoJana	Jenko, Jana	F
SI	JenkoZlatko	Jenko, Zlatko	M
SI	JenullHinko	Jenull, Hinko	M
SI	JenčičMihael	Jenčič, Mihael	M
SI	JerajAlenka	Jeraj, Alenka	F
SI	JerebSamo	Jereb, Samo	M
SI	JerinaAndreja	Jerina, Andreja	F
SI	JeričAljoša	Jerič, Aljoša	M
SI	JeričMiran	Jerič, Miran	M
SI	JerkičLidija	Jerkič, Lidija	F
SI	JerovšekJožef	Jerovšek, Jožef	M
SI	JeršičTomaž	Jeršič, Tomaž	M
SI	JesihBoris	Jesih, Boris	M
SI	JešovnikPeter	Ješovnik, Peter	M
SI	JurakGregor	Jurak, Gregor	M
SI	JuriAurelio	Juri, Aurelio	M
SI	JuriFranco	Juri, Franco	M
SI	JuriLuka	Juri, Luka	M
SI	JuršaFranc	Jurša, Franc	M
SI	KacinJelko	Kacin, Jelko	M
SI	KajzerTone	Kajzer, Tone	M
SI	KalinTomaž	Kalin, Tomaž	M
SI	KalohDejan	Kaloh, Dejan	M
SI	KalužaLadislav	Kaluža, Ladislav	M
SI	KamnarHelena	Kamnar, Helena	F
SI	KampušAnton	Kampuš, Anton	M
SI	KampušMarijan	Kampuš, Marijan	M
SI	KanglerFranc	Kangler, Franc	M
SI	KastelicDanijel	Kastelic, Danijel	M
SI	KatičAndreja	Katič, Andreja	F
SI	KavtičnikJože	Kavtičnik, Jože Jožef	M
SI	KavčičAleksander	Kavčič, Aleksander	M
SI	KavčičBlaž	Kavčič, Blaž	M
SI	KeberDusan	Keber, Dušan	M
SI	KebričIvan	Kebrič, Ivan	M
SI	KekFranci	Kek, Franci	M
SI	KekecBojan	Kekec, Bojan	M
SI	KeleminaBranko	Kelemina, Branko	M
SI	KepaFranci	Kepa, Franci	M
SI	KertAndreja	Kert, Andreja	F
SI	KerševanErik	Kerševan, Erik	M
SI	KikeljJanez	Kikelj, Janez	M
SI	KlampferKsenija	Klampfer, Ksenija	F
SI	KlampferMarta	Klampfer, Marta	F
SI	KlasincJanja	Klasinc, Janja	F
SI	KlavoraVasja	Klavora, Vasja	M
SI	KlemenčičAlenka	Klemenčič, Alenka	F
SI	KlemenčičGoran	Klemenčič, Goran	M
SI	KlemenčičZoran	Klemenčič, Zoran	M
SI	KlinarIgor	Klinar, Igor	M
SI	KlinarRina	Klinar, Rina	F
SI	KlunMiroslav	Klun, Miroslav	M
SI	KnezMatjaž	Knez, Matjaž	M
SI	KnezRajko	Knez, Rajko	M
SI	KnežakSoniboj	Knežak, Soniboj	M
SI	KociperMaša	Kociper, Maša	F
SI	KociperŠtefan	Kociper, Štefan	M
SI	KokaljAnton	Kokalj, Anton	M
SI	KolarCelarcMarijaMilojka	Kolar Celarc, Marija Milojka	F
SI	KolarMilojka	Kolar, Milojka	F
SI	KolešaAnita	Koleša, Anita	F
SI	KomacOskar	Komac, Oskar	M
SI	KomarPolonca	Komar, Polonca	F
SI	KomelTina	Komel, Tina	F
SI	KomljanecJanez	Komljanec, Janez	M
SI	KontičBojan	Kontič, Bojan	M
SI	KončanDarko	Končan, Darko	M
SI	KončanRoman	Končan, Roman	M
SI	KončinaPeternelMateja	Končina Peternel, Mateja	F
SI	KopačJanez	Kopač, Janez	M
SI	KopačMrakAnja	Kopač Mrak, Anja	F
SI	KopmajerBenedikt	Kopmajer, Benedikt	M
SI	KoprivcMarko	Koprivc, Marko	M
SI	KoprivnikarBoris	Koprivnikar, Boris	M
SI	KoprolMarcel	Koprol, Marcel	M
SI	KoražijaBoštjan	Koražija, Boštjan	M
SI	KordišMiha	Kordiš, Miha	M
SI	KorenDrago	Koren, Drago	M
SI	KorenGombocAlenka	Koren Gomboc, Alenka	F
SI	KorenjakKramarKsenija	Korenjak Kramar, Ksenija	F
SI	KoritnikBoštjan	Koritnik, Boštjan	M
SI	KorpičHorvatEtelka	Korpič Horvat, Etelka	F
SI	KorčeJerca	Korče, Jerca	F
SI	KosDrago	Kos, Drago	M
SI	KosGregor	Kos, Gregor	M
SI	KosSaša	Kos, Saša	M
SI	KosVojko	Kos, Vojko	M
SI	KotnikIrena	Kotnik, Irena	F
SI	KotnikPoropatMarjana	Kotnik Poropat, Marjana	F
SI	KovačJerebNatalija	Kovač Jereb, Natalija	F
SI	KovačNataša	Kovač, Nataša	F
SI	KovačZdenka	Kovač, Zdenka	F
SI	KovačZoran	Kovač, Zoran	M
SI	KovačičAljaž	Kovačič, Aljaž	M
SI	KovačičDimitrij	Kovačič, Dimitrij	M
SI	KovačičMarijaAntonija	Kovačič, Marija Antonija	F
SI	KovšcaAlenka	Kovšca, Alenka	F
SI	KovšcaAlojz	Kovšca, Alojz	M
SI	KozlovičLilijana	Kozlovič, Lilijana	F
SI	KozmikVodušekVera	Kozmik Vodušek, Vera	F
SI	KozmusFerjanKarmen	Kozmus Ferjan, Karmen	F
SI	KošakMaja	Košak, Maja	F
SI	KošorokBlaž	Košorok, Blaž	M
SI	KožuhNovakMateja	Kožuh Novak, Mateja	F
SI	KrajcarUrban	Krajcar, Urban	M
SI	KrajncBojan	Krajnc, Bojan	M
SI	KrajncDarko	Krajnc, Darko	M
SI	KrajncMiran	Krajnc, Miran	M
SI	KrajčičDarij	Krajčič, Darij	M
SI	KramarFranc	Kramar, Franc	M
SI	KrambergerJanez	Kramberger, Janez	M
SI	KrašovecDarko	Krašovec, Darko	M
SI	KrekMilan	Krek, Milan	M
SI	KrekUroš	Krek, Uroš	M
SI	KrekViktor	Krek, Viktor	M
SI	KremžarLeopold	Kremžar, Leopold	M
SI	KresGvido	Kres, Gvido	M
SI	KresalKatarina	Kresal, Katarina	F
SI	KrisperKrambergerMarija	Krisper Kramberger, Marija	F
SI	KristanIvan	Kristan, Ivan	M
SI	KrivecDanijel	Krivec, Danijel	M
SI	KrižaničFranc	Križanič, Franc	M
SI	KrižmanMarijan	Križman, Marijan	M
SI	KrpačRado	Krpač, Rado	M
SI	KrušecDejan	Krušec, Dejan	M
SI	KuclerDolinarMojca	Kucler Dolinar, Mojca	F
SI	KugovnikOtmar	Kugovnik, Otmar	M
SI	KumerBojan	Kumer, Bojan	M
SI	KumerDušan	Kumer, Dušan	M
SI	KuničJožef	Kunič, Jožef	M
SI	KurentAndrej	Kurent, Andrej	M
SI	KurnjekBranko	Kurnjek, Branko	M
SI	KusZoran	Kus, Zoran	M
SI	KustecLipicerSimona	Kustec Lipicer, Simona	F
SI	KutošSamo	Kutoš, Samo	M
SI	KučanMilan	Kučan, Milan	M
SI	KušarIgor	Kušar, Igor	M
SI	KušarJanko	Kušar, Janko	M
SI	KvasBojana	Kvas, Bojana	F
SI	LahDamjan	Lah, Damjan	M
SI	LahMarija	Lah, Marija	F
SI	LahZvonko	Lah, Zvonko	M
SI	LahovnikMatej	Lahovnik, Matej	M
SI	LajFranc	Laj, Franc	M
SI	LampeAlenka	Lampe, Alenka	F
SI	LampretJernej	Lampret, Jernej	M
SI	LampretUroš	Lampret, Uroš	M
SI	LautarKatja	Lautar, Katja	F
SI	LavrincMaksimiljan	Lavrinc, Maksimiljan	M
SI	LavričŽiga	Lavrič, Žiga	M
SI	LavtarBarbara	Lavtar, Barbara	F
SI	LavtižarBeblerDarja	Lavtižar Bebler, Darja	F
SI	LebenJure	Leben, Jure	M
SI	LenartJože	Lenart, Jože	M
SI	LenartJožef	Lenart, Jožef	M
SI	LenarčičJanez	Lenarčič, Janez	M
SI	LenkoFranc	Lenko, Franc	M
SI	LenkoJože	Lenko, Jože	M
SI	LepJurij	Lep, Jurij	M
SI	LepŠimenkoSuzana	Lep Šimenko, Suzana	F
SI	LesjakDušan	Lesjak, Dušan	M
SI	LeskovarSimona	Leskovar, Simona	F
SI	LevaničDejan	Levanič, Dejan	M
SI	LevaničKlemen	Levanič, Klemen	M
SI	LevičPeter	Levič, Peter	M
SI	LevičarMarinka	Levičar, Marinka	F
SI	LikarRado	Likar, Rado	M
SI	LisecTomaž	Lisec, Tomaž	M
SI	LjubeljšekMitja	Ljubeljšek, Mitja	M
SI	LjubičTeja	Ljubič, Teja	F
SI	LobnikarBranko	Lobnikar, Branko	M
SI	LogarAndrej	Logar, Andrej	M
SI	LogarAnže	Logar, Anže	M
SI	LogarMatjaž	Logar, Matjaž	M
SI	LorberLučka	Lorber, Lučka	F
SI	LuciMiroslav	Luci, Miroslav	M
SI	LukačičMarija	Lukačič, Marija	F
SI	LukićMilan	Lukić, Milan	M
SI	LukšičIgor	Lukšič, Igor	M
SI	MagajnaAndrej	Magajna, Andrej	M
SI	MaherIgor	Maher, Igor	M
SI	MahneBranko	Mahne, Branko	M
SI	MahničBorut	Mahnič, Borut	M
SI	MahničŽan	Mahnič, Žan	M
SI	MajcenIrena	Majcen, Irena	F
SI	MajesBranko	Majes, Branko	M
SI	MajheničSilven	Majhenič, Silven	M
SI	MajnikLidija	Majnik, Lidija	F
SI	MakovecBrenčičMaja	Makovec Brenčič, Maja	F
SI	MalovrhJurij	Malovrh, Jurij	M
SI	MamićIvan	Mamić, Ivan	M
SI	MarenčeMiha	Marenče, Miha	M
SI	MarflakTronteljJonika	Marflak Trontelj, Jonika	F
SI	MariničBranko	Marinič, Branko	M
SI	MarkežKlavdija	Markež, Klavdija	F
SI	MaroltMajda	Marolt, Majda	F
SI	MaroltRobert	Marolt, Robert	M
SI	MarušičDorijan	Marušič, Dorijan	M
SI	MarzelKornelija	Marzel, Kornelija	F
SI	MaršičDorijan	Maršič, Dorijan	M
SI	MateDragutin	Mate, Dragutin	M
SI	MatićDragan	Matić, Dragan	M
SI	MauhlerNina	Mauhler, Nina	F
SI	MaurovičNina	Maurovič, Nina	F
SI	MaučecMarjan	Maučec, Marjan	M
SI	MaučecZakotnikJožica	Maučec Zakotnik, Jožica	F
SI	MaverMarko	Maver, Marko	M
SI	MavkoMitja	Mavko, Mitja	M
SI	MazejKukovičZofija	Mazej Kukovič, Zofija	F
SI	MačekPeter	Maček, Peter	M
SI	MedvedAna	Medved, Ana	F
SI	MedvedRudi	Medved, Rudi	M
SI	MehBorut	Meh, Borut	M
SI	MehSrečko	Meh, Srečko	M
SI	MencingerJože	Mencinger, Jože	M
SI	MencingerTomažTom	Mencinger, Tomaž Tom	M
SI	MenihDarko	Menih, Darko	M
SI	MerjasecLeon	Merjasec, Leon	M
SI	MerloAleksander	Merlo, Aleksander	M
SI	MeršolMitja	Meršol, Mitja	M
SI	MesecLuka	Mesec, Luka	M
SI	MešlMateja	Mešl, Mateja	F
SI	MežanJanez	Mežan, Janez	M
SI	MežnarŠpelca	Mežnar, Špelca	F
SI	MiheličAleš	Mihelič, Aleš	M
SI	MihovarGlobokarKsenija	Mihovar Globokar, Ksenija	F
SI	MiklavčičBorut	Miklavčič, Borut	M
SI	MikoličMartin	Mikolič, Martin	M
SI	MikužLara	Mikuž, Lara	F
SI	MladenovičZoran	Mladenovič, Zoran	M
SI	MlinarAngelika	Mlinar, Angelika	F
SI	MogeRudolf	Moge, Rudolf	M
SI	MokorelAna	Mokorel, Ana	F
SI	MolanMiha	Molan, Miha	M
SI	MoreMatej	More, Matej	M
SI	MozetičMiroslav	Mozetič, Miroslav	M
SI	MoškričJanez	Moškrič, Janez	M
SI	MramorDušan	Mramor, Dušan	M
SI	MravljakGvido	Mravljak, Gvido	M
SI	MrzelJerica	Mrzel, Jerica	F
SI	MurgelJasna	Murgel, Jasna	F
SI	MuršičBojana	Muršič, Bojana	F
SI	MuženičDarko	Muženič, Darko	M
SI	MužinaAleksij	Mužina, Aleksij	M
SI	MöderndorferJankoJani	Möderndorfer, Jani	M
SI	NabernikFranc	Nabernik, Franc	M
SI	NahtigalMatjaž	Nahtigal, Matjaž	M
SI	NapastJanja	Napast, Janja	F
SI	NemecMatjaž	Nemec, Matjaž	M
SI	NovakJože	Novak, Jože	M
SI	NovakLjudmila	Novak, Ljudmila	F
SI	NovakMarko	Novak, Marko	M
SI	NussdorferVlasta	Nussdorfer, Vlasta	F
SI	NučičSamo	Nučič, Samo	M
SI	ObrezaJanez	Obreza, Janez	M
SI	OderPeter	Oder, Peter	M
SI	OgorelecWagnerVida	Ogorelec Wagner, Vida	F
SI	OgrincAlenka	Ogrinc, Alenka	F
SI	OgrincHelena	Ogrinc, Helena	F
SI	OlajAnton	Olaj, Anton	M
SI	OlupUmekMira	Olup Umek, Mira	F
SI	OmerzelSamo	Omerzel, Samo	M
SI	OmerzuBrane	Omerzu, Brane	M
SI	OpecJasmina	Opec, Jasmina	F
SI	OrehovecDamir	Orehovec, Damir	M
SI	OrešnikFranc	Orešnik, Franc	M
SI	OstermanAleksandra	Osterman, Aleksandra	F
SI	OsvaldMarija	Osvald, Marija	F
SI	OzimičMilan	Ozimič, Milan	M
SI	PahorBorut	Pahor, Borut	M
SI	PajkStane	Pajk, Stane	M
SI	PalhartubgerMiroslava	Palhartubger, Miroslava	F
SI	PapičBojan	Papič, Bojan	M
SI	PartljičAnton	Partljič, Anton	M
SI	PauličEdvard	Paulič, Edvard	M
SI	PavlihaMarko	Pavliha, Marko	M
SI	PavlikaMarko	Pavlika, Marko	M
SI	PavlinBlaž	Pavlin, Blaž	M
SI	PavliničKrebsIrma	Pavlinič Krebs, Irma	F
SI	PavličAlenka	Pavlič, Alenka	F
SI	PavlišičMarko	Pavlišič, Marko	M
SI	PavčnikMarijan	Pavčnik, Marijan	M
SI	PavšičRobert	Pavšič, Robert	M
SI	PavšičRudi	Pavšič, Rudi	M
SI	PejovnikStanislav	Pejovnik, Stanislav	M
SI	PelikanZorko	Pelikan, Zorko	M
SI	PelkoStojan	Pelko, Stojan	M
SI	PengalPeter	Pengal, Peter	M
SI	PenkoBoštjan	Penko, Boštjan	M
SI	PepelnikTruda	Pepelnik, Truda	F
SI	PereničGorazd	Perenič, Gorazd	M
SI	PeričGregor	Perič, Gregor	M
SI	PerneDamijan	Perne, Damijan	M
SI	PertinačAljuš	Pertinač, Aljuš	M
SI	PeršakAnton	Peršak, Anton Tone	M
SI	PetanRudolf	Petan, Rudolf	M
SI	PetavarDobovšekDamijana	Petavar Dobovšek, Damijana	F
SI	PetekMilan	Petek, Milan	M
SI	PetekMiro	Petek, Miro	M
SI	PeterleAlojz	Peterle, Alojz Lojze	M
SI	PeterlinMarjeta	Peterlin, Marjeta	F
SI	PeterneljVelja	Peternelj, Velja	F
SI	PetrinTeaTerezija	Petrin, Tea Terezija	F
SI	PetričErnest	Petrič, Ernest	M
SI	PetrovičJorgKristijan	Petrovič, Jorg Kristijan	M
SI	PetrovičJožef	Petrovič, Jožef	M
SI	PečanBreda	Pečan, Breda	F
SI	PečaričElena	Pečarič, Elena	F
SI	PečaričMirko	Pečarič, Mirko	M
SI	PečeSašo	Peče, Sašo	M
SI	PečekIgor	Peček, Igor	M
SI	PečnikDamjana	Pečnik, Damjana	F
SI	PfeiferJelka	Pfeifer, Jelka	F
SI	PianoAndrej	Piano, Andrej	M
SI	PikaloJernej	Pikalo, Jernej	M
SI	PippMarjan	Pipp, Marjan	M
SI	PirkmajerEdo	Pirkmajer, Edo	M
SI	PirkovičJelka	Pirkovič, Jelka	F
SI	PirnatNina	Pirnat, Nina	F
SI	PistotnikZoran	Pistotnik, Zoran	M
SI	PivecAleksandra	Pivec, Aleksandra	F
SI	PišekIvan	Pišek, Ivan	M
SI	PiškurKosmačDunja	Piškur Kosmač, Dunja	F
SI	PlaninšekMojca	Planinšek, Mojca	F
SI	PlausteinerAndrej	Plausteiner, Andrej	M
SI	PlavšakNina	Plavšak, Nina	F
SI	PlevnikStane	Plevnik, Stane	M
SI	PlevčakMarija	Plevčak, Marija	F
SI	PliberšekTomaž	Pliberšek, Tomaž	M
SI	PličaničSenko	Pličanič, Senko	M
SI	PlojTone	Ploj, Tone	M
SI	PloštajnerZlata	Ploštajner, Zlata	F
SI	PluškoAlojz	Pluško, Alojz	M
SI	PodbregarIztok	Podbregar, Iztok	M
SI	PodgoršekJože	Podgoršek, Jože	M
SI	PodgoršekMarjan	Podgoršek, Marjan	M
SI	PodkrajšekBojan	Podkrajšek, Bojan	M
SI	PodkrižnikIztok	Podkrižnik, Iztok	M
SI	PodkrižnikLidija	Podkrižnik, Lidija	F
SI	PodobnikJanez	Podobnik, Janez	M
SI	PogačarBojan	Pogačar, Bojan	M
SI	PogačarJasna	Pogačar, Jasna	F
SI	PogačarPeter	Pogačar, Peter	M
SI	PogačnikMarko	Pogačnik, Marko	M
SI	PogačnikMilan	Pogačnik, Milan	M
SI	PogačnikPeter	Pogačnik, Peter	M
SI	PogorelecJanez	Pogorelec, Janez	M
SI	PohorecValentin	Pohorec, Valentin	M
SI	PojbičMarijan	Pojbič, Marijan	M
SI	PojeAndreja	Poje, Andreja	F
SI	PoklukarBoštjan	Poklukar, Boštjan	M
SI	PoklukarJanez	Poklukar, Janez	M
SI	PolnarRobert	Polnar, Robert	M
SI	PopovičBoris	Popovič, Boris	M
SI	PosedelAlojz	Posedel, Alojz	M
SI	PotisekKlemen	Potisek, Klemen	M
SI	PotočanBojana	Potočan, Bojana	F
SI	PotočnikAlojzij	Potočnik, Alojzij	M
SI	PotočnikAndreja	Potočnik, Andreja	F
SI	PotočnikFranc	Potočnik, Franc	M
SI	PotočnikJanez	Potočnik, Janez	M
SI	PotrataMajda	Potrata, Majda	F
SI	PotrčMiran	Potrč, Miran	M
SI	PozničZoran	Poznič, Zoran	M
SI	PozsonecMaria	Pozsonec, Maria	F
SI	PočivalšekZdravko	Počivalšek, Zdravko	M
SI	PočkajVlasta	Počkaj, Vlasta	F
SI	PožežnikJanko	Požežnik, Janko	M
SI	PožunPeter	Požun, Peter	M
SI	PračekIrena	Praček, Irena	F
SI	PrašnikarAstrif	Prašnikar, Astrif	M
SI	PrebilNik	Prebil, Nik	M
SI	PredaličBožo	Predalič, Božo	M
SI	PrednikJani	Prednik, Jani	M
SI	PrelogIvan	Prelog, Ivan	M
SI	PresečnikJakob	Presečnik, Jakob	M
SI	PrevcMihael	Prevc, Mihael	M
SI	PrešičekDejan	Prešiček, Dejan	M
SI	PrijateljJanez	Prijatelj, Janez	M
SI	PrijateljSrečko	Prijatelj, Srečko	M
SI	PrijonAleš	Prijon, Aleš	M
SI	PriklUroš	Prikl, Uroš	M
SI	PrimcAleš	Primc, Aleš	M
SI	PuckoCiril	Pucko, Ciril	M
SI	PukšičFranc	Pukšič, Franc	M
SI	PurgBojan	Purg, Bojan	M
SI	PuričIztok	Purič, Iztok	M
SI	PučnikMateja	Pučnik, Mateja	F
SI	PučnikRudlMajda	Pučnik Rudl, Majda	F
SI	PšeničnyViljem	Pšeničny, Viljem	M
SI	RadićDarja	Radić, Darja	F
SI	RadičDušan	Radič, Dušan	M
SI	RajhAndrej	Rajh, Andrej	M
SI	RajićBranislav	Rajić, Branislav	M
SI	RamšakPešecMojca	Ramšak Pešec, Mojca	F
SI	RamšakSonja	Ramšak, Sonja	F
SI	RancDaniloAnton	Ranc, Danilo Anton	M
SI	RantAndrej	Rant, Andrej	M
SI	RatejZlatko	Ratej, Zlatko	M
SI	RavnikBranko	Ravnik, Branko	M
SI	RavnikarAleksander	Ravnikar, Aleksander	M
SI	RebarBornšekSimona	Rebar Bornšek, Simona	F
SI	ReberšekAleksander	Reberšek, Aleksander	M
SI	RejecLongarKatja	Rejec Longar, Katja	F
SI	RemihAleš	Remih, Aleš	M
SI	RenčeljGorazd	Renčelj, Gorazd	M
SI	RepRoman	Rep, Roman	M
SI	RepenšekDarko	Repenšek, Darko	M
SI	RezmanVili	Rezman, Vili	M
SI	RežunBojan	Režun, Bojan	M
SI	RibaričMiha	Ribarič, Miha	M
SI	RibičJanez	Ribič, Janez	M
SI	RibičMateja	Ribič, Mateja	F
SI	RibičNevenka	Ribič, Nevenka	F
SI	RibičičCiril	Ribičič, Ciril	M
SI	RihterAndreja	Rihter, Andreja	F
SI	RobnikIvan	Robnik, Ivan	M
SI	RobnikViktor	Robnik, Viktor	M
SI	RogeljAnton	Rogelj, Anton	M
SI	RokavecFranci	Rokavec, Franci	M
SI	RopAnton	Rop, Anton	M
SI	RosecFranc	Rosec, Franc	M
SI	RovšekJernej	Rovšek, Jernej	M
SI	RozmanAnton	Rozman, Anton	M
SI	RozmanMaja	Rozman, Maja	F
SI	RoškarEdvard	Roškar, Edvard	M
SI	RožacRobert	Rožac, Robert	M
SI	RožejVito	Rožej, Vito	M
SI	RožičLadislav	Rožič, Ladislav	M
SI	RožičUroš	Rožič, Uroš	M
SI	RugeljBojan	Rugelj, Bojan	M
SI	RuparPavel	Rupar, Pavel	M
SI	RuparčičJože	Ruparčič, Jože	M
SI	RupelDimitrij	Rupel, Dimitrij	M
SI	RusAndrej	Rus, Andrej	M
SI	SajovicBorut	Sajovic, Borut	M
SI	SaleclTanja	Salecl, Tanja	F
SI	SchusterRudolf	Schuster, Rudolf	M
SI	SelanBoris	Selan, Boris	M
SI	SeleznjovGenadij	Seleznjov, Genadij	M
SI	SeliškarAleš	Seliškar, Aleš	M
SI	SemoličDušan	Semolič, Dušan	M
SI	SetnikarCankarStanka	Setnikar Cankar, Stanka	F
SI	ShakerKamalIzidor	Shaker, Kamal Izidor	M
SI	SikošekDaša	Sikošek, Daša	F
SI	SilvaCaldeiraVítorManuel	Silva Caldeira, Vítor Manuel	M
SI	SimičIvan	Simič, Ivan	M
SI	SimonitiIztok	Simoniti, Iztok	M
SI	SimonitiVasko	Simoniti, Vasko	M
SI	SimonovičBranko	Simonovič, Branko	M
SI	SimončičDarko	Simončič, Darko	M
SI	SimčičIvan	Simčič, Ivan	M
SI	SimšičDanica	Simšič, Danica	F
SI	SiterPrimož	Siter, Primož	M
SI	SlanaJožef	Slana, Jožef	M
SI	SlapnikTadej	Slapnik, Tadej	M
SI	SlavinecMitja	Slavinec, Mitja	M
SI	SlivšekJože	Slivšek, Jože	M
SI	SlugaJanja	Sluga, Janja	F
SI	SmerkoljAlenka	Smerkolj, Alenka	F
SI	SmodišBranko	Smodiš, Branko	M
SI	SmrdelBorut	Smrdel, Borut	M
SI	SodinIrena	Sodin, Irena	F
SI	SokAlojz	Sok, Alojz	M
SI	SovdatJadranka	Sovdat, Jadranka	F
SI	SovičBoris	Sovič, Boris	M
SI	StanaAlojz	Stana, Alojz	M
SI	StanonikDamjan	Stanonik, Damjan	M
SI	StančičZoran	Stančič, Zoran	M
SI	StareDarko	Stare, Darko	M
SI	StarinaKosemAdrijana	Starina Kosem, Adrijana	F
SI	StarmanBojan	Starman, Bojan	M
SI	StarmanMarko	Starman, Marko	M
SI	StarovićVojko	Starović, Vojko	M
SI	StavanjaPeter	Stavanja, Peter	M
SI	StebernakLidija	Stebernak, Lidija	F
SI	StepišnikStanko	Stepišnik, Stanko	M
SI	SterleJože	Sterle, Jože	M
SI	StoneDonna	Stone, Donna	F
SI	StoparStanislava	Stopar, Stanislava	F
SI	StoparVojko	Stopar, Vojko	M
SI	StošickiNatalija	Stošicki, Natalija	F
SI	StrleBožo	Strle, Božo	M
SI	StrmšnikIgor	Strmšnik, Igor	M
SI	StrnadDušan	Strnad, Dušan	M
SI	StrnišaTanja	Strniša, Tanja	F
SI	StrojinGregor	Strojin, Gregor	M
SI	StroligoKlaudijo	Stroligo, Klaudijo	M
SI	SukičNataša	Sukič, Nataša	F
SI	SušnikFranc	Sušnik, Franc	M
SI	SušnikJanez	Sušnik, Janez	M
SI	SvetinaPeter	Svetina, Peter	M
SI	SvetlikIvan	Svetlik, Ivan	M
SI	SvetličRok	Svetlič, Rok	M
SI	SvilanSibil	Svilan, Sibil	M
SI	TabakovićSaša	Tabaković, Saša	M
SI	TankoJože	Tanko, Jože	M
SI	TavzesRadovan	Tavzes, Radovan	M
SI	TavčarIrena	Tavčar, Irena	F
SI	TašnerVatovecMatej	Tašner Vatovec, Matej	M
SI	TerčonDavorin	Terčon, Davorin	M
SI	TeržanTina	Teržan, Tina	F
SI	TestenCiril	Testen, Ciril	M
SI	ThierseWolfgang	Thierse, Wolfgang	M
SI	TiselŠtefan	Tisel, Štefan	M
SI	TisovicMarijaAna	Tisovic, Marija Ana	F
SI	TolarBožidar	Tolar, Božidar	M
SI	TolarDarko	Tolar, Darko	M
SI	TomažičBranko	Tomažič, Branko	M
SI	TomažičHerman	Tomažič, Herman	M
SI	TomcRomana	Tomc, Romana	F
SI	TomeBranka	Tome, Branka	F
SI	TomićVioleta	Tomić, Violeta	F
SI	ToninMatej	Tonin, Matej	M
SI	TovornikMagdalena	Tovornik, Magdalena	F
SI	TrampužMiha	Trampuž, Miha	M
SI	TramteStojan	Tramte, Stojan	M
SI	TratnikJože	Tratnik, Jože	M
SI	TraunšekSanja	Traunšek, Sanja	F
SI	TravnikČebašekZdenka	Travnik Čebašek, Zdenka	F
SI	TrillerVrtovecKatja	Triller Vrtovec, Katja	F
SI	TrobecBručanDuša	Trobec Bručan, Duša	F
SI	TrofenikVili	Trofenik, Vili	M
SI	TropSkazaAlenka	Trop Skaza, Alenka	F
SI	TrčekFranc	Trček, Franc	M
SI	TrčekJanez	Trček, Janez	M
SI	TurkMarta	Turk, Marta	F
SI	TurkŽiga	Turk, Žiga	M
SI	TuttaStanka	Tutta, Stanka	F
SI	TušarSandra	Tušar, Sandra	F
SI	TürkDanilo	Türk, Danilo	M
SI	UdovčMateja	Udovč, Mateja	F
SI	UhanMarjetka	Uhan, Marjetka	F
SI	UlčarMiha	Ulčar, Miha	M
SI	UrhAnton	Urh, Anton	M
SI	UrhKarla	Urh, Karla	F
SI	UršičCveto	Uršič, Cveto	M
SI	VajglIvo	Vajgl, Ivo	M
SI	ValenčičKristina	Valenčič, Kristina	F
SI	ValičMitja	Valič, Mitja	M
SI	VasleBoštjan	Vasle, Boštjan	M
SI	VasleJanez	Vasle, Janez	M
SI	VeberJanko	Veber, Janko	M
SI	VelikonjaJože	Velikonja, Jože	M
SI	VerbičDušan	Verbič, Dušan	M
SI	VerbičJernej	Verbič, Jernej	M
SI	VerličPeter	Verlič, Peter	M
SI	VervegaVesna	Vervega, Vesna	F
SI	VeršnikRudi	Veršnik, Rudi	M
SI	VeselTomaž	Vesel, Tomaž	M
SI	VeselValentinčičMeta	Vesel Valentinčič, Meta	F
SI	VesenjakPeter	Vesenjak, Peter	M
SI	VidicTomaž	Vidic, Tomaž	M
SI	VilerSara	Viler, Sara	F
SI	VilfanPeter	Vilfan, Peter	M
SI	VindišarFranc	Vindišar, Franc	M
SI	VirantGregor	Virant, Gregor	M
SI	VitezRenata	Vitez, Renata	F
SI	VizjakAndrej	Vizjak, Andrej	M
SI	VlajJanez	Vlaj, Janez	M
SI	VlačičPatrick	Vlačič, Patrick	M
SI	VnučecBogomir	Vnučec, Bogomir	M
SI	VogrinIvan	Vogrin, Ivan	M
SI	VontaTamara	Vonta, Tamara	F
SI	VoršičNataša	Voršič, Nataša	F
SI	VraničarErmanMateja	Vraničar Erman, Mateja	F
SI	VraničarMateja	Vraničar, Mateja	F
SI	VrenkoErik	Vrenko, Erik	M
SI	VrhunecSimon	Vrhunec, Simon	M
SI	VriskPeter	Vrisk, Peter	M
SI	VrtovecJernej	Vrtovec, Jernej	M
SI	VukMartina	Vuk, Martina	F
SI	VučkoDušan	Vučko, Dušan	M
SI	WohinzMiha	Wohinz, Miha	M
SI	XhaferiTalat	Xhaferi, Talat	M
SI	ZabretAndreja	Zabret, Andreja	F
SI	ZagoracBoštjan	Zagorac, Boštjan	M
SI	ZagoracSrečko	Zagorac, Srečko	M
SI	ZajcSimon	Zajc, Simon	M
SI	ZalarAleš	Zalar, Aleš	M
SI	ZalokarOražemCvetka	Zalokar Oražem, Cvetka	F
SI	ZamernikBogomir	Zamernik, Bogomir	M
SI	ZanoškarMatjaž	Zanoškar, Matjaž	M
SI	ZatlerRenata	Zatler, Renata	F
SI	ZavadlavUšajElena	Zavadlav Ušaj, Elena	F
SI	ZevnikMetka	Zevnik, Metka	F
SI	ZidanšekMarko	Zidanšek, Marko	M
SI	ZiherlMilenka	Ziherl, Milenka	F
SI	ZiherlMilenko	Ziherl, Milenko	M
SI	ZinrajhZvonko	Zinrajh, Zvonko	M
SI	ZlobecLukičJaša	Zlobec Lukič, Jaša	M
SI	ZobecJan	Zobec, Jan	M
SI	ZorkoBožidar	Zorko, Božidar	M
SI	ZormanBranko	Zorman, Branko	M
SI	ZormanMirko	Zorman, Mirko	M
SI	ZornAleksander	Zorn, Aleksander	M
SI	ZornBranko	Zorn, Branko	M
SI	ZorčičIgor	Zorčič, Igor	M
SI	ZupanAdolf	Zupan, Adolf	M
SI	ZupanJure	Zupan, Jure	M
SI	ZupanMajda	Zupan, Majda	F
SI	ZupanMatic	Zupan, Matic	M
SI	ZupančičCvetko	Zupančič, Cvetko	M
SI	ZverMilan	Zver, Milan	M
SI	deHoopSchefferJaap	de Hoop Scheffer, Jaap	M
SI	ČadežMilan	Čadež, Milan	M
SI	ČadoničŠpeličVida	Čadonič Špelič, Vida	F
SI	ČasTomaž	Čas, Tomaž	M
SI	ČebašekTravnikZdenka	Čebašek Travnik, Zdenka	F
SI	ČebuljFranc	Čebulj, Franc	M
SI	ČeferinRok	Čeferin, Rok	M
SI	ČehovinJerko	Čehovin, Jerko	M
SI	ČeligojVojko	Čeligoj, Vojko	M
SI	ČeparDrago	Čepar, Drago	M
SI	ČepičBogdan	Čepič, Bogdan	M
SI	ČernačZvonko	Černač, Zvonko	M
SI	ČernigojAndrej	Černigoj, Andrej	M
SI	ČesnikPeterJožef	Česnik, Peter Jožef	M
SI	ČokLucija	Čok, Lucija	F
SI	ČoklBrigita	Čokl, Brigita	F
SI	ČrnakMegličAndreja	Črnak Meglič, Andreja	F
SI	ČrničAleš	Črnič, Aleš	M
SI	ČrnugeljSilva	Črnugelj, Silva	F
SI	ČuferUroš	Čufer, Uroš	M
SI	ČularPatricija	Čular, Patricija	F
SI	ČurinSandi	Čurin, Sandi	M
SI	ČušAndrej	Čuš, Andrej	M
SI	ŠabederAleš	Šabeder, Aleš	M
SI	ŠajnaAnton	Šajna, Anton	M
SI	ŠarabonTanja	Šarabon, Tanja	F
SI	ŠarecMarjan	Šarec, Marjan	M
SI	ŠeficBoštjan	Šefic, Boštjan	M
SI	ŠelihIvan	Šelih, Ivan	M
SI	ŠerganVojka	Šergan, Vojka	F
SI	ŠiftarMarjan	Šiftar, Marjan	M
SI	ŠinkovecMatjaž	Šinkovec, Matjaž	M
SI	ŠinkovecMelita	Šinkovec, Melita	F
SI	ŠircaRavnikarMajda	Širca Ravnikar, Majda	F
SI	ŠirceljAndrej	Šircelj, Andrej	M
SI	ŠiškoDušan	Šiško, Dušan	M
SI	ŠkoberneJan	Škoberne, Jan	M
SI	ŠkodnikIvan	Škodnik, Ivan	M
SI	ŠkolčJožef	Školč, Jožef	M
SI	ŠkopacMaruša	Škopac, Maruša	F
SI	ŠkrinjarMojca	Škrinjar, Mojca	F
SI	ŠkrlecBoštjan	Škrlec, Boštjan	M
SI	ŠoltesIgor	Šoltes, Igor	M
SI	ŠorliMarko	Šorli, Marko	M
SI	ŠpengaAndrej	Špenga, Andrej	M
SI	ŠpiletičBogomir	Špiletič, Bogomir	M
SI	ŠpindlerJožef	Špindler, Jožef	M
SI	ŠpoljarLuka	Špoljar, Luka	M
SI	ŠtebeTomaž	Štebe, Tomaž	M
SI	ŠteblajKristina	Šteblaj, Kristina	F
SI	ŠtembergerIgor	Štemberger, Igor	M
SI	ŠterAndrej	Šter, Andrej	M
SI	ŠtrajnStanko	Štrajn, Stanko	M
SI	ŠtravsPodlogarEva	Štravs Podlogar, Eva	F
SI	ŠtromajerJernej	Štromajer, Jernej	M
SI	ŠtrovsMarko	Štrovs, Marko	M
SI	ŠtrukeljBranimir	Štrukelj, Branimir	M
SI	ŠturmKocjanJadranka	Šturm Kocjan, Jadranka	F
SI	ŠturmLovro	Šturm, Lovro	M
SI	ŠugmanStubbsKatja	Šugman Stubbs, Katja	F
SI	ŠukljeBorut	Šuklje, Borut	M
SI	ŠulinPatricija	Šulin, Patricija	F
SI	ŠumenjakBranko	Šumenjak, Branko	M
SI	ŠušmeljAndrej	Šušmelj, Andrej	M
SI	ŠuštarTadeja	Šuštar Zalar, Tadeja	F
SI	ŠuštaršičBoris	Šuštaršič, Boris	M
SI	ŠušteršičJanez	Šušteršič, Janez	M
SI	ŠvaganMatjaž	Švagan, Matjaž	M
SI	ŠvarcPipanDominika	Švarc Pipan, Dominika	F
SI	ŠvercAlenka	Šverc, Alenka	F
SI	ŠvercMagdalena	Šverc, Magdalena	F
SI	ŠčernjavičDrago	Ščernjavič, Drago	M
SI	ŽagarIvan	Žagar, Ivan	M
SI	ŽakeljJanez	Žakelj, Janez	M
SI	ŽarnićRoko	Žarnić, Roko	M
SI	ŽbogarSamuel	Žbogar, Samuel	M
SI	ŽekšBoštjan	Žekš, Boštjan	M
SI	ŽerjavRadovan	Žerjav, Radovan	M
SI	ŽgajnerTavšBarbara	Žgajner Tavš, Barbara	F
SI	ŽibernaDarko	Žiberna, Darko	M
SI	ŽidanDejan	Židan, Dejan	M
SI	ŽidanGregor	Židan, Gregor	M
SI	ŽivecBoris	Živec, Boris	M
SI	ŽivkovičAleš	Živkovič, Aleš	M
SI	ŽižaFelice	Žiža, Felice	M
SI	ŽmavcGorazd	Žmavc, Gorazd	M
SI	ŽnidarLjubo	Žnidar, Ljubo	M
SI	ŽnidaričMojca	Žnidarič, Mojca	F
SI	ŽnidaršičFerrariNadja	Žnidaršič Ferrari, Nadja	F
SI	ŽnidaršičFranc	Žnidaršič, Franc	M
SI	ŽuničAnton	Žunič, Anton	M
SI	ŽupevcMelita	Župevc, Melita	F
SI	ŽuraDrago	Žura, Drago	M
SI	ŽvegličRoman	Žveglič, Roman	M
