Country	SpeakerID	Name	Sex
TR	AbdulAhat.Andican	Andican, Abdul Ahat	M
TR	Abdulahat.Arvas	Arvas, Abdulahat	M
TR	Abdulhamit.Gül	Gül, Abdulhamit	M
TR	Abdulkadir.Akgül	Akgül, Abdulkadir	M
TR	Abdulkadir.Karaduman	Karaduman, Abdulkadir	M
TR	Abdulkadir.Yüksel	Yüksel, Abdulkadir	M
TR	Abdulkadir.Özel	Özel, Abdulkadir	M
TR	AbdulkadirEmin.Önen	Önen, Abdulkadir Emin	M
TR	Abdulkerim.Gök	Gök, Abdulkerim	M
TR	Abdullah.Ağralı	Ağralı, Abdullah	M
TR	Abdullah.Başcı	Başcı, Abdullah	M
TR	Abdullah.Doğru	Doğru, Abdullah	M
TR	Abdullah.Gül	Gül, Abdullah	M
TR	Abdullah.Güler	Güler, Abdullah	M
TR	Abdullah.Koç	Koç, Abdullah	M
TR	Abdullah.Zeydan	Zeydan, Abdullah	M
TR	Abdullah.Çalışkan1974	Çalışkan, Abdullah	M
TR	Abdullah.Öztürk	Öztürk, Abdullah	M
TR	AbdullahLevent.Tüzel	Tüzel, Abdullah Levent	M
TR	AbdullahNejat.Koçer	Koçer, Abdullah Nejat	M
TR	Abdurrahim.Akdağ	Akdağ, Abdurrahim	M
TR	Abdurrahman.Başkan	Başkan, Abdurrahman	M
TR	Abdurrahman.Tutdere	Tutdere, Abdurrahman	M
TR	Abdurrahman.Öz	Öz, Abdurrahman	M
TR	Abdüllatif.Şener	Şener, Abdüllatif	M
TR	AdaletKomisyonuSözcüsuAbdullahGüler	Güler, Adalet Komisyonu Sözcüsu Abdullah	-
TR	AdaletKomisyonuSözcüsuOrhanKırcalı	Kırcalı, Adalet Komisyonu Sözcüsu Orhan	-
TR	Adem.Geveri	Geveri, Adem	M
TR	Adem.Tatlı	Tatlı, Adem	M
TR	Adem.Yeşildal	Yeşildal, Adem	M
TR	Adil.Karaismailoğlu	Karaismailoğlu, Adil	M
TR	Adil.Zozani	Zozani, Adil	M
TR	Adil.Çelik	Çelik, Adil	M
TR	Adnan.Boynukara	Boynukara, Adnan	M
TR	Adnan.Günnar	Günnar, Adnan	M
TR	Adnan.Keskin	Keskin, Adnan	M
TR	Adnan.Yılmaz	Yılmaz, Adnan	M
TR	AdnanSelçuk.Mızraklı	Mızraklı, Adnan Selçuk	M
TR	AdnanŞefik.Çirkin	Çirkin, Adnan Şefik	M
TR	Afif.Demirkıran	Demirkıran, Afif	M
TR	Ahmet.Akay	Akay, Ahmet	M
TR	Ahmet.Akın	Akın, Ahmet	M
TR	Ahmet.Arslan	Arslan, Ahmet	M
TR	Ahmet.Aydın1971	Aydın, Ahmet	M
TR	Ahmet.Büyükgümüş	Büyükgümüş, Ahmet	M
TR	Ahmet.Davutoğlu	Davutoğlu, Ahmet	M
TR	Ahmet.Demircan	Demircan, Ahmet	M
TR	Ahmet.Erbaş	Erbaş, Ahmet	M
TR	Ahmet.Gündoğdu	Gündoğdu, Ahmet	M
TR	Ahmet.Kaya	Kaya, Ahmet	M
TR	Ahmet.Kılıç	Kılıç, Ahmet	M
TR	Ahmet.Sorgun	Sorgun, Ahmet	M
TR	Ahmet.Tan1965	Tan, Ahmet	M
TR	Ahmet.Toptaş	Toptaş, Ahmet	M
TR	Ahmet.Türk	Türk, Ahmet	M
TR	Ahmet.Uzer	Uzer, Ahmet	M
TR	Ahmet.Yeni	Yeni, Ahmet	M
TR	Ahmet.Yıldırım	Yıldırım, Ahmet	M
TR	Ahmet.Yıldız	Yıldız, Ahmet	M
TR	Ahmet.Zenbilci	Zenbilci, Ahmet	M
TR	Ahmet.Çakır	Çakır, Ahmet	M
TR	Ahmet.Çelik	Çelik, Ahmet	M
TR	Ahmet.Çolakoğlu	Çolakoğlu, Ahmet	M
TR	Ahmet.Öksüzkaya	Öksüzkaya, Ahmet	M
TR	Ahmet.Önal	Önal, Ahmet	M
TR	Ahmet.Özdemir	Özdemir, Ahmet	M
TR	Ahmet.Özyürek	Özyürek, Ahmet	M
TR	Ahmet.İyimaya	İyimaya, Ahmet	M
TR	Ahmet.Şık	Şık, Ahmet	M
TR	AhmetBaha.Öğütken	Öğütken, Ahmet Baha	M
TR	AhmetBerat.Çonkar	Çonkar, Ahmet Berat	M
TR	AhmetDuran.Bulut	Bulut, Ahmet Duran	M
TR	AhmetEdip.Uğur	Uğur, Ahmet Edip	M
TR	AhmetErdal.Feralan	Feralan, Ahmet Erdal	M
TR	AhmetEşref.Fakıbaba	Fakıbaba, Ahmet Eşref	M
TR	AhmetHaldun.Ertürk	Ertürk, Ahmet Haldun	M
TR	AhmetHaluk.Koç	Koç, Ahmet Haluk	M
TR	AhmetHamdi.Çamlı	Çamlı, Ahmet Hamdi	M
TR	AhmetKamil.Erozan	Erozan, Ahmet Kamil	M
TR	AhmetKenan.Tanrıkulu	Tanrıkulu, Ahmet Kenan	M
TR	AhmetMücahit.Arınç	Arınç, Ahmet Mücahit	M
TR	AhmetSalih.Dal	Dal, Ahmet Salih	M
TR	AhmetSami.Ceylan	Ceylan, Ahmet Sami	M
TR	AhmetSelim.Yurdakul	Yurdakul, Ahmet Selim	M
TR	AhmetSezginTanrıkulu	Tanrıkulu, Ahmet Sezgin	-
TR	AhmetTevfik.Uzun	Uzun, Ahmet Tevfik	M
TR	AhmetTuncay.Özkan	Özkan, Ahmet Tuncay	M
TR	AhmetVehbi.Bakırlıoğlu	Bakırlıoğlu, Ahmet Vehbi	M
TR	AhmetYeşildal	Yeşildal, Ahmet	-
TR	AhmetÇavuşoğlu	Çavuşoğlu, Ahmet	-
TR	AhmetÜnal.Çeviköz	Çeviköz, Ahmet Ünal	M
TR	Ahmetİhsan.Kalkavan	Kalkavan, Ahmet İhsan	M
TR	AkParti	Parti, Ak	-
TR	AkPartiGrubuAdınıMustafaAçıkgöz	Açıkgöz, Ak Parti Grubu Adını Mustafa	-
TR	Akif.Ekici	Ekici, Akif	M
TR	AkifÇağatay.Kılıç	Kılıç, Akif Çağatay	M
TR	Akın.Üstündağ	Üstündağ, Akın	M
TR	Alaattin.Yüksel	Yüksel, Alaattin	M
TR	Alev.Dedegil	Dedegil, Alev	F
TR	Ali.Akyıldız	Akyıldız, Ali	M
TR	Ali.Atalan	Atalan, Ali	M
TR	Ali.Aydınlıoğlu	Aydınlıoğlu, Ali	M
TR	Ali.Aşlık	Aşlık, Ali	M
TR	Ali.Babacan	Babacan, Ali	M
TR	Ali.Boğa	Boğa, Ali	M
TR	Ali.Demirçalı	Demirçalı, Ali	M
TR	Ali.Ercoşkun	Ercoşkun, Ali	M
TR	Ali.Halaman	Halaman, Ali	M
TR	Ali.Kenanoğlu	Kenanoğlu, Ali	M
TR	Ali.Keven	Keven, Ali	M
TR	Ali.Küçükaydın	Küçükaydın, Ali	M
TR	Ali.Sarıbaş	Sarıbaş, Ali	M
TR	Ali.Serindağ	Serindağ, Ali	M
TR	Ali.Turan	Turan, Ali	M
TR	Ali.Uzunırmak	Uzunırmak, Ali	M
TR	Ali.Yiğit	Yiğit, Ali	M
TR	Ali.Öz	Öz, Ali	M
TR	Ali.Özcan	Özcan, Ali	M
TR	Ali.Özgündüz	Özgündüz, Ali	M
TR	Ali.Özkaya	Özkaya, Ali	M
TR	Ali.Öztunç	Öztunç, Ali	M
TR	Ali.Şahin	Şahin, Ali	M
TR	Ali.Şeker	Şeker, Ali	M
TR	AliAydınoğlu	Aydınoğlu, Ali	-
TR	AliCumhur.Taşkın	Taşkın, Ali Cumhur	M
TR	AliFazıl.Kasap	Kasap, Ali Fazıl	M
TR	AliGültekin.Kılınç	Kılınç, Ali Gültekin	M
TR	AliHaydar.Hakverdi	Hakverdi, Ali Haydar	M
TR	AliHaydar.Öner	Öner, Ali Haydar	M
TR	AliMahir.Başarır	Başarır, Ali Mahir	M
TR	AliMaliBaşarır	Başarır, Ali Mali	-
TR	AliMuhittin.Taşdoğan	Taşdoğan, Ali Muhittin	M
TR	AliRıza.Alaboyun	Alaboyun, Ali Rıza	M
TR	AliRıza.Öztürk	Öztürk, Ali Rıza	M
TR	Alican.Önlü	Önlü, Alican	M
TR	Alim.Işık	Işık, Alim	M
TR	Alim.Tunç	Tunç, Alim	M
TR	Aliİhsan.Köktürk	Köktürk, Ali İhsan	M
TR	Aliİhsan.Yavuz	Yavuz, Ali İhsan	M
TR	AlmazbekAtambayev	Atambayev, Almazbek	-
TR	Alpaslan.Kavaklıoğlu	Kavaklıoğlu, Alpaslan	M
TR	Alpay.Antmen	Antmen, Alpay	M
TR	Altan.Tan	Tan, Altan	M
TR	Arif.Bulut	Bulut, Arif	M
TR	Arife.PolatDüzgün	Polat Düzgün, Arife	F
TR	Arslan.Kabukcuoğlu	Kabukcuoğlu, Arslan	M
TR	Arzu.Aydın	Aydın, Arzu	F
TR	Arzu.Erdem	Erdem, Arzu	F
TR	Asuman.Erdoğan	Erdoğan, Asuman	F
TR	Ataullah.Hamidi	Hamidi, Ataullah	M
TR	Atay.Uslu	Uslu, Atay	M
TR	Atila.Kaya	Kaya, Atila	M
TR	Atila.Sertel	Sertel, Atila	M
TR	Atilla.Kart	Kart, Atilla	M
TR	Atilla.Ödünç	Ödünç, Atilla	M
TR	AttilaKart	Kart, Attila	-
TR	Avni.Erdemir	Erdemir, Avni	M
TR	Aycan.İrmez	İrmez, Aycan	F
TR	Aydın.Bıyıklıoğlu	Bıyıklıoğlu, Aydın	M
TR	Aydın.Uslupehlivan	Uslupehlivan, Aydın	M
TR	Aydın.Özer	Özer, Aydın	M
TR	Aydın.Ünal	Ünal, Aydın	M
TR	Aydın.Şengül	Şengül, Aydın	M
TR	AydınAdnan.Sezgin	Sezgin, Aydın Adnan	M
TR	AydınAğan.Ayaydın	Ayaydın, Aydın Ağan	M
TR	Ayhan.Altıntaş	Altıntaş, Ayhan	M
TR	Ayhan.Barut	Barut, Ayhan	M
TR	Ayhan.Bilgen	Bilgen, Ayhan	M
TR	Ayhan.Erel	Erel, Ayhan	M
TR	Ayhan.Gider	Gider, Ayhan	M
TR	AyhanSefer.Üstün	Üstün, Ayhan Sefer	M
TR	Aykan.Erdemir	Erdemir, Aykan	M
TR	AykanAydemir	Aydemir, Aykan	-
TR	Aykut.Erdoğdu	Erdoğdu, Aykut	M
TR	AykutAtıcı	Atıcı, Aykut	-
TR	Ayla.Akat	Akat Ata, Ayla	F
TR	Aylin.Cesur	Cesur, Aylin	F
TR	Aylin.Nazlıaka	Nazlıaka, Aylin	F
TR	Aysel.Tuğluk	Tuğluk, Aysel	F
TR	Aysu.Bankoğlu	Bankoğlu, Aysu	F
TR	Aytun.Çıray	Çıray, Aytun	M
TR	Aytuğ.Atıcı	Atıcı, Aytuğ	M
TR	Ayşe.AcarBaşaran	Acar Başaran, Ayşe	F
TR	Ayşe.Doğan	Doğan, Ayşe	F
TR	Ayşe.Keşir	Keşir, Ayşe	F
TR	Ayşe.Sürücü	Sürücü, Ayşe	F
TR	Ayşe.Türkmenoğlu	Türkmenoğlu, Ayşe	F
TR	AyşeEser.Danışoğlu	Danışoğlu, Ayşe Eser	F
TR	AyşeGülsün.Bilgehan	Bilgehan, Ayşe Gülsün	F
TR	AyşeNedret.Akova	Akova, Ayşe Nedret	F
TR	AyşeNur.Bahçekapılı	Bahçekapılı, Ayşe Nur	F
TR	AyşeSibel.Ersoy	Ersoy, Ayşe Sibel	F
TR	AyşeSula.Köseoğlu	Köseoğlu, Ayşe Sula	F
TR	Ayşenur.İslam	Külahlıoğlu İslam, Ayşenur	F
TR	Aziz.Aydınlık	Aydınlık, Aziz	M
TR	Aziz.Babuşcu	Babuşcu, Aziz	M
TR	AzizeSibel.Gönül	Gönül, Azize Sibel	F
TR	Azmi.Ekinci	Ekinci, Azmi	M
TR	Baha.Ünlü	Ünlü, Baha	M
TR	Bahar.Ayvazoğlu	Ayvazoğlu, Bahar	F
TR	Bahattin.Şeker	Şeker, Bahattin	M
TR	Baki.Şimşek	Şimşek, Baki	M
TR	Barış.Karadeniz	Karadeniz, Barış	M
TR	Barış.Yarkadaş	Yarkadaş, Barış	M
TR	BarışAtay.Mengüllüoğlu	Mengüllüoğlu, Barış Atay	M
TR	Bayram.Yılmazkaya	Yılmazkaya, Bayram	M
TR	Bayram.Özçelik	Özçelik, Bayram	M
TR	BayramYılmazyaka	Yılmazyaka, Bayram	-
TR	Başakan	Başakan, ???	-
TR	BaşbakanBinaliYıldırım	Yıldırım, Başbakan Binali	-
TR	Başkan.	Başkan., ???	-
TR	Bedia.Özgökçe	Özgökçe Ertan, Bedia	F
TR	BediiSüheyl.Batum	Batum, Bedii Süheyl	M
TR	Bedrettin.Yıldırım	Yıldırım, Bedrettin	M
TR	Bedri.Serter	Serter, Bedri	M
TR	Bedri.Yaşar	Yaşar, Bedri	M
TR	Behiç.Çelik	Çelik, Behiç	M
TR	Behçet.Yıldırım	Yıldırım, Behçet	M
TR	Bekir.Başevirgen	Başevirgen, Bekir	M
TR	Bekir.Bozdağ	Bozdağ, Bekir	M
TR	Bekir.Pakdemirli	Pakdemirli, Bekir	M
TR	BekirKuvvet.Erim	Erim, Bekir Kuvvet	M
TR	Belgin.Uygur	Uygur, Belgin	F
TR	Bengi.Yıldız	Yıldız, Bengi	M
TR	Bennur.Karaburun	Karaburun, Bennur	F
TR	Berat.Albayrak	Albayrak, Berat	M
TR	Berdan.Öztürk	Öztürk, Berdan	M
TR	Besime.Konca	Konca, Besime	F
TR	Beşir.Atalay	Atalay, Beşir	M
TR	Bihlun.Tamaylıgil	Tamaylıgil, Bihlun	F
TR	Bilal.Uçar	Uçar, Bilal	M
TR	Binali.Yıldırım	Yıldırım, Binali	M
TR	Binnaz.Toprak	Toprak, Binnaz	F
TR	Birgül.AymanGüler	Ayman Güler, Birgül	F
TR	Birol.Ertem	Ertem, Birol	M
TR	Burak.Erbay	Erbay, Burak	M
TR	Burcu.Kayıkcı	Kayıkcı, Burcu	F
TR	Burcu.Çelik	Çelik Özkan, Burcu	F
TR	Burhan.Kayatürk	Kayatürk, Burhan	M
TR	Burhan.Kuzu	Kuzu, Burhan	M
TR	Burhan.Çakır	Çakır, Burhan	M
TR	Burhanettin.Bulut	Bulut, Burhanettin	M
TR	Burhanettin.Uysal	Uysal, Burhanettin	M
TR	Bülent.Arınç	Arınç, Bülent	M
TR	Bülent.Belen	Belen, Bülent	M
TR	Bülent.Gedikli	Gedikli, Bülent	M
TR	Bülent.Kuşoğlu	Kuşoğlu, Bülent	M
TR	Bülent.Tezcan	Tezcan, Bülent	M
TR	Bülent.Turan	Turan, Bülent	M
TR	Bülent.Tüfenkci	Tüfenkci, Bülent	M
TR	Bülent.Öz	Öz, Bülent	M
TR	BülentBektaşYeneroğlu	Yeneroğlu, Bülent Bektaş	-
TR	BülentYarkadaş	Yarkadaş, Bülent	-
TR	BülentYaşarBektaşoğlu	Bektaşoğlu, Bülent Yaşar	-
TR	BülentYener.Bektaşoğlu	Bektaşoğlu, Bülent Yener	M
TR	Bünyamin.Özbek	Özbek, Bünyamin	M
TR	Bşakan	Bşakan, ???	-
TR	Cahit.Bağcı	Bağcı, Cahit	M
TR	Cahit.Özkan	Özkan, Cahit	M
TR	Canan.CandemirÇelik	Candemir Çelik, Canan	F
TR	Canan.Kalsın	Kalsın, Canan	F
TR	Candan.Yüceer	Yüceer, Candan	F
TR	Cavit.Arı	Arı, Cavit	M
TR	Celal.Adan	Adan, Celal	M
TR	Celal.Dinçer	Dinçer, Celal	M
TR	Celal.Doğan	Doğan, Celal	M
TR	Celalettin.Güvenç	Güvenç, Celalettin	M
TR	Celil.Göçer	Göçer, Celil	M
TR	Cem.Zorlu	Zorlu, Cem	M
TR	Cemal.Bekle	Bekle, Cemal	M
TR	Cemal.Enginyurt	Enginyurt, Cemal	M
TR	Cemal.Taşar	Taşar, Cemal	M
TR	Cemal.Çetin	Çetin, Cemal	M
TR	Cemal.Öztürk	Öztürk, Cemal	M
TR	CemalOkan.Yüksel	Yüksel, Cemal Okan	M
TR	CemalYılmaz.Demir	Demir, Cemal Yılmaz	M
TR	Cemalettin.Şimşek	Şimşek, Cemalettin	M
TR	CemalettinKani.Torun	Torun, Cemalettin Kani	M
TR	Cemil.Yaman	Yaman, Cemil	M
TR	Cemil.Çiçek	Çiçek, Cemil	M
TR	Cengiz.Aydoğdu	Aydoğdu, Cengiz	M
TR	Cengiz.Demirkaya	Demirkaya, Cengiz	M
TR	Cengiz.Gökçel	Gökçel, Cengiz	M
TR	Cengiz.Yavilioğlu	Yavilioğlu, Cengiz	M
TR	Cesim.Gökçe	Gökçe, Cesim	M
TR	Cevdet.Erdöl	Erdöl, Cevdet	M
TR	Cevdet.Yılmaz	Yılmaz, Cevdet	M
TR	Ceyda.BölünmezÇankırı	Bölünmez Çankırı, Ceyda	F
TR	Ceyda.ÇetinErenler	Çetin Erenler, Ceyda	F
TR	Ceyhun.İrgil	İrgil, Ceyhun	M
TR	ChpGrubuAdınÇetinArık	Arık, Chp Grubu Adın Çetin	-
TR	ChpGrubuAdınıGürkutAcar	Acar, Chp Grubu Adını Gürkut	-
TR	Cihan.Pektaş	Pektaş, Cihan	M
TR	Coşkun.Çakır	Çakır, Coşkun	M
TR	Cuma.İçten	İçten, Cuma	M
TR	Cumhur.Ünal	Ünal, Cumhur	M
TR	Demir.Çelik	Çelik, Demir	M
TR	DengirMirMehmet.Fırat	Fırat, Dengir Mir Mehmet	M
TR	Deniz.Baykal	Baykal, Deniz	M
TR	Deniz.Depboylu	Depboylu, Deniz	F
TR	Deniz.Yavuzyılmaz	Yavuzyılmaz, Deniz	M
TR	Dersim.Dağ	Dağ, Dersim	F
TR	Derya.Bakbak	Bakbak, Derya	F
TR	Derya.Yanık	Yanık, Derya	F
TR	Devlet.Bahçeli	Bahçeli, Devlet	M
TR	Devrim.Kök	Kök, Devrim	M
TR	Didem.Engin	Engin, Didem	F
TR	Dilek.AkagünYılmaz	Akagün Yılmaz, Dilek	F
TR	Dilek.Yüksel	Yüksel, Dilek	F
TR	Dilek.Öcalan	Öcalan, Dilek	F
TR	Dilşat.CanbazKaya	Canbaz Kaya, Dilşat	F
TR	DirayetDilan.Taşdemir	Taşdemir, Dirayet Dilan	F
TR	Doğan.Şafak	Şafak, Doğan	M
TR	Durdu.Özbolat	Özbolat, Durdu	M
TR	DurduMehmet.Kastal	Kastal, Durdu Mehmet	M
TR	DurduOsmanKastal	Kastal, Durdu Osman	-
TR	Durmuş.Yılmaz	Yılmaz, Durmuş	M
TR	DurmuşFikri.Sağlar	Sağlar, Durmuş Fikri	M
TR	Durmuşali.Torlak	Torlak, Durmuşali	M
TR	Dursun.Ataş	Ataş, Dursun	M
TR	Dursun.Çiçek	Çiçek, Dursun	M
TR	DursunMüsavat.Dervişoğlu	Dervişoğlu, Dursun Müsavat	M
TR	DursunMüsavatDurmuşoğlu	Durmuşoğlu, Dursun Müsavat	-
TR	Ebrü.Günay	Günay, Ebrü	F
TR	Ebubekir.Bal	Bal, Ebubekir	M
TR	Ebubekir.Gizligider	Gizligider, Ebubekir	M
TR	EdipSemih.Yalçın	Yalçın, Edip Semih	M
TR	Ednan.Arslan	Arslan, Ednan	M
TR	Efkan.Ala	Ala, Efkan	M
TR	EfkanÂlâ	Âlâ, Efkan	-
TR	Egemen.Bağış	Bağış, Egemen	M
TR	Ejder.Açıkkapı	Açıkkapı, Ejder	M
TR	Ekmeleddin.İhsanoğlu	İhsanoğlu, Ekmeleddin Mehmet	M
TR	Ekrem.Erdem	Erdem, Ekrem	M
TR	Ekrem.Çelebi	Çelebi, Ekrem	M
TR	ElifDoğan.Türkmen	Türkmen, Elif Doğan	F
TR	Emin.Çınar	Çınar, Emin	M
TR	EminHaluk.Ayhan	Ayhan, Emin Haluk	M
TR	Emine.Ayna	Ayna, Emine	F
TR	Emine.YavuzGözgeç	Yavuz Gözgeç, Emine	F
TR	Emine.Zeybek	Zeybek, Emine	F
TR	EmineBeyza.Üstün	Üstün, Emine Beyza	F
TR	EmineGülizar.Emecan	Emecan, Emine Gülizar	F
TR	EmineNur.Günay	Günay, Emine Nur	F
TR	EmineSare.Aydın	Aydın Yılmaz, Emine Sare	F
TR	EmineÜlker.Tarhan	Tarhan, Emine Ülker	F
TR	Emre.Köprülü	Köprülü, Emre	M
TR	Emrullah.İşler	İşler, Emrullah	M
TR	Enez.Kaplan	Kaplan, Enez	M
TR	Engin.Altay	Altay, Engin	M
TR	Engin.Özkoç	Özkoç, Engin	M
TR	Enise.Güneyli	Çoban Güneyli, Enise	F
TR	Ensar.Aytekin	Aytekin, Ensar	M
TR	Ensar.Öğüt	Öğüt, Ensar	M
TR	Enver.Erdem	Erdem, Enver	M
TR	Enver.Fehmioğlu	Fehmioğlu, Enver	M
TR	Enver.Yılmaz	Yılmaz, Enver	M
TR	Ercan.Candan	Candan, Ercan	M
TR	Ercan.Cengiz	Cengiz, Ercan	M
TR	Erdal.Aksünger	Aksünger, Erdal	M
TR	Erdal.Ataş	Ataş, Erdal	M
TR	Erdal.Aydemir	Aydemir, Erdal	M
TR	Erdin.Bircan	Bircan, Erdin	M
TR	Erdoğan.Bayraktar	Bayraktar, Erdoğan	M
TR	Erdoğan.Toprak	Toprak, Erdoğan	M
TR	Erdoğan.Özegen	Özegen, Erdoğan	M
TR	Eren.Erdem	Erdem, Eren	M
TR	Ergün.Taşcı	Taşcı, Ergün	M
TR	Erhan.Usta	Usta, Erhan	M
TR	Erkan.Akçay	Akçay, Erkan	M
TR	Erkan.Aydın	Aydın, Erkan	M
TR	Erkan.Baş	Baş, Erkan	M
TR	Erkan.Haberal	Haberal, Erkan	M
TR	Erkan.Kandemir	Kandemir, Erkan	M
TR	ErkanAydemir	Aydemir, Erkan	-
TR	ErkânAkçay	Akçay, Erkân	-
TR	Erol.Dora	Dora, Erol	M
TR	Erol.Katırcıoğlu	Katırcıoğlu, Erol	M
TR	Erol.Kavuncu	Kavuncu, Erol	M
TR	Erol.Kaya	Kaya, Erol	M
TR	Ertan.Aydın	Aydın, Ertan	M
TR	ErtunçErkan.Balta	Balta, Ertunç Erkan	M
TR	Ertuğrul.Günay	Günay, Ertuğrul	M
TR	Ertuğrul.Kürkcü	Kürkcü, Ertuğrul	M
TR	Ertuğrul.Kürkçü	Kürkçü, Ertuğrul	M
TR	Ertuğrul.Soysal	Soysal, Ertuğrul	M
TR	Esat.Canan	Canan, Esat	M
TR	Esin.Kara	Kara, Esin	F
TR	Eyüp.Özsoy	Özsoy, Eyüp	M
TR	Eşref.Taş	Taş, Eşref	M
TR	Fahrettin.Koca	Koca, Fahrettin	M
TR	Fahrettin.Poyraz	Poyraz, Fahrettin	M
TR	Fahrettin.Yokuş	Yokuş, Fahrettin	M
TR	FahrettinOğuz.Tor	Tor, Fahrettin Oğuz	M
TR	Fahri.Çakır	Çakır, Fahri	M
TR	Faik.Tunay	Tunay, Faik	M
TR	Faik.Öztrak	Öztrak, Faik	M
TR	Faruk.Bal	Bal, Faruk	M
TR	Faruk.Işık	Işık, Faruk	M
TR	Faruk.Sarıaslan	Sarıaslan, Faruk	M
TR	Faruk.Septioğlu	Septioğlu, Faruk	M
TR	Faruk.Çaturoğlu	Çaturoğlu, Faruk	M
TR	Faruk.Çelik	Çelik, Faruk	M
TR	Faruk.Özlü	Özlü, Faruk	M
TR	Fatih.Dönmez	Dönmez, Fatih	M
TR	Fatih.Çiftci	Çiftci, Fatih	M
TR	Fatih.Şahin	Şahin, Fatih	M
TR	FatihHan.Ünal	Ünal, Fatih Han	M
TR	FatihMehmet.Şeker	Şeker, Fatih Mehmet	M
TR	FatihSüleyman.Denizolgun	Denizolgun, Fatih Süleyman	M
TR	FatihÇiftCi	Ci, Fatih Çift	-
TR	Fatma.Aksal	Aksal, Fatma	F
TR	Fatma.Benli	Benli, Fatma	F
TR	Fatma.Kaplan	Kaplan Hürriyet, Fatma	F
TR	Fatma.Kurtulan	Kurtulan, Fatma	F
TR	Fatma.Salman	Salman Kotan, Fatma	F
TR	Fatma.Şahin	Şahin, Fatma	F
TR	FatmaBetül.SayanKaya	Sayan Kaya, Fatma Betül	F
TR	FatmaGüldemet.Sarı	Sarı, Fatma Güldemet	F
TR	FatmaHürriyetKaplan	Kaplan, Fatma Hürriyet	-
TR	FatmaNur.Serter	Serter, Fatma Nur	F
TR	FatmanurSerter	Serter, Fatmanur	-
TR	Fatoş.Gürkan	Gürkan, Fatoş	F
TR	Faysal.Sarıyıldız	Sarıyıldız, Faysal	M
TR	Fazilet.DağcıÇığlık	Dağcı Çığlık, Fazilet	M
TR	Fehmi.Küpçü	Küpçü, Fehmi	M
TR	FehmiAlpay.Özalan	Özalan, Fehmi Alpay	M
TR	Feleknas.Uca	Uca, Feleknas	F
TR	Feramuz.Üstün	Üstün, Feramuz	M
TR	Ferhat.Encü	Encü, Ferhat	M
TR	Feridun.Bahşi	Bahşi, Feridun	M
TR	FeritMevlüt.Aslanoğlu	Aslanoğlu, Ferit Mevlüt	M
TR	Fetani.Battal	Battal, Fetani	M
TR	Fethi.Açıkel	Açıkel, Fethi	M
TR	Feti.Yıldız	Yıldız, Feti	M
TR	Fevai.Arslan	Arslan, Fevai	M
TR	Fevzi.Şanverdi	Şanverdi, Fevzi	M
TR	Feyzi.Berdibek	Berdibek, Feyzi	M
TR	Feyzullah.Kıyıklık	Kıyıklık, Feyzullah	M
TR	Fikret.Şahin	Şahin, Fikret	M
TR	Fikri.Demirel	Demirel, Fikri	M
TR	Fikri.Işık	Işık, Fikri	M
TR	Filiz.Kerestecioğlu	Kerestecioğlu Demir, Filiz	F
TR	Fuat.Karakuş	Karakuş, Fuat	M
TR	Fuat.Köktaş	Köktaş, Fuat	M
TR	Fuat.Oktay	Oktay, Fuat	M
TR	Gamze.Akkuşİlgezdi	Akkuş İlgezdi, Gamze	F
TR	Gamze.Taşcıer	Taşcıer, Gamze	F
TR	Garo.Paylan	Paylan, Garo	M
TR	Gaye.Usluer	Usluer, Gaye	F
TR	GurbanguliBerdimuhammedov	Berdimuhammedov, Gurbanguli	-
TR	Gökan.Zeybek	Zeybek, Gökan	M
TR	Gökcen.Özdoğan	Özdoğan Enç, Gökcen	F
TR	Gökhan.Günaydın	Günaydın, Gökhan	M
TR	Gönül.BekinŞahkulubey	Bekin Şahkulubey, Gönül	F
TR	Gülay.Dalyan	Dalyan, Gülay	F
TR	Gülay.Samancı	Samancı, Gülay	F
TR	Gülay.Yedekci	Yedekci Arslan, Gülay	F
TR	Gülizar.BiçerKaraca	Biçer Karaca, Gülizar	F
TR	Gülser.Yıldırım	Yıldırım, Gülser	F
TR	Gültan.Kışanak	Kışanak, Gültan	F
TR	Gültekin.Uysal	Uysal, Gültekin	M
TR	Gülüstan.Kılıç	Kılıç Koçyiğit, Gülüstan	F
TR	Gülşen.Orhan	Orhan, Gülşen	F
TR	Gürkut.Acar	Acar, Gürkut	M
TR	Gürsel.Erol	Erol, Gürsel	M
TR	Gürsel.Tekin	Tekin, Gürsel	M
TR	Gürsoy.Erol	Erol, Gürsoy	M
TR	Habibe.Öçal	Öçal, Habibe	F
TR	Habip.Eksik	Eksik, Habip	M
TR	Hacı.Filiz	Filiz, Hacı	M
TR	Hacı.Turan	Turan, Hacı	M
TR	Hacı.Özkan	Özkan, Hacı	M
TR	HacıAhmet.Özdemir	Özdemir, Hacı Ahmet	M
TR	HacıBayram.Türkoğlu	Türkoğlu, Hacı Bayram	M
TR	HacıOsman.Akgül	Akgül, Hacı Osman	M
TR	Hakan.Kahtalı	Kahtalı, Hakan	M
TR	Hakan.Çavuşoğlu	Çavuşoğlu, Hakan	M
TR	Hakan.Şükür	Şükür, Hakan	M
TR	HakanZekiSıdalı	Sıdalı, Hakan Zeki	-
TR	Hakkı.Köylü	Köylü, Hakkı	M
TR	HakkıSaruhan.Oluç	Oluç, Hakkı Saruhan	M
TR	Halide.İncekara	İncekara, Halide	F
TR	Halil.Aksoy	Aksoy, Halil	M
TR	Halil.Eldemir	Eldemir, Halil	M
TR	Halil.Etyemez	Etyemez, Halil	M
TR	Halil.Özcan	Özcan, Halil	M
TR	Halil.Öztürk	Öztürk, Halil	M
TR	Halil.Özşavlı	Özşavlı, Halil	M
TR	Halil.Ürün1968	Ürün, Halil	M
TR	HalilEtmeyez	Etmeyez, Halil	-
TR	Halis.Dalkılıç	Dalkılıç, Halis	M
TR	Haluk.Eyidoğan	Eyidoğan, Haluk	M
TR	Haluk.Pekşen	Pekşen, Haluk	M
TR	Haluk.Özdalga	Özdalga, Haluk	M
TR	Haluk.İpek	İpek, Haluk	M
TR	HalukAhmet.Gümüş	Gümüş, Haluk Ahmet	M
TR	Hamdi.Uçar	Uçar, Hamdi	M
TR	Hamza.Dağ	Dağ, Hamza	M
TR	HapibEksik	Eksik, Hapib	-
TR	Harun.Karaca	Karaca, Harun	M
TR	Harun.Karacan	Karacan, Harun	M
TR	Harun.Tüfekci	Tüfekci, Harun	M
TR	Hasan.Akgöl	Akgöl, Hasan	M
TR	Hasan.Baltacı	Baltacı, Hasan	M
TR	Hasan.Kalyoncu	Kalyoncu, Hasan	M
TR	Hasan.Karal	Karal, Hasan	M
TR	Hasan.Sert	Sert, Hasan	M
TR	Hasan.Subaşı	Subaşı, Hasan	M
TR	Hasan.Turan	Turan, Hasan	M
TR	Hasan.Çilez	Çilez, Hasan	M
TR	Hasan.Ören	Ören, Hasan	M
TR	Hasan.Özgüneş	Özgüneş, Hasan	M
TR	Hasan.Özyer	Özyer, Hasan	M
TR	HasanAli.Çelik	Çelik, Hasan Ali	M
TR	HasanBasri.Kurt	Kurt, Hasan Basri	M
TR	HasanBasriKurtBaşkan	Başkan, Hasan Basri Kurt	-
TR	HasanFehmi.Kinay	Kinay, Hasan Fehmi	M
TR	HasanHami.Yıldırım	Yıldırım, Hasan Hami	M
TR	HasanHüseyin.Türkoğlu	Türkoğlu, Hasan Hüseyin	M
TR	Hasip.Kaplan	Kaplan, Hasip	M
TR	HaticeDudu.Özkal	Özkal, Hatice Dudu	F
TR	Hayati.Arkaz	Arkaz, Hayati	M
TR	Hayati.Tekin	Tekin, Hayati	M
TR	Hayati.Yazıcı	Yazıcı, Hayati	M
TR	Haydar.Akar	Akar, Haydar	M
TR	HaydarAli.Yıldız	Yıldız, Haydar Ali	M
TR	Hayrettin.Nuhoğlu	Nuhoğlu, Hayrettin	M
TR	HaşimTeoman.Sancar	Sancar, Haşim Teoman	M
TR	HdpGrubuMehmetRuştuTiryaki	Tiryaki, Hdp Grubu Mehmet Ruştu	-
TR	Hikmet.Ayar	Ayar, Hikmet	M
TR	Hilmi.Bilgin	Bilgin, Hilmi	M
TR	Hilmi.Yarayıcı	Yarayıcı, Hilmi	M
TR	Hişyar.Özsoy	Özsoy, Hişyar	M
TR	Hulusi.Akar	Akar, Hulusi	M
TR	Hulusi.Şentürk	Şentürk, Hulusi	M
TR	Hurşit.Güneş	Güneş, Hurşit	M
TR	Hurşit.Yıldırım	Yıldırım, Hurşit	M
TR	Husret.Dinç	Dinç, Husret	M
TR	Hüda.Kaya	Kaya, Hüda	F
TR	Hülya.Güven	Güven, Hülya	F
TR	Hülya.Nergis	Nergis, Hülya	F
TR	Hüsamettin.Zenderlioğlu	Zenderlioğlu, Hüsamettin	M
TR	Hüseyin.Aygün	Aygün, Hüseyin	M
TR	Hüseyin.Bürge	Bürge, Hüseyin	M
TR	Hüseyin.Filiz	Filiz, Hüseyin	M
TR	Hüseyin.Kaçmaz	Kaçmaz, Hüseyin	M
TR	Hüseyin.Kocabıyık	Kocabıyık, Hüseyin	M
TR	Hüseyin.Samani	Samani, Hüseyin	M
TR	Hüseyin.Tanrıverdi	Tanrıverdi, Hüseyin	M
TR	Hüseyin.Yayman	Yayman, Hüseyin	M
TR	Hüseyin.Yıldız1967	Yıldız, Hüseyin	M
TR	Hüseyin.Çamak	Çamak, Hüseyin	M
TR	Hüseyin.Çelik	Çelik, Hüseyin	M
TR	Hüseyin.Örs	Örs, Hüseyin	M
TR	Hüseyin.Özbakır	Özbakır, Hüseyin	M
TR	Hüseyin.Üzülmez	Üzülmez, Hüseyin	M
TR	Hüseyin.Şahin1968	Şahin, Hüseyin	M
TR	Hüseyin.Şanverdi	Şanverdi, Hüseyin	M
TR	HüseyinAvni.Aksoy	Aksoy, Hüseyin Avni	M
TR	HüseyinCemal.Akın	Akın, Hüseyin Cemal	M
TR	HüseyinTuran	Turan, Hüseyin	-
TR	Hüsnüye.Erdoğan	Erdoğan, Hüsnüye	F
TR	JaleNur.Süllü	Süllü, Jale Nur	F
TR	JerzyBuzek	Buzek, Jerzy	-
TR	Jülide.Sarıeroğlu	Sarıeroğlu, Jülide	F
TR	Jülide.İskenderoğlu	İskenderoğlu, Jülide	F
TR	Kadim.Durmaz	Durmaz, Kadim	M
TR	Kadir.Aydın	Aydın, Kadir	M
TR	Kadir.Koçdemir	Koçdemir, Kadir	M
TR	KadirGökmen.Öğüt	Öğüt, Kadir Gökmen	M
TR	Kadri.Yıldırım	Yıldırım, Kadri	M
TR	KadriEnis.Berberoğlu	Berberoğlu, Kadri Enis	M
TR	KalkınmaBaknıCevdetYılmaz	Yılmaz, Kalkınma Baknı Cevdet	-
TR	Kamer.Genç	Genç, Kamer	M
TR	Kamil.Aydın	Aydın, Kamil	M
TR	KamilOkyay.Sındır	Sındır, Kamil Okyay	M
TR	KamilYılmaz	Yılmaz, Kamil	-
TR	KamuBaşdenetcisiŞerefMalkoç	Malkoç, Kamu Başdenetcisi Şeref	-
TR	Kani.Beko	Beko, Kani	M
TR	Kasım.Bostan	Bostan, Kasım	M
TR	Kazım.Arslan1954	Arslan, Kazım	M
TR	Kazım.Kurt	Kurt, Kazım	M
TR	Kemal.Aktaş	Aktaş, Kemal	M
TR	Kemal.Bülbül	Bülbül, Kemal	M
TR	Kemal.Değirmendereli	Değirmendereli, Kemal	M
TR	Kemal.Ekinci	Ekinci, Kemal	M
TR	Kemal.Kılıçdaroğlu	Kılıçdaroğlu, Kemal	M
TR	Kemal.Peköz	Peköz, Kemal	M
TR	Kemal.Tekden	Tekden, Kemal	M
TR	Kemal.Zeybek	Zeybek, Kemal	M
TR	Kemal.Çelik	Çelik, Kemal	M
TR	KemalAydın	Aydın, Kemal	-
TR	Kemalettin.Aydın	Aydın, Kemalettin	M
TR	Kemalettin.Yılmaz	Yılmaz, Kemalettin	M
TR	Kemalettin.Yılmaztekin	Yılmaztekin, Kemalettin	M
TR	Kenan.Sofuoğlu	Sofuoğlu, Kenan	M
TR	Kenan.İpek	İpek, Kenan	M
TR	KeremAli.Sürekli	Sürekli, Kerem Ali	M
TR	Kerim.Özkul	Özkul, Kerim	M
TR	Koray.Aydın	Aydın, Koray	M
TR	Lale.Karabıyık	Karabıyık, Lale	F
TR	Levent.Gök	Gök, Levent	M
TR	Leyla.Birlik	Birlik, Leyla	F
TR	Leyla.Zana	Zana, Leyla	F
TR	Leyla.ŞahinUsta	Şahin Usta, Leyla	F
TR	Lezgin.Botan	Botan, Lezgin	M
TR	Lütfi.Elvan	Elvan, Lütfi	M
TR	Lütfi.Kaşıkçı	Kaşıkçı, Lütfi	M
TR	LütfiyeSelva.Çam	Çam, Lütfiye Selva	F
TR	Lütfiyeİlksen.CeritoğluKurt	Ceritoğlu Kurt, Lütfiye İlksen	F
TR	Lütfü.Türkkan	Türkkan, Lütfü	M
TR	Mahir.Polat	Polat, Mahir	M
TR	Mahir.Ünal	Ünal, Mahir	M
TR	MahirGünal	Günal, Mahir	-
TR	Mahmut.Kaçar	Kaçar, Mahmut	M
TR	Mahmut.Poyrazlı	Poyrazlı, Mahmut	M
TR	Mahmut.Tanal	Tanal, Mahmut	M
TR	Mahmut.Toğrul	Toğrul, Mahmut	M
TR	MahmutAtilla.Kaya	Kaya, Mahmut Atilla	M
TR	MahmutCeladet.Gaydalı	Gaydalı, Mahmut Celadet	M
TR	MahmutElitaş	Elitaş, Mahmut	-
TR	MahmutMücahit.Fındıklı	Fındıklı, Mahmut Mücahit	M
TR	MahmutÖzer	Özer, Mahmut	-
TR	MalikEcder.Özdemir	Özdemir, Malik Ecder	M
TR	MaliyeBakanNaciAğbal	Ağbal, Maliye Bakan Naci	-
TR	Markar.Esayan	Esayan, Markar	M
TR	Mazlum.Nurlu	Nurlu, Mazlum	M
TR	Mehmet.Akyürek	Akyürek, Mehmet	M
TR	Mehmet.Altay	Altay, Mehmet	M
TR	Mehmet.Babaoğlu	Babaoğlu, Mehmet	M
TR	Mehmet.Bekaroğlu	Bekaroğlu, Mehmet	M
TR	Mehmet.Daniş	Daniş, Mehmet	M
TR	Mehmet.Demir	Demir, Mehmet	M
TR	Mehmet.Domaç	Domaç, Mehmet	M
TR	Mehmet.Erdem1966	Erdem, Mehmet	M
TR	Mehmet.Erdoğan1956	Erdoğan, Mehmet	M
TR	Mehmet.Erdoğan1964	Erdoğan, Mehmet	M
TR	Mehmet.Erdoğan1966	Erdoğan, Mehmet	M
TR	Mehmet.Ersoy1964	Ersoy, Mehmet	M
TR	Mehmet.Geldi	Geldi, Mehmet	M
TR	Mehmet.Gökdağ	Gökdağ, Mehmet	M
TR	Mehmet.Göker	Göker, Mehmet	M
TR	Mehmet.Günal	Günal, Mehmet	M
TR	Mehmet.Güzelmansur	Güzelmansur, Mehmet	M
TR	Mehmet.Haberal	Haberal, Mehmet	M
TR	Mehmet.Metiner	Metiner, Mehmet	M
TR	Mehmet.Muharrem.Kasapoğlu	Kasapoğlu, Mehmet Muharrem	M
TR	Mehmet.Muş	Muş, Mehmet	M
TR	Mehmet.Müezzinoğlu	Müezzinoğlu, Mehmet	M
TR	Mehmet.Parsak	Parsak, Mehmet	M
TR	Mehmet.Sarı1968	Sarı, Mehmet	M
TR	Mehmet.Sağlam	Sağlam, Mehmet	M
TR	Mehmet.Taytak	Taytak, Mehmet	M
TR	Mehmet.Tüm	Tüm, Mehmet	M
TR	Mehmet.Yüksel	Yüksel, Mehmet	M
TR	Mehmet.Öntürk	Öntürk, Mehmet	M
TR	Mehmet.Özhaseki	Özhaseki, Mehmet	M
TR	Mehmet.Şandır	Şandır, Mehmet	M
TR	Mehmet.Şeker	Şeker, Mehmet	M
TR	Mehmet.Şimşek	Şimşek, Mehmet	M
TR	MehmetAkif.Hamzaçebi	Hamzaçebi, Mehmet Akif	M
TR	MehmetAkif.Yılmaz	Yılmaz, Mehmet Akif	M
TR	MehmetAkifhamzaçebi	Akifhamzaçebi, Mehmet	-
TR	MehmetAli.Aslan	Aslan, Mehmet Ali	M
TR	MehmetAli.Cevheri	Cevheri, Mehmet Ali	M
TR	MehmetAli.Ediboğlu	Ediboğlu, Mehmet Ali	M
TR	MehmetAli.Okur	Okur, Mehmet Ali	M
TR	MehmetAli.Pulcu	Pulcu, Mehmet Ali	M
TR	MehmetAli.Susam	Susam, Mehmet Ali	M
TR	MehmetAli.Çelebi	Çelebi, Mehmet Ali	M
TR	MehmetAli.Özkan	Özkan, Mehmet Ali	M
TR	MehmetAli.Şahin	Şahin, Mehmet Ali	M
TR	MehmetBekâroğlu	Bekâroğlu, Mehmet	-
TR	MehmetCahit.Turhan	Turhan, Mehmet Cahit	M
TR	MehmetCelal.Fendoğlu	Fendoğlu, Mehmet Celal	M
TR	MehmetCemal.Öztaylan	Öztaylan, Mehmet Cemal	M
TR	MehmetCihat.Sezal	Sezal, Mehmet Cihat	M
TR	MehmetDoğan.Kubat	Kubat, Mehmet Doğan	M
TR	MehmetElitaş	Elitaş, Mehmet	-
TR	MehmetEmin.Adıyaman	Adıyaman, Mehmet Emin	M
TR	MehmetEmin.Dindar	Dindar, Mehmet Emin	M
TR	MehmetEmin.Şimşek	Şimşek, Mehmet Emin	M
TR	MehmetEmrehan.Halıcı	Halıcı, Mehmet Emrehan	M
TR	MehmetErsoy	Ersoy, Mehmet	-
TR	MehmetGalip.Ensarioğlu	Ensarioğlu, Mehmet Galip	M
TR	MehmetHabib.Soluk	Soluk, Mehmet Habib	M
TR	MehmetHilal.Kaplan	Kaplan, Mehmet Hilal	M
TR	MehmetKasım.Gülpınar	Gülpınar, Mehmet Kasım	M
TR	MehmetKerim.Yıldız	Yıldız, Mehmet Kerim	M
TR	MehmetMehdi.Eker	Eker, Mehmet Mehdi	M
TR	MehmetMetanet.Çulhaoğlu	Çulhaoğlu, Mehmet Metanet	M
TR	MehmetMetenatÇulhaoğlu	Çulhaoğlu, Mehmet Metenat	-
TR	MehmetNaci.Bostancı	Bostancı, Mehmet Naci	M
TR	MehmetNaciBostancıoğlu	Bostancıoğlu, Mehmet Naci	-
TR	MehmetNecati.Çetinkaya	Çetinkaya, Mehmet Necati	M
TR	MehmetNecmettin.Ahrazoğlu	Ahrazoğlu, Mehmet Necmettin	M
TR	MehmetNihatÖmeroğlu	Ömeroğlu, Mehmet Nihat	-
TR	MehmetNuri.Ersoy	Ersoy, Mehmet Nuri	M
TR	MehmetRuştu.Tiryaki	Tiryaki, Mehmet Ruştu	M
TR	MehmetSait.Kirazoğlu	Kirazoğlu, Mehmet Sait	M
TR	MehmetSayım.Tekelioğlu	Tekelioğlu, Mehmet Sayım	M
TR	MehmetSerdarSoydan	Soydan, Mehmet Serdar	-
TR	MehmetSiyam.Kesimoğlu	Kesimoğlu, Mehmet Siyam	M
TR	MehmetSüleyman.Hamzaoğulları	Hamzaoğulları, Mehmet Süleyman	M
TR	MehmetSüleymanHamzaoğlu	Hamzaoğlu, Mehmet Süleyman	-
TR	MehmetToğrul	Toğrul, Mehmet	-
TR	MehmetTürel	Türel, Mehmet	-
TR	MehmetUğur.Dilipak	Dilipak, Mehmet Uğur	M
TR	MehmetUğur.Gökgöz	Gökgöz, Mehmet Uğur	M
TR	MehmetVecdi.Gönül	Gönül, Mehmet Vecdi	M
TR	MehmetVolkan.Canalioğlu	Canalioğlu, Mehmet Volkan	M
TR	MehmetYavuz.Demir	Demir, Mehmet Yavuz	M
TR	MehmetYaşar.Ünal	Ünal, Mehmet Yaşar	M
TR	MehmetZafer.Çağlayan	Çağlayan, Mehmet Zafer	M
TR	Mehmetİlker.Çitil	Çitil, Mehmet İlker	M
TR	MehmetŞevketKulkuloğlu	Kulkuloğlu, Mehmet Şevket	-
TR	MehmetŞevki.Kulkuloğlu	Kulkuloğlu, Mehmet Şevki	M
TR	MehmetŞükrü.Erdinç	Erdinç, Mehmet Şükrü	M
TR	Melda.Onur	Onur, Melda	F
TR	Meliha.Akyol	Akyol, Meliha	F
TR	Melike.Basmacı	Basmacı, Melike	F
TR	MemetBülent.Karataş	Karataş, Memet Bülent	M
TR	Menderes.Türel	Türel, Menderes Mehmet Tevfik	M
TR	Mensur.Işık	Işık, Mensur	M
TR	Meral.Akşener	Akşener, Meral	F
TR	Meral.DanışBeştaş	Danış Beştaş, Meral	F
TR	MesudeNursuna.Memecan	Memecan, Mesude Nursuna	F
TR	Mesut.Dedeoğlu	Dedeoğlu, Mesut	M
TR	Metin.Akgün	Akgün, Metin	M
TR	Metin.Bulut	Bulut, Metin	M
TR	Metin.Ergun	Ergun, Metin	M
TR	Metin.Gündoğdu	Gündoğdu, Metin	M
TR	Metin.Külünk	Külünk, Metin	M
TR	Metin.Yavuz	Yavuz, Metin	M
TR	Metin.Çelik	Çelik, Metin	M
TR	Metin.İlhan	İlhan, Metin	M
TR	MetinLütfi.Baydar	Baydar, Metin Lütfi	M
TR	MetinMetiner	Metiner, Metin	-
TR	MetinNurullah.Sazak	Sazak, Metin Nurullah	M
TR	Mevlüt.Akgün	Akgün, Mevlüt	M
TR	Mevlüt.Dudu	Dudu, Mevlüt	M
TR	Mevlüt.Karakaya	Karakaya, Mevlüt	M
TR	Mevlüt.Çavuşoğlu	Çavuşoğlu, Mevlüt	M
TR	MhpGrubuNuriOkutan	Okutan, Mhp Grubu Nuri	-
TR	MihmirahBelmaSatır	Satır, Mihmirah Belma	-
TR	MihrimahBelma.Satır	Satır, Mihrimah Belma	M
TR	Mikail.Arslan	Arslan, Mikail	M
TR	MillîSavunmaBakanİsmetYılmaz	Yılmaz, Millî Savunma Bakan İsmet	-
TR	Mine.LökBeyaz	Lök Beyaz, Mine	F
TR	Mithat.Sancar	Sancar, Mithat	M
TR	Mizgin.Irgat	Irgat, Mizgin	F
TR	MoncefMarzoukı	Marzoukı, Moncef	-
TR	Muammer.Güler	Güler, Muammer	M
TR	Muazzez.Orhan	Orhan Işık, Muazzez	F
TR	Muhammed.Avcı	Avcı, Muhammed	M
TR	Muhammed.Çetin	Çetin, Muhammed	M
TR	MuhammedFatih.Toprak	Toprak, Muhammed Fatih	M
TR	MuhammedLevent.Bülbül	Bülbül, Muhammed Levent	M
TR	MuhammedMurtaza.Yetiş	Yetiş, Muhammed Murtaza	M
TR	Muhammet.Balta	Balta, Muhammet	M
TR	MuhammetBilal.Macit	Macit, Muhammet Bilal	M
TR	MuhammetEmin.Akbaşoğlu	Akbaşoğlu, Muhammet Emin	M
TR	MuhammetMüfit.Aydın	Aydın, Muhammet Müfit	M
TR	MuhammetNaci.Cinisli	Cinisli, Muhammet Naci	M
TR	MuhammetRıza.Yalçınkaya	Yalçınkaya, Muhammet Rıza	M
TR	MuhammetUğur.Kaleli	Kaleli, Muhammet Uğur	M
TR	MuhammetYalçınkaya	Yalçınkaya, Muhammet	-
TR	Muharrem.Erkek	Erkek, Muharrem	M
TR	Muharrem.Işık	Işık, Muharrem	M
TR	Muharrem.Varlı	Varlı, Muharrem	M
TR	Muharrem.İnce	İnce, Muharrem	M
TR	Muhyettin.Aksak	Aksak, Muhyettin	M
TR	Murat.Alparslan	Alparslan, Murat	M
TR	Murat.Bakan	Bakan, Murat	M
TR	Murat.Baybatur	Baybatur, Murat	M
TR	Murat.Başesgioğlu	Başesgioğlu, Murat	M
TR	Murat.Bozlak	Bozlak, Murat	M
TR	Murat.Demir	Demir, Murat	M
TR	Murat.Emir	Emir, Murat	M
TR	Murat.Göktürk	Göktürk, Murat	M
TR	Murat.Kurum	Kurum, Murat	M
TR	Murat.Sarısaç	Sarısaç, Murat	M
TR	Murat.Yıldırım	Yıldırım, Murat	M
TR	Murat.Çepni	Çepni, Murat	M
TR	Murat.Özçelik	Özçelik, Murat	M
TR	MurtazaZengin	Zengin, Murtaza	-
TR	Musa.Farisoğulları	Farisoğulları, Musa	M
TR	Musa.Piroğlu	Piroğlu, Musa	M
TR	Musa.Çam	Çam, Musa	M
TR	Mustafa.Adıgüzel	Adıgüzel, Mustafa	M
TR	Mustafa.Akaydın	Akaydın, Mustafa	M
TR	Mustafa.Akış	Akış, Mustafa	M
TR	Mustafa.Arslan	Arslan, Mustafa	M
TR	Mustafa.Ataş	Ataş, Mustafa	M
TR	Mustafa.Açıkgöz	Açıkgöz, Mustafa	M
TR	Mustafa.Baloğlu	Baloğlu, Mustafa	M
TR	Mustafa.Bilici	Bilici, Mustafa	M
TR	Mustafa.Canbey	Canbey, Mustafa	M
TR	Mustafa.Demir	Demir, Mustafa	M
TR	Mustafa.Demir1959	Demir, Mustafa	M
TR	Mustafa.Destici	Destici, Mustafa	M
TR	Mustafa.Elitaş	Elitaş, Mustafa	M
TR	Mustafa.Erdem	Erdem, Mustafa	M
TR	Mustafa.Esgin	Esgin, Mustafa	M
TR	Mustafa.Hamarat	Hamarat, Mustafa	M
TR	Mustafa.Ilıcalı	Ilıcalı, Mustafa	M
TR	Mustafa.Kabakcı	Kabakcı, Mustafa	M
TR	Mustafa.Kalaycı	Kalaycı, Mustafa	M
TR	Mustafa.Kendirli	Kendirli, Mustafa	M
TR	Mustafa.Kuş	Kuş, Mustafa	M
TR	Mustafa.Köse	Köse, Mustafa	M
TR	Mustafa.Mit	Mit, Mustafa	M
TR	Mustafa.Moroğlu	Moroğlu, Mustafa	M
TR	Mustafa.Savaş	Savaş, Mustafa	M
TR	Mustafa.Serdengeçti	Serdengeçti, Mustafa	M
TR	Mustafa.Tuncer	Tuncer, Mustafa	M
TR	Mustafa.Varank	Varank, Mustafa	M
TR	Mustafa.Yel	Yel, Mustafa	M
TR	Mustafa.Yeneroğlu	Yeneroğlu, Mustafa	M
TR	Mustafa.Öztürk1965	Öztürk, Mustafa	M
TR	Mustafa.İsen	İsen, Mustafa	M
TR	Mustafa.Şahin1956	Şahin, Mustafa	M
TR	Mustafa.Şentop	Şentop, Mustafa	M
TR	MustafaAli.Balbay	Balbay, Mustafa Ali	M
TR	MustafaBaki.Ersoy	Ersoy, Mustafa Baki	M
TR	MustafaDoğanKubat	Kubat, Mustafa Doğan	-
TR	MustafaElvanKarahocagil	Karahocagil, Mustafa Elvan	-
TR	MustafaErdoğan.Yetenç	Yetenç, Mustafa Erdoğan	M
TR	MustafaGökhan.Gülşen	Gülşen, Mustafa Gökhan	M
TR	MustafaHidayet.Vahapoğlu	Vahapoğlu, Mustafa Hidayet	M
TR	MustafaHilmi.Dülger	Dülger, Mustafa Hilmi	M
TR	MustafaHüsnü.Bozkurt	Bozkurt, Mustafa Hüsnü	M
TR	MustafaKemal.Şerbetçioğlu	Şerbetçioğlu, Mustafa Kemal	M
TR	MustafaLevent.Karahocagil	Karahocagil, Mustafa Levent	M
TR	MustafaSait.Gönen	Gönen, Mustafa Sait	M
TR	MustafaSerdar.Soydan	Soydan, Mustafa Serdar	M
TR	MustafaSezgin.Tanrıkulu	Tanrıkulu, Mustafa Sezgin	M
TR	MustafaŞ	Ş, Mustafa	-
TR	MustafaŞükrü.Nazlı	Nazlı, Mustafa Şükrü	M
TR	Muzaffer.Aslan	Aslan, Muzaffer	M
TR	Muzaffer.Baştopçu	Baştopçu, Muzaffer	M
TR	Muzaffer.Yurttaş	Yurttaş, Muzaffer	M
TR	Muzaffer.Çakar	Çakar, Muzaffer	M
TR	Mücahit.Durmuşoğlu	Durmuşoğlu, Mücahit	M
TR	Mülkiye.Birtane	Birtane, Mülkiye	F
TR	Münir.Kutluata	Kutluata, Münir	M
TR	Mürsel.Alban	Alban, Mürsel	M
TR	Mürteza.Zengin	Zengin, Mürteza	M
TR	Müslim.Sarı	Sarı, Müslim	M
TR	Müslüm.Doğan	Doğan, Müslüm	M
TR	Müslüm.Yüksel	Yüksel, Müslüm	M
TR	Müzeyyen.Şevkin	Şevkin, Müzeyyen	F
TR	MüzzeyenŞevkin	Şevkin, Müzzeyen	-
TR	MüşerrefPervinTuba.Durgut	Durgut, Müşerref Pervin Tuba	F
TR	Nabi.Avcı	Avcı, Nabi	M
TR	Naci.Ağbal	Ağbal, Naci	M
TR	Nadir.Yıldırım	Yıldırım, Nadir	M
TR	Namık.Havutça	Havutça, Namık	M
TR	Nazmi.Gür	Gür, Nazmi	M
TR	Nazım.Maviş	Maviş, Nazım	M
TR	NazırCihangir.İslam	İslam, Nazır Cihangir	M
TR	Nebi.Bozkurt	Bozkurt, Nebi	M
TR	Necati.Tığlı	Tığlı, Necati	M
TR	Necati.Yılmaz	Yılmaz, Necati	M
TR	Necati.Özensoy	Özensoy, Necati	M
TR	Necdet.Ünüvar	Ünüvar, Necdet	M
TR	Necdet.İpekyüz	İpekyüz, Necdet	M
TR	Necip.Kalkan	Kalkan, Necip	M
TR	Necip.Nasır	Nasır, Necip	M
TR	Neslihan.Hancıoğlu	Hancıoğlu, Neslihan	F
TR	Nesrin.Ulema	Ulema, Nesrin	F
TR	Nevin.Taşlıçay	Taşlıçay, Nevin	F
TR	Nevzat.Ceylan	Ceylan, Nevzat	M
TR	Nevzat.Pakdil	Pakdil, Nevzat	M
TR	Nevzat.Şatıroğlu	Şatıroğlu, Nevzat	M
TR	Nihat.Akdoğan	Akdoğan, Nihat	M
TR	Nihat.Yeşil	Yeşil, Nihat	M
TR	Nihat.Zeybekci	Zeybekci, Nihat	M
TR	Nihat.Öztürk	Öztürk, Nihat	M
TR	NihatÖzdemir	Özdemir, Nihat	-
TR	Nilgün.Ök	Ök, Nilgün	F
TR	Nimet.Çubukçu	Çubukçu, Nimet	F
TR	Nimetullah.Erdoğmuş	Erdoğmuş, Nimetullah	M
TR	Niyazi.Güneş	Güneş, Niyazi	M
TR	NiyaziNefi.Kara	Kara, Niyazi Nefi	M
TR	Numan.Kurtulmuş	Kurtulmuş, Numan	M
TR	Nuran.İmir	İmir, Nuran	F
TR	Nurcan.Dalbudak	Dalbudak, Nurcan	F
TR	Nurdan.Şanlı	Şanlı, Nurdan	F
TR	Nureddin.Nebati	Nebati, Nureddin	M
TR	Nurettin.Aras	Aras, Nurettin	M
TR	Nurettin.Canikli	Canikli, Nurettin	M
TR	Nurettin.Demir	Demir, Nurettin	M
TR	Nurettin.Yaşar	Yaşar, Nurettin	M
TR	NurettinNebati	Nebati, Nurettin	-
TR	Nurhayat.Altaca	Altaca Kayışoğlu, Nurhayat	F
TR	Nuri.Okutan	Okutan, Nuri	M
TR	Nursel.Aydoğan	Aydoğan, Nursel	F
TR	Nursel.Reyhanlıoğlu	Reyhanlıoğlu, Nursel	F
TR	Nusret.Bayraktar	Bayraktar, Nusret	M
TR	Nusrettin.Maçin	Maçin, Nusrettin	M
TR	Nükhet.Hotar	Hotar, Fatma Seniha Nükhet	F
TR	Okan.Gaytancıoğlu	Gaytancıoğlu, Okan	M
TR	Oktay.Saral	Saral, Oktay	M
TR	Oktay.Vural	Vural, Oktay	M
TR	Oktay.Çanak	Çanak, Oktay	M
TR	Oktay.Öztürk	Öztürk, Oktay	M
TR	Olcay.Kılavuz	Kılavuz, Olcay	M
TR	Onursal.Adıgüzel	Adıgüzel, Onursal	M
TR	Orhan.Atalay	Atalay, Orhan	M
TR	Orhan.Deligöz	Deligöz, Orhan	M
TR	Orhan.Düzgün	Düzgün, Orhan	M
TR	Orhan.Erdem	Erdem, Orhan	M
TR	Orhan.Karasayar	Karasayar, Orhan	M
TR	Orhan.Kırcalı	Kırcalı, Orhan	M
TR	Orhan.Miroğlu	Miroğlu, Orhan	M
TR	Orhan.Sarıbal	Sarıbal, Orhan	M
TR	Orhan.Sümer	Sümer, Orhan	M
TR	Orhan.Yegin	Yegin, Orhan	M
TR	Orhan.Çakırlar	Çakırlar, Orhan	M
TR	OrmanVeSuİşleriBakanVeyselEroğlu	Eroğlu, Orman Ve Su İşleri Bakan Veysel	-
TR	Osman.Aydın	Aydın, Osman	M
TR	Osman.Baydemir	Baydemir, Osman	M
TR	Osman.Boyraz	Boyraz, Osman	M
TR	Osman.Can	Can, Osman	M
TR	Osman.Kahveci	Kahveci, Osman	M
TR	Osman.Kaptan	Kaptan, Osman	M
TR	Osman.Mesten	Mesten, Osman	M
TR	Osman.Çakır1964	Çakır, Osman	M
TR	Osman.Ören	Ören, Osman	M
TR	OsmanAşkın.Bak	Bak, Osman Aşkın	M
TR	OsmanFaruk.Loğoğlu	Loğoğlu, Osman Faruk	M
TR	OsmanNuri.Gülaçar	Gülaçar, Osman Nuri	M
TR	OsmanOktay.Ekşi	Ekşi, Osman Oktay	M
TR	OsmanTaney.Korutürk	Korutürk, Osman Taney	M
TR	Oya.Eronat	Eronat, Oya	F
TR	Oya.Ersoy	Ersoy, Oya	F
TR	OyaOyaErsoy	Ersoy, Oya Oya	-
TR	Oğuz.Oyan	Oyan, Oğuz	M
TR	OğuzKaan.Salıcı	Salıcı, Oğuz Kaan	M
TR	OğuzKağan.Köksal	Köksal, Oğuz Kağan	M
TR	Oğuzhan.Kaya	Kaya, Oğuzhan	M
TR	PakizeMutlu.Aydemir	Aydemir, Pakize Mutlu	F
TR	Pelin.GündeşBakır	Gündeş Bakır, Pelin	F
TR	Pero.Dundar	Dundar, Pero	F
TR	Pervin.Buldan	Buldan, Pervin	F
TR	Polat.Türkmen	Türkmen, Polat	M
TR	Polat.Şaroğlu	Şaroğlu, Polat	M
TR	Radiye.Sezer	Sezer Katırcıoğlu, Radiye	F
TR	Rafet.Sezen	Sezen, Rafet	M
TR	Rafet.Zeybek	Zeybek, Rafet	M
TR	RahmiAşkın.Türeli	Türeli, Rahmi Aşkın	M
TR	Ramazan.Can	Can, Ramazan	M
TR	Ramazan.Kaşlı	Kaşlı, Ramazan	M
TR	RamazanKerim.Özkan	Özkan, Ramazan Kerim	M
TR	Ramis.Topal	Topal, Ramis	M
TR	Ravza.Kavakcı	Kavakcı Kan, Ravza	F
TR	RazamanCan	Can, Razaman	-
TR	RazamanKerimÖzkan	Özkan, Razaman Kerim	-
TR	Recai.Berber	Berber, Recai	M
TR	Recep.Akdağ	Akdağ, Recep	M
TR	Recep.Gürkan	Gürkan, Recep	M
TR	Recep.Konuk	Konuk, Recep	M
TR	Recep.Uncuoğlu	Uncuoğlu, Recep	M
TR	Recep.Özel1969	Özel, Recep	M
TR	Recep.Şeker	Şeker, Recep	M
TR	RecepTayyip.Erdoğan	Erdoğan, Recep Tayyip	M
TR	Refik.Eryılmaz	Eryılmaz, Refik	M
TR	Refik.Özen	Özen, Refik	M
TR	Remziye.Tosun	Tosun, Remziye	F
TR	Reşat.Doğru	Doğru, Reşat	M
TR	Reşat.Petek	Petek, Reşat	M
TR	Reşit.Polat	Polat, Reşit	M
TR	Rizgin.Birlik	Birlik, Rizgin	M
TR	Ruhi.Açıkgöz	Açıkgöz, Ruhi	M
TR	Ruhi.Ersoy	Ersoy, Ruhi	M
TR	Ruhsar.Demirel	Demirel, Ruhsar	F
TR	Ruhsar.Pekcan	Pekcan, Ruhsar	F
TR	Rümeysa.Kadak	Kadak, Rümeysa	F
TR	Rıdvan.Turan	Turan, Rıdvan	M
TR	Rıfat.Sait	Sait, Rıfat	M
TR	Rıza.Posacı	Posacı, Rıza	M
TR	Rıza.Türmen	Türmen, Rıza	M
TR	S.SüleymanKorkmaz	Korkmaz, S. Süleyman	-
TR	Saadet.Becerekli	Becerekli, Saadet	F
TR	Sabahat.Akkiraz	Akkiraz, Sabahat	F
TR	Sabahat.ÖzgürsoyÇelik	Özgürsoy Çelik, Sabahat	F
TR	Sabri.Öztürk	Öztürk, Sabri	M
TR	Sadir.Durmaz	Durmaz, Sadir	M
TR	Sadullah.Ergin	Ergin, Sadullah	M
TR	Sadık.Badak	Badak, Sadık	M
TR	Sadık.Yakut	Yakut, Sadık	M
TR	Saffet.Sancaklı	Sancaklı, Saffet	M
TR	Safiye.Seymenoğlu	Seymenoğlu, Safiye	F
TR	Said.Yüce	Yüce, Said	M
TR	Sait.Dede	Dede, Sait	M
TR	Sakine.Öz	Öz, Sakine	F
TR	Salih.Cora	Cora, Salih	M
TR	Salih.Fırat	Fırat, Salih	M
TR	Salih.Kapusuz	Kapusuz, Salih	M
TR	Salih.Koca	Koca, Salih	M
TR	Salih.Çetinkaya	Çetinkaya, Salih	M
TR	SalihaSera.Kadıgil	Kadıgil Sütlü, Saliha Sera	F
TR	Salihe.Aydeniz	Aydeniz, Salihe	F
TR	Salim.Uslu	Uslu, Salim	M
TR	Salim.Çivitcioğlu	Çivitcioğlu, Salim	M
TR	Sami.Dedeoğlu	Dedeoğlu, Sami	M
TR	Sami.Çakır	Çakır, Sami	M
TR	SayınOğuzKaanSalıcı	Salıcı, Sayın Oğuz Kaan	-
TR	SağlıkBakanMehmetMüezzinoğlu	Müezzinoğlu, Sağlık Bakan Mehmet	-
TR	Sebahat.Tuncel	Tuncel, Sebahat	F
TR	Sebahattin.Karakelle	Karakelle, Sebahattin	M
TR	Sebahattin.Öztürk	Öztürk, Sebahattin	M
TR	Sedef.Küçük	Küçük, Sedef	F
TR	Sefer.Aycan	Aycan, Sefer	M
TR	Selahattin.Karaahmetoğlu	Karaahmetoğlu, Selahattin	M
TR	Selahattin.Minsolmaz	Minsolmaz, Selahattin	M
TR	Selami.Altınok	Altınok, Selami	M
TR	Selim.Dursun	Dursun, Selim	M
TR	Selim.Gültekin	Gültekin, Selim	M
TR	Selim.Yağcı	Yağcı, Selim	M
TR	Selin.SayekBöke	Sayek Böke, Selin	F
TR	Selina.Doğan	Özuzun Doğan, Selina	F
TR	Selma.Irmak	Irmak, Selma	F
TR	Selman.Özboyacı	Özboyacı, Selman	M
TR	SelmanOğuzhan.Eser	Eser, Selman Oğuzhan	M
TR	Selçuk.Özdağ	Özdağ, Ahmet Selçuk	M
TR	Sema.Kırcı	Kırcı, Sema	F
TR	Sema.Ramazanoğlu	Ramazanoğlu, Sema	F
TR	Semiha.Ekinci	Ekinci, Semiha	F
TR	Semiha.Öyüş	Öyüş, Semiha	F
TR	Semra.Güzel	Güzel, Semra	F
TR	Semra.KaplanKıvırcık	Kaplan Kıvırcık, Semra	F
TR	Sena.Kaleli	Kaleli, Sena	F
TR	SenaNur.Çelik	Çelik, Sena Nur	F
TR	Serap.Yaşar	Yaşar, Serap	F
TR	Serdal.Kuyucuoğlu	Kuyucuoğlu, Serdal	M
TR	Serkan.Bayram	Bayram, Serkan	M
TR	Serkan.Topal	Topal, Serkan	M
TR	Sermet.Atay	Atay, Sermet	M
TR	Sermin.Balık	Balık, Sermin	F
TR	Serpil.Kemalbay	Kemalbay Pekgözegü, Serpil	F
TR	SerpilKemalPekgözegü	Pekgözegü, Serpil Kemal	-
TR	Servet.Ünsal	Ünsal, Servet	M
TR	Sevda.BayazıtKaçar	Bayazıt Kaçar, Sevda	F
TR	Sevda.ErdanKılıç	Erdan Kılıç, Sevda	F
TR	Sevim.Savaşer	Savaşer, Sevim	F
TR	Seyfettin.Yılmaz	Yılmaz, Seyfettin	M
TR	Seyit.Eyyüpoğlu	Eyyüpoğlu, Seyit	M
TR	Seyit.Sertçelik	Sertçelik, Seyit	M
TR	Seyit.Torun	Torun, Seyit	M
TR	Sezai.Temelli	Temelli, Sezai	M
TR	SiAbdullahNejatKoçer	Koçer, Si Abdullah Nejat	-
TR	SiCemalÖztürk	Öztürk, Si Cemal	-
TR	SiHüseyinÖzbakır	Özbakır, Si Hüseyin	-
TR	SiMuratAlparslan	Alparslan, Si Murat	-
TR	SiYılmazTunç	Tunç, Si Yılmaz	-
TR	Sibel.Yiğitalp	Yiğitalp, Sibel	F
TR	Sibel.Özdemir	Özdemir, Sibel	F
TR	Sinan.Oğan	Oğan, Sinan	M
TR	SinanAydın.Aygün	Aygün, Sinan Aydın	M
TR	Soner.Aksoy	Aksoy, Soner	M
TR	Suat.Kılıç	Kılıç, Suat	M
TR	Suat.Önal	Önal, Suat	M
TR	Suat.Özcan	Özcan, Suat	M
TR	Suzan.Şahin	Şahin, Suzan	F
TR	Süleyman.Bülbül	Bülbül, Süleyman	M
TR	Süleyman.Girgin	Girgin, Süleyman	M
TR	Süleyman.Karaman	Karaman, Süleyman	M
TR	Süleyman.Soylu	Soylu, Süleyman	M
TR	Süleyman.Çelebi1953	Çelebi, Süleyman	M
TR	SüleymanNevzat.Korkmaz	Korkmaz, Süleyman Nevzat	M
TR	SüleymanSencer.Ayata	Ayata, Süleyman Sencer	M
TR	Sümer.Oral	Oral, Sümer	M
TR	SüreyyaSadi.Bilgiç	Bilgiç, Süreyya Sadi	M
TR	SürreyaSadiBilgiç	Bilgiç, Sürreya Sadi	-
TR	Sıdık.Taş	Taş, Sıdık	M
TR	Sırrı.Sakık	Sakık, Sırrı	M
TR	SırrıSüreyya.Önder	Önder, Sırrı Süreyya	M
TR	SırrıSüreyyaBilgiç	Bilgiç, Sırrı Süreyya	-
TR	Sıtkı.Güvenç	Güvenç, Sıtkı	M
TR	Tacettin.Bayır	Bayır, Tacettin	M
TR	Taha.Özhan	Özhan, Taha	M
TR	Tahir.Akyürek	Akyürek, Tahir	M
TR	Tahir.Öztürk	Öztürk, Tahir	M
TR	Tahsin.Tarhan	Tarhan, Tahsin	M
TR	TalhaErol.Durmaz	Durmaz, Talha Erol	M
TR	Talip.Küçükcan	Küçükcan, Talip	M
TR	Tamer.Akkal	Akkal, Tamer	M
TR	Tamer.Dağlı	Dağlı, Tamer	M
TR	Tamer.Osmanağaoğlu	Osmanağaoğlu, Tamer	M
TR	Taner.Yıldız	Yıldız, Taner	M
TR	Tanju.Özcan	Özcan, Tanju	M
TR	Tayip.Temel	Temel, Tayip	M
TR	TbmmİdareAmiriSalimUslu	Uslu, Tbmm İdare Amiri Salim	-
TR	Tekin.Bingöl	Bingöl, Tekin	M
TR	Temel.Coşkun	Coşkun, Temel	M
TR	TevfikZiyaeddin.Akbulut	Akbulut, Tevfik Ziyaeddin	M
TR	Tolga.Çandar	Çandar, Tolga	M
TR	Tuba.VuralÇokal	Vural Çokal, Tuba	F
TR	Tufan.Köse	Köse, Tufan	M
TR	Tulay.Hatımoğulları	Hatımoğulları Oruç, Tulay	F
TR	TulayHatimoğlullarıOruç	Oruç, Tulay Hatimoğlulları	-
TR	Tuma.Çelik	Çelik, Tuma	M
TR	Tunca.Toskay	Toskay, Tunca	M
TR	Tur.YıldızBiçer	Yıldız Biçer, Tur	F
TR	Turan.Aydoğan	Aydoğan, Turan	M
TR	Turgay.Develi	Develi, Turgay	M
TR	Turgut.Dibek	Dibek, Turgut	M
TR	Turhan.Tayan	Tayan, Turhan	M
TR	Tuğba.Hezer	Hezer Öztürk, Tuğba	F
TR	TuğbaHazelÖztürk	Öztürk, Tuğba Hazel	-
TR	TuğbaHerezÖztürk	Öztürk, Tuğba Herez	-
TR	Tülay.Babuşcu	Babuşcu, Tülay	F
TR	Tülay.Bakır	Bakır, Tülay	F
TR	Tülay.Kaynarca	Kaynarca, Tülay	F
TR	Tülay.Selamoğlu	Selamoğlu, Tülay	F
TR	TülayKaraca	Karaca, Tülay	-
TR	Tülin.ErkalKara	Erkal Kara, Tülin	F
TR	Türabi.Kayan	Kayan, Türabi	M
TR	Türkan.Dağoğlu	Dağoğlu, Türkan	F
TR	TürkiyeCumhuriyetiHükümetiVeKazakistanCumhuriyetiHükümetiArasındaHocaAhmetYeseviUluslararasıTürk	Türk, Türkiye Cumhuriyeti Hükümeti Ve Kazakistan Cumhuriyeti Hükümeti Arasında Hoca Ahmet Yesevi Uluslararası	-
TR	Ulaş.Karasu	Karasu, Ulaş	M
TR	Umut.Oran	Oran, Umut	M
TR	Utku.Çakırözer	Çakırözer, Utku	M
TR	Uğur.Aydemir	Aydemir, Uğur	M
TR	Uğur.Bayraktutan	Bayraktutan, Uğur	M
TR	Vahap.Seçer	Seçer, Vahap	M
TR	Vahit.Kiler	Kiler, Vahit	M
TR	Vecdi.Gündoğdu	Gündoğdu, Vecdi	M
TR	Vedat.Bayram	Bayram, Vedat	M
TR	Vedat.Bilgin	Bilgin, Vedat	M
TR	Vedat.Demiröz	Demiröz, Vedat	M
TR	VekeliSermetAtay	Atay, Vekeli Sermet	-
TR	VekiliCelal	Celal, Vekili	-
TR	Veli.Ağbaba	Ağbaba, Veli	M
TR	Veysel.Eroğlu	Eroğlu, Veysel	M
TR	Veysi.Kaynak	Kaynak, Veysi	M
TR	Vildan.YılmazGürel	Yılmaz Gürel, Vildan	F
TR	Volkan.Bozkır	Bozkır, Volkan	M
TR	Vural.Kavuncu	Kavuncu, Vural	M
TR	Yahya.Akman	Akman, Yahya	M
TR	Yakup.Akkaya	Akkaya, Yakup	M
TR	Yakup.Taş	Taş, Yakup	M
TR	Yalçın.Akdoğan	Akdoğan, Yalçın	M
TR	Yasin.Aktay	Aktay, Yasin	M
TR	Yasin.Uğur	Uğur, Yasin	M
TR	Yasin.Öztürk	Öztürk, Yasin	M
TR	Yavuz.Ağıralioğlu	Ağıralioğlu, Yavuz	M
TR	Yavuz.Ergun	Ergun, Yavuz	M
TR	Yavuz.Subaşı	Subaşı, Yavuz	M
TR	Yavuz.Temizer	Temizer, Yavuz	M
TR	YavuzDenizyılmaz	Denizyılmaz, Yavuz	-
TR	Yaşar.Karadağ	Karadağ, Yaşar	M
TR	Yaşar.Karayel	Karayel, Yaşar	M
TR	Yaşar.Kırkpınar	Kırkpınar, Yaşar	M
TR	Yaşar.Tüzün	Tüzün, Yaşar	M
TR	Yaşar.Yıldırım	Yıldırım, Yaşar	M
TR	Yelda.Erol	Erol Gökcan, Yelda	M
TR	YeldaOnurGökcan	Gökcan, Yelda Onur	-
TR	YeniMadde	Madde, Yeni	-
TR	Yunus.Emre	Emre, Yunus	M
TR	Yunus.Kılıç	Kılıç, Yunus	M
TR	Yusuf.Başer	Başer, Yusuf	M
TR	Yusuf.Beyazıt	Beyazıt, Yusuf	M
TR	Yusuf.Halaçoğlu	Halaçoğlu, Yusuf	M
TR	YusufSelahattin.Beyribey	Beyribey, Yusuf Selahattin	M
TR	YusufZiya.Yılmaz	Yılmaz, Yusuf Ziya	M
TR	YusufZiya.İrbeç	İrbeç, Yusuf Ziya	M
TR	Yücel.Bulut	Bulut, Yücel	M
TR	Yücel.Menekşe	Menekşe, Yücel	M
TR	Yüksel.Özden	Özden, Yüksel	M
TR	Yüksel.Özkan	Özkan, Yüksel	M
TR	YükselMansur.Kılınç	Kılınç, Yüksel Mansur	M
TR	Yıldıray.Sapan	Sapan, Yıldıray	M
TR	Yıldırım.Kaya	Kaya, Yıldırım	M
TR	YıldırımMehmet.Ramazanoğlu	Ramazanoğlu, Yıldırım Mehmet	M
TR	YıldırımTuğrul.Türkeş	Türkeş, Yıldırım Tuğrul	M
TR	Yıldız.Seferinoğlu	Seferinoğlu, Yıldız	M
TR	Yılmaz.Tezcan	Tezcan, Yılmaz	M
TR	Yılmaz.Tunç	Tunç, Yılmaz	M
TR	Zafer.Işık	Işık, Zafer	M
TR	Zafer.Sırakaya	Sırakaya, Zafer	M
TR	Zehra.Taşkesenlioğlu	Taşkesenlioğlu, Zehra	F
TR	ZehraTaşkenlioğlu	Taşkenlioğlu, Zehra	-
TR	ZehraTaşkesenliğioğlu	Taşkesenliğioğlu, Zehra	-
TR	Zekeriya.Birkan	Birkan, Zekeriya	M
TR	Zekeriya.Temizel	Temizel, Zekeriya	M
TR	Zeki.Aygün	Aygün, Zeki	M
TR	ZekiHakan.Sıdalı	Sıdalı, Zeki Hakan	M
TR	ZemzemGülender.Açanal	Açanal, Zemzem Gülender	F
TR	Zeyid.Aslan	Aslan, Zeyid	M
TR	Zeynel.Emre	Emre, Zeynel	M
TR	Zeynel.Özen	Özen, Zeynel	M
TR	Zeynep.Altıok	Altıok, Zeynep	F
TR	Zeynep.GülYılmaz	Gül Yılmaz, Zeynep	F
TR	Zeynep.KarahanUslu	Karahan Uslu, Zeynep	F
TR	Zeynep.Yıldız	Yıldız, Zeynep	F
TR	Zihni.Açba	Açba, Zihni	M
TR	Ziver.Özdemir	Özdemir, Ziver	M
TR	Ziya.Altunyaldız	Altunyaldız, Ziya	M
TR	Ziya.Pir	Pir, Ziya	M
TR	Ziya.Selçuk	Selçuk, Ziya	M
TR	Zühal.Topcu	Topcu, Zühal	F
TR	Züleyha.Gülüm	Gülüm, Züleyha	F
TR	Zülfikarİnönü.Tümer	Tümer, Zülfikar İnönü	M
TR	Zülfü.Demirbağ	Demirbağ, Zülfü	M
TR	ZülfüTolga.Ağar	Ağar, Zülfü Tolga	M
TR	ÇalışmaVeSosyalGüvenlikBakanFarukÇelik	Çelik, Çalışma Ve Sosyal Güvenlik Bakan Faruk	-
TR	Çağlar.Demirel	Demirel, Çağlar	F
TR	ÇağlarDemiler	Demiler, Çağlar	-
TR	Çetin.Arık	Arık, Çetin	M
TR	ÇetinOsman.Budak	Budak, Çetin Osman	M
TR	Çiğdem.ErdoğanAtabek	Erdoğan Atabek, Çiğdem	F
TR	Çiğdem.Karaaslan	Karaaslan, Çiğdem	F
TR	Çiğdem.Koncagül	Koncagül, Çiğdem	F
TR	ÇiğdemMünevver.Ökten	Ökten, Çiğdem Münevver	F
TR	Ömer.Dinçer	Dinçer, Ömer	M
TR	Ömer.Selvi	Selvi, Ömer	M
TR	Ömer.Serdar	Serdar, Ömer	M
TR	Ömer.Çelik	Çelik, Ömer	M
TR	Ömer.Öcalan	Öcalan, Ömer	M
TR	Ömer.Ünal	Ünal, Ömer	M
TR	ÖmerFaruk.Gergerlioğlu	Gergerlioğlu, Ömer Faruk	M
TR	ÖmerFaruk.Öz	Öz, Ömer Faruk	M
TR	ÖmerFethi.Gürer	Gürer, Ömer Fethi	M
TR	ÖmerSüha.Aldan	Aldan, Ömer Süha	M
TR	Önder.Matlı	Matlı, Önder	M
TR	Özcan.Purçu	Purçu, Özcan	M
TR	Özcan.Ulupınar	Ulupınar, Özcan	M
TR	Özcan.Yeniçeri	Yeniçeri, Özcan	M
TR	Özcan.Özel	Özel, Özcan	M
TR	Özdal.Üçer	Üçer, Özdal	M
TR	Özgür.Ceylan	Ceylan, Özgür	M
TR	Özgür.Karabat	Karabat, Özgür	M
TR	Özgür.Özel	Özel, Özgür	M
TR	ÖzgürÖzgür	Özgür, Özgür	-
TR	Özkan.Yalım	Yalım, Özkan	M
TR	Özlem.Yemişçi	Yemişçi, Özlem	F
TR	Özlem.Zengin	Zengin, Özlem	F
TR	Öznur.Çalık	Çalık, Öznur	F
TR	Öztürk.Yılmaz	Yılmaz, Öztürk	M
TR	Ülker.Can	Can, Ülker	F
TR	Ülker.Güzel	Güzel, Ülker	F
TR	Ümit.Beyaz	Beyaz, Ümit	M
TR	Ümit.Dikbayır	Dikbayır, Ümit	M
TR	Ümit.Yılmaz	Yılmaz, Ümit	M
TR	Ümit.Özdağ	Özdağ, Ümit	M
TR	Ümit.Özgümüş	Özgümüş, Ümit	M
TR	Ünal.Demirtaş	Demirtaş, Ünal	M
TR	Ünal.Kacır	Kacır, Ünal	M
TR	İbharimAydemir	Aydemir, İbharim	-
TR	İbrahim.Aydemir	Aydemir, İbrahim	M
TR	İbrahim.Aydın	Aydın, İbrahim	M
TR	İbrahim.Ayhan	Ayhan, İbrahim	M
TR	İbrahim.Binici	Binici, İbrahim	M
TR	İbrahim.Korkmaz	Korkmaz, İbrahim	M
TR	İbrahim.Yiğit	Yiğit, İbrahim	M
TR	İbrahim.Yurdunuseven	Yurdunuseven, İbrahim	M
TR	İbrahim.Özdiş	Özdiş, İbrahim	M
TR	İbrahim.Özyavuz	Özyavuz, İbrahim	M
TR	İbrahimEthem.Sedef	Sedef, İbrahim Ethem	M
TR	İbrahimHalil.Fırat	Fırat, İbrahim Halil	M
TR	İbrahimHalil.Mazıcıoğlu	Mazıcıoğlu, İbrahim Halil	M
TR	İbrahimHalil.Oral	Oral, İbrahim Halil	M
TR	İbrahimHalil.Yıldız	Yıldız, İbrahim Halil	M
TR	İbrahimMustafa.Turhan	Turhan, İbrahim Mustafa	M
TR	İbrahimÖzden.Kaboğlu	Kaboğlu, İbrahim Özden	M
TR	İdris.Bal	Bal, İdris	M
TR	İdris.Baluken	Baluken, İdris	M
TR	İdris.Güllüce	Güllüce, İdris	M
TR	İdris.Yıldız	Yıldız, İdris	M
TR	İdris.Şahin	Şahin, İdris	M
TR	İdrisNaim.Şahin	Şahin, İdris Naim	M
TR	İffet.Polat	Polat, İffet	F
TR	İhsan.Barutçu	Barutçu, İhsan	M
TR	İhsan.Özkes	Özkes, İhsan	M
TR	İhsan.Şener	Şener, İhsan	M
TR	İhsanşener	İhsanşener, ???	-
TR	İlhamiÖzcan.Aygun	Aygun, İlhami Özcan	M
TR	İlhan.Cihaner	Cihaner, İlhan	M
TR	İlhan.Demiröz	Demiröz, İlhan	M
TR	İlhan.Kesici	Kesici, İlhan	M
TR	İlhan.Yerlikaya	Yerlikaya, İlhan	M
TR	İlhan.İşbilen	İşbilen, İlhan	M
TR	İlhanŞener	Şener, İlhan	-
TR	İlknur.Denizli	Denizli, İlknur	F
TR	İlknur.İnceöz	İnceöz, İlknur	F
TR	İlyas.Şeker	Şeker, İlyas	M
TR	İmam.Taşçıer	Taşçıer, İmam	M
TR	İmamHüseyin.Filiz	Filiz, İmam Hüseyin	M
TR	İmran.Kılıç	Kılıç, İmran	M
TR	İrfan.Bakır	Bakır, İrfan	M
TR	İrfan.Kaplan	Kaplan, İrfan	M
TR	İrfan.Kartal	Kartal, İrfan	M
TR	İsa.Gök	Gök, İsa	M
TR	İshak.Gazel	Gazel, İshak	M
TR	İsmail.Aydın1971	Aydın, İsmail	M
TR	İsmail.Bilen	Bilen, İsmail	M
TR	İsmail.Güneş	Güneş, İsmail	M
TR	İsmail.Kahraman	Kahraman, İsmail	M
TR	İsmail.Kaya	Kaya, İsmail	M
TR	İsmail.Kaşdemir	Kaşdemir, İsmail	M
TR	İsmail.Koncuk	Koncuk, İsmail	M
TR	İsmail.Ok	Ok, İsmail	M
TR	İsmail.Safi	Safi, İsmail	M
TR	İsmail.Tamer	Tamer, İsmail	M
TR	İsmail.Tatlıoğlu	Tatlıoğlu, İsmail	M
TR	İsmail.Özdemir	Özdemir, İsmail	M
TR	İsmailAtakan.Ünver	Ünver, İsmail Atakan	M
TR	İsmailDemir	Demir, İsmail	-
TR	İsmailEmrah.Karayel	Karayel, İsmail Emrah	M
TR	İsmailFaruk.Aksu	Aksu, İsmail Faruk	M
TR	İsmailTunç	Tunç, İsmail	-
TR	İsmet.Büyükataman	Büyükataman, İsmet	M
TR	İsmet.Su	Su, İsmet	M
TR	İsmet.Tokdemir	Tokdemir, İsmet	M
TR	İsmet.Uçma	Uçma, İsmet	M
TR	İsmet.Yılmaz	Yılmaz, İsmet	M
TR	İsrafil.Kışla	Kışla, İsrafil	M
TR	İsraifKışla	Kışla, İsraif	-
TR	İzzet.Çetin	Çetin, İzzet	M
TR	İzzetUlvi.Yönter	Yönter, İzzet Ulvi	M
TR	İçişleriBakanSüleymanSoylu	Soylu, İçişleri Bakan Süleyman	-
TR	İçişleriBakaniSüleymanSoylu	Soylu, İçişleri Bakani Süleyman	-
TR	İçişleriBakaniİdrisNaimŞahin	Şahin, İçişleri Bakani İdris Naim	-
TR	Şaban.Dişli	Dişli, Şaban	M
TR	Şafak.Pavey	Pavey, Şafak	F
TR	Şahap.Kavcıoğlu	Kavcıoğlu, Şahap	M
TR	Şahin.Tin	Tin, Şahin	M
TR	Şamil.Ayrım	Ayrım, Şamil	M
TR	Şamil.Tayyar	Tayyar, Şamil	M
TR	Şefkat.Çetin	Çetin, Şefkat	M
TR	Şenal.Sarıhan	Sarıhan, Şenal	F
TR	Şenel.Yediyıldız	Yediyıldız, Şenel	M
TR	Şenol.Gürşan	Gürşan, Şenol	M
TR	Şenol.Sunat	Sunat, Şenol	F
TR	Şerafettin.Turpcu	Turpcu, Şerafettin	M
TR	Şeref.Malkoç	Malkoç, Şeref	M
TR	Şevin.Coşkun	Coşkun, Şevin	F
TR	Şeyhmus.Dinçel	Dinçel, Şeyhmus	M
TR	Şirin.Ünal	Ünal, Şirin	M
TR	Şuay.Alpay	Alpay, Şuay	M
TR	ŞükranGüldal.Mumcu	Mumcu, Şükran Güldal	F
TR	Şükrü.Ayalan	Ayalan, Şükrü	M
