Country	SpeakerID	Name	Sex	
PL	AbramowiczAdam	Abramowicz, Adam	M
PL	AbramowiczZbigniew	Abramowicz, Zbigniew	M
PL	AdamczakAlicja	Adamczak, Alicja	F
PL	AdamczykAndrzej	Adamczyk, Andrzej	M
PL	AdamczykRafał	Adamczyk, Rafał	M
PL	AdamiecTadeusz	Adamiec, Tadeusz	M
PL	AdamowiczPiotr	Adamowicz, Piotr	M
PL	Administracjii	Administracji, i	M
PL	AjchlerRomuald	Ajchler, Romuald	M
PL	AjchlerZbigniew	Ajchler, Zbigniew	M
PL	AmbrozikRafał	Ambrozik, Rafał	M
PL	AncyparowiczMaria	Ancyparowicz, Maria	F
PL	AndersAnnaMaria	Anders, Maria	F
PL	AndruszkiewiczAdam	Andruszkiewicz, Adam	M
PL	AndzelWaldemar	Andzel, Waldemar	M
PL	AniśkoTomasz	Aniśko, Tomasz	M
PL	ApelPiotr	Apel, Piotr	M
PL	Arciszewska-MielewczykDorota	Arciszewska-Mielewczyk, Dorota	F
PL	ArdanowskiJan	Ardanowski, Jan	M
PL	ArdanowskiKrzysztof	Ardanowski, Krzysztof	M
PL	ArentIwona	Arent, Iwona	F
PL	ArndtPaweł	Arndt, Paweł	M
PL	ArłukowiczBartosz	Arłukowicz, Bartosz	M
PL	AstMarek	Ast, Marek	M
PL	AugustMieczysław	August, Mieczysław	M
PL	AugustynMieczysław	Augustyn, Mieczysław	M
PL	AugustynMieczyław	Augustyn, Mieczyław	M
PL	AugustynUrszula	Augustyn, Urszula	F
PL	AugustynaMieczysław	Augustyna, Mieczysław	M
PL	AugustynowskaJoanna	Augustynowska, Joanna	F
PL	AziewiczTadeusz	Aziewicz, Tadeusz	M
PL	BabalskiZbigniew	Babalski, Zbigniew	M
PL	BabiarzPiotr	Babiarz, Piotr	M
PL	BabinetzPiotr	Babinetz, Piotr	M
PL	BadoraMaciej	Badora, Maciej	M
PL	BakunWojciech	Bakun, Wojciech	M
PL	BanasiukJoanna	Banasiuk, Joanna	F
PL	BanaśMarcin	Banaś, Marcin	M
PL	BanaśMarian	Banaś, Marian	M
PL	BandoMaciej	Bando, Maciej	M
PL	BaranowskiHenryk	Baranowski, Henryk	M
PL	BartosiewiczMarzena	Bartosiewicz, Marzena	F
PL	BartosikRyszard	Bartosik, Ryszard	M
PL	BartoszewskiWładysław	Bartoszewski, Władysław	M
PL	BartuśBarbara	Bartuś, Barbara	F
PL	BaszkoMieczysław	Baszko, Mieczysław	M
PL	Baziak-JankowskaJolanta	Baziak-Jankowska, Jolanta	F
PL	BańkaWitold	Bańka, Witold	M
PL	BańkowskiPaweł	Bańkowski, Paweł	M
PL	BašićRamiz	Bašić, Ramiz	M
PL	BejdaErnest	Bejda, Ernest	M
PL	BejdaPaweł	Bejda, Paweł	M
PL	BekJoanna	Bek, Joanna	F
PL	BerkowiczKonrad	Berkowicz, Konrad	M
PL	BernackiWłodzimierz	Bernacki, Włodzimierz	M
PL	BiałkowskaAnna	Białkowska, Anna	F
PL	BiałkowskiJan	Białkowski, Jan	M
PL	BiedaHalina	Bieda, Halina	F
PL	BiejatMagdalena	Biejat, Magdalena	F
PL	Bielak-JomaaEdyta	Bielak-Jomaa, Edyta	F
PL	BielanAdam	Bielan, Adam	M
PL	BieleckiGrzegorz	Bielecki, Grzegorz	M
PL	BieleckiJerzy	Bielecki, Jerzy	M
PL	BiereckiGrzegorz	Bierecki, Grzegorz	M
PL	BiernackiMarek	Biernacki, Marek	M
PL	BiernatZbigniew	Biernat, Zbigniew	M
PL	BittelAndrzej	Bittel, Andrzej	M
PL	BoberRyszard	Bober, Ryszard	M
PL	BobkoAleksander	Bobko, Aleksander	M
PL	BochenekMateusz	Bochenek, Mateusz	M
PL	BochenekRafał	Bochenek, Rafał	M
PL	BochniarzHenryka	Bochniarz, Henryka	F
PL	BochwicTeresa	Bochwic, Teresa	F
PL	BodnarAdam	Bodnar, Adam	M
PL	BoguckiJacek	Bogucki, Jacek	M
PL	BojanowskaElżbieta	Bojanowska, Elżbieta	F
PL	BonisławskiRyszard	Bonisławski, Ryszard	M
PL	BonkowskiWaldemar	Bonkowski, Waldemar	M
PL	BorowczakJerzy	Borowczak, Jerzy	M
PL	BorowiakJoanna	Borowiak, Joanna	F
PL	BorowiecAgata	Borowiec, Agata	F
PL	BorowskaElżbieta	Borowska, Elżbieta	F
PL	BorowskiMarek	Borowski, Marek	M
PL	BortniczukKamil	Bortniczuk, Kamil	M
PL	BorusewiczBogdan	Borusewicz, Bogdan	M
PL	Borys-SzopaBożena	Borys-Szopa, Bożena	F
PL	BorysDamięckaBarbara	Borys-Damięcka, Barbara	F
PL	BorysPiotr	Borys, Piotr	M
PL	BosackiMarcin	Bosacki, Marcin	M
PL	BosakKrzysztof	Bosak, Krzysztof	M
PL	BraunGrzegorz	Braun, Grzegorz	M
PL	BrejzaKrzysztof	Brejza, Krzysztof	M
PL	BroniarzSławomir	Broniarz, Sławomir	M
PL	BrudzińskiJoachim	Brudziński, Joachim	M
PL	BrynkusJózef	Brynkus, Józef	M
PL	BrzezickiPaweł	Brzezicki, Paweł	M
PL	BubulaBarbara	Bubula, Barbara	F
PL	BuczakWojciech	Buczak, Wojciech	M
PL	BudaWaldemar	Buda, Waldemar	M
PL	BudkaBorys	Budka, Borys	M
PL	BudnerMargareta	Budner, Margareta	F
PL	BujaraAlfred	Bujara, Alfred	M
PL	BukWanda	Buk, Wanda	F
PL	BukiewiczBożenna	Bukiewicz, Bożenna	F
PL	BuryJacek	Bury, Jacek	M
PL	BurzyńskaLidia	Burzyńska, Lidia	F
PL	BużWiesław	Buż, Wiesław	M
PL	BąkDariusz	Bąk, Dariusz	M
PL	BąkiewiczRobert	Bąkiewicz, Robert	M
PL	BłaszczakMariusz	Błaszczak, Mariusz	M
PL	BłaszczykPrzemysław	Błaszczyk, Przemysław	M
PL	BłeńskaMagdalena	Błeńska, Magdalena	F
PL	CelińskiMarcin	Celiński, Marcin	M
PL	ChmielMałgorzata	Chmiel, Małgorzata	F
PL	ChmielowiecBartłomiej	Chmielowiec, Bartłomiej	M
PL	ChmielowiecZbigniew	Chmielowiec, Zbigniew	M
PL	ChodkiewiczMarek	Chodkiewicz, Marek	M
PL	ChodkowskiMichał	Chodkowski, Michał	M
PL	ChomaKazimierz	Choma, Kazimierz	M
PL	ChorosińskaDominika	Chorosińska, Dominika	F
PL	ChorążyPaweł	Chorąży, Paweł	M
PL	ChrobakBarbara	Chrobak, Barbara	F
PL	ChruszczSylwester	Chruszcz, Sylwester	M
PL	ChrzanowskiMarek	Chrzanowski, Marek	M
PL	ChróścikowakiJerzy	Chróścikowaki, Jerzy	M
PL	ChróścikowskiJerzy	Chróścikowski, Jerzy	M
PL	ChwałekSebastian	Chwałek, Sebastian	M
PL	ChybickaAlicja	Chybicka, Alicja	F
PL	CichockiBartosz	Cichocki, Bartosz	M
PL	CicholskaAnna	Cicholska, Anna	F
PL	CichomskiMariusz	Cichomski, Mariusz	M
PL	CichoszLucjan	Cichosz, Lucjan	M
PL	CichońJanusz	Cichoń, Janusz	M
PL	CichońZbigniew	Cichoń, Zbigniew	M
PL	CichyMarcin	Cichy, Marcin	M
PL	CiebiadaKrzysztof	Ciebiada, Krzysztof	M
PL	CieszyńskiJanusz	Cieszyński, Janusz	M
PL	CieślakMichał	Cieślak, Michał	M
PL	CieślińskiPiotr	Cieśliński, Piotr	M
PL	CimoszewiczTomasz	Cimoszewicz, Tomasz	M
PL	CiurzyńskaGrażyna	Ciurzyńska, Grażyna	F
PL	CreţuCorina	Creţu, Corina	F
PL	CybulskiPaweł	Cybulski, Paweł	M
PL	CymańskiTadeusz	Cymański, Tadeusz	M
PL	CyrańskiAdam	Cyrański, Adam	M
PL	CzabańskiKrzysztof	Czabański, Krzysztof	M
PL	CzaputowiczJacek	Czaputowicz, Jacek	M
PL	CzarneckiAdam	Czarnecki, Adam	M
PL	CzarneckiKrzysztof	Czarnecki, Krzysztof	M
PL	CzarneckiPrzemysław	Czarnecki, Przemysław	M
PL	CzarneckiWitold	Czarnecki, Witold	M
PL	CzarnekPrzemysław	Czarnek, Przemysław	M
PL	CzarnobajLeszczek	Czarnobaj, Leszczek	M
PL	CzarnobajLeszek	Czarnobaj, Leszek	M
PL	CzartoryskiArkadiusz	Czartoryski, Arkadiusz	M
PL	CzarzastyWłodzimierz	Czarzasty, Włodzimierz	M
PL	CzechAnna	Czech, Anna	F
PL	CzechMarcin	Czech, Marcin	M
PL	CzelejGrzegorz	Czelej, Grzegorz	M
PL	CzerkawskiWacław	Czerkawski, Wacław	M
PL	CzerniakJacek	Czerniak, Jacek	M
PL	CzernowZofia	Czernow, Zofia	F
PL	CzerwińskaAnita	Czerwińska, Anita	F
PL	CzerwińskaTeresa	Czerwińska, Teresa	F
PL	CzerwińskiAndrzej	Czerwiński, Andrzej	M
PL	CzerwińskiBogusław	Czerwiński, Bogusław	M
PL	CzerwińskiJerzy	Czerwiński, Jerzy	M
PL	CzocharaKatarzyna	Czochara, Katarzyna	F
PL	CzudowskaDorota	Czudowska, Dorota	F
PL	CzykwinEugeniusz	Czykwin, Eugeniusz	M
PL	DajczakWładysław	Dajczak, Władysław	M
PL	DalkowskaAnna	Dalkowska, Anna	F
PL	DamięckaBorys	Damięcka, Borys	M
PL	DardzińskiPiotr	Dardziński, Piotr	M
PL	DaszczyńskiJanusz	Daszczyński, Janusz	M
PL	DeraAndrzej	Dera, Andrzej	M
PL	Dmowska-AndrzejukDanuta	Dmowska-Andrzejuk, Danuta	F
PL	DobkowskiWiesław	Dobkowski, Wiesław	M
PL	DobrzyńskiJan	Dobrzyński, Jan	M
PL	DobrzyńskiJerzy	Dobrzyński, Jerzy	M
PL	DobrzyńskiLeszek	Dobrzyński, Leszek	M
PL	DolataZbigniew	Dolata, Zbigniew	M
PL	DolniakBarbara	Dolniak, Barbara	F
PL	Domagalski-ŁabędzkiRadosław	Domagalski-Łabędzki, Radosław	M
PL	DorywalskiBartłomiej	Dorywalski, Bartłomiej	M
PL	DowhanRobert	Dowhan, Robert	M
PL	Dowiat-UrbańskiDobrosław	Dowiat-Urbański, Dobrosław	M
PL	DrabMarzenna	Drab, Marzenna	F
PL	DrabekPrzemysław	Drabek, Przemysław	M
PL	DrachalJanusz	Drachal, Janusz	M
PL	DrausJan	Draus, Jan	M
PL	DrozdEwa	Drozd, Ewa	F
PL	DudaAndrzej	Duda, Andrzej	M
PL	DudaAntoni	Duda, Antoni	M
PL	DudaElżbieta	Duda, Elżbieta	F
PL	DudaJan	Duda, Jan	M
PL	DudaJarosław	Duda, Jarosław	M
PL	DudaPiotr	Duda, Piotr	M
PL	DudekAntoni	Dudek, Antoni	M
PL	DudzińskaMaria	Dudzińska, Maria	F
PL	DuninArtur	Dunin, Artur	M
PL	DurlakWiktor	Durlak, Wiktor	M
PL	DuszekMarcin	Duszek, Marcin	M
PL	DutkiewiczKatarzyna	Dutkiewicz, Katarzyna	F
PL	DworakJan	Dworak, Jan	M
PL	DworczykMichał	Dworczyk, Michał	M
PL	DybekTomasz	Dybek, Tomasz	M
PL	DyduchMarek	Dyduch, Marek	M
PL	DziadzioPiotr	Dziadzio, Piotr	M
PL	DziamborArtur	Dziambor, Artur	M
PL	DziedzicPiotr	Dziedzic, Piotr	M
PL	DziedziczakJan	Dziedziczak, Jan	M
PL	Dziemianowicz-BąkAgnieszka	Dziemianowicz-Bąk, Agnieszka	F
PL	DzierżawskiMariusz	Dzierżawski, Mariusz	M
PL	DzikowskiWaldy	Dzikowski, Waldy	M
PL	DziubaTadeusz	Dziuba, Tadeusz	M
PL	DziukBarbara	Dziuk, Barbara	F
PL	DąbrowskaAlicja	Dąbrowska, Alicja	F
PL	DąbrowskiMarek	Dąbrowski, Marek	M
PL	DąbrowskiTomasz	Dąbrowski, Tomasz	M
PL	DębowskiRafał	Dębowski, Rafał	M
PL	DługiGrzegorz	Długi, Grzegorz	M
PL	EmilewiczJadwiga	Emilewicz, Jadwiga	F
PL	FabisiakJoanna	Fabisiak, Joanna	F
PL	FalejMonika	Falej, Monika	F
PL	FalfusJacek	Falfus, Jacek	M
PL	FałkowskiWojciech	Fałkowski, Wojciech	M
PL	FedakJolanta	Fedak, Jolanta	F
PL	FederowiczJerzy	Federowicz, Jerzy	M
PL	FedorowiczJacek	Fedorowicz, Jacek	M
PL	FedorowiczJerzy	Fedorowicz, Jerzy	M
PL	FiliksMagdalena	Filiks, Magdalena	F
PL	FilipiakEwa	Filipiak, Ewa	F
PL	FlorekPiotr	Florek, Piotr	M
PL	FogielRadosław	Fogiel, Radosław	M
PL	FrankiewiczZygmunt	Frankiewicz, Zygmunt	M
PL	FrydrychJoanna	Frydrych, Joanna	F
PL	FrysztakKonrad	Frysztak, Konrad	M
PL	FurgoGrzegorz	Furgo, Grzegorz	M
PL	GadomskiSławomir	Gadomski, Sławomir	M
PL	GadowskiKrzysztof	Gadowski, Krzysztof	M
PL	GajdaMarcin	Gajda, Marcin	M
PL	GajdaMariusz	Gajda, Mariusz	M
PL	Gajewska-PłochockaKinga	Gajewska-Płochocka, Kinga	F
PL	GajewskaAleksandra	Gajewska, Aleksandra	F
PL	GajewskaKinga	Gajewska, Kinga	F
PL	GalembaLeszek	Galemba, Leszek	M
PL	GallaRyszard	Galla, Ryszard	M
PL	GapińskaElżbieta	Gapińska, Elżbieta	F
PL	GardiasDorota	Gardias, Dorota	F
PL	Gasiuk-PihowiczKamila	Gasiuk-Pihowicz, Kamila	F
PL	GatnarEugeniusz	Gatnar, Eugeniusz	M
PL	GawełRobert	Gaweł, Robert	M
PL	GawinMagdalena	Gawin, Magdalena	F
PL	GawkowskiKrzysztof	Gawkowski, Krzysztof	M
PL	GawlikZdzisław	Gawlik, Zdzisław	M
PL	GawronAndrzej	Gawron, Andrzej	M
PL	GawędaAdam	Gawęda, Adam	M
PL	GawędaAdama	Gawęda, Adama	F
PL	GawędaEwa	Gawęda, Ewa	F
PL	GawłowskiStanisław	Gawłowski, Stanisław	M
PL	GdulaMaciej	Gdula, Maciej	M
PL	GelertElżbieta	Gelert, Elżbieta	F
PL	GembickaAnna	Gembicka, Anna	F
PL	GersdorfMałgorzata	Gersdorf, Małgorzata	F
PL	GiedrojćRoman	Giedrojć, Roman	M
PL	GieradaArtur	Gierada, Artur	M
PL	Gill-PiątekHanna	Gill-Piątek, Hanna	F
PL	GirzyńskiZbigniew	Girzyński, Zbigniew	M
PL	GiżyńskiSzymon	Giżyński, Szymon	M
PL	GlapińskiAdam	Glapiński, Adam	M
PL	GlencTeresa	Glenc, Teresa	F
PL	GlińskiPiotr	Gliński, Piotr	M
PL	GodekUrszula	Godek, Urszula	F
PL	GodylaBeniamin	Godyla, Beniamin	M
PL	GodzwonAnna	Godzwon, Anna	F
PL	GogaczStanisław	Gogacz, Stanisław	M
PL	GolbaMieczysław	Golba, Mieczysław	M
PL	GolbikMarta	Golbik, Marta	F
PL	GolińskaMałgorzata	Golińska, Małgorzata	F
PL	GonciarzJarosław	Gonciarz, Jarosław	M
PL	GontarzRobert	Gontarz, Robert	M
PL	GorgońKomorAgnieszka	Gorgoń-Komor, Agnieszka	F
PL	GorzelikJerzy	Gorzelik, Jerzy	M
PL	Gosek-PopiołekDaria	Gosek-Popiołek, Daria	F
PL	GosiewskaMałgorzata	Gosiewska, Małgorzata	F
PL	GosiewskiJerzy	Gosiewski, Jerzy	M
PL	GowinJarosław	Gowin, Jarosław	M
PL	GołojuchKazimierz	Gołojuch, Kazimierz	M
PL	GrabarczykCezary	Grabarczyk, Cezary	M
PL	GrabczukKrzysztof	Grabczuk, Krzysztof	M
PL	GrabiecJan	Grabiec, Jan	M
PL	GrabowskiArkadiusz	Grabowski, SenatorArkadiusz	M
PL	GrabowskiPaweł	Grabowski, Paweł	M
PL	GrabskiBartłomiej	Grabski, Bartłomiej	M
PL	GraczykMichał	Graczyk, Michał	M
PL	GramatykaMichał	Gramatyka, Michał	M
PL	GrodzkiTomasz	Grodzki, Tomasz	M
PL	GromekJanusz	Gromek, Janusz	M
PL	GromkoMariusz	Gromko, Mariusz	M
PL	GrubskiMaciej	Grubski, Maciej	M
PL	GrupińskiRafał	Grupiński, Rafał	M
PL	GruzaPaweł	Gruza, Paweł	M
PL	GryglasZbigniew	Gryglas, Zbigniew	M
PL	GryzaPiotr	Gryza, Piotr	M
PL	GrzegorczykFilip	Grzegorczyk, Filip	M
PL	GrzybAndrzej	Grzyb, Andrzej	M
PL	GróbarczykMarek	Gróbarczyk, Marek	M
PL	Guibourgé-CzetwertyńskiAdam	Guibourgé-Czetwertyński, Adam	M
PL	Gut-MostowyAndrzej	Gut-Mostowy, Andrzej	M
PL	GwarekAnita	Gwarek, Anita	F
PL	GwiazdowiczDariusz	Gwiazdowicz, Dariusz	M
PL	GwiazdowskiKazimierz	Gwiazdowski, Kazimierz	M
PL	GórskaAgnieszka	Górska, Agnieszka	F
PL	GórskiArtur	Górski, Artur	M
PL	GórskiMaciej	Górski, Maciej	M
PL	GądekLidia	Gądek, Lidia	F
PL	GłogowskiTomasz	Głogowski, Tomasz	M
PL	GłowalaKatarzyna	Głowala, Katarzyna	F
PL	GłuchowskiKrzysztof	Głuchowski, Krzysztof	M
PL	GłębockiKonrad	Głębocki, Konrad	M
PL	HajosSławomir	Hajos, Sławomir	M
PL	HalickiAndrzej	Halicki, Andrzej	M
PL	HamerskiJan	Hamerski, Jan	M
PL	HamryszczakAdam	Hamryszczak, Adam	M
PL	HanajczykAgnieszka	Hanajczyk, Agnieszka	F
PL	Hardie-DouglasJerzy	Hardie-Douglas, Jerzy	M
PL	HartwichIwona	Hartwich, Iwona	F
PL	HaładyjMariusz	Haładyj, Mariusz	M
PL	HałasTeresa	Hałas, Teresa	F
PL	HenczycaBożena	Henczyca, Bożena	F
PL	Hennig-KloskaPaulina	Hennig-Kloska, Paulina	F
PL	HermelińskiWojciech	Hermeliński, Wojciech	M
PL	HernandRobert	Hernand, Robert	M
PL	HibnerJolanta	Hibner, Jolanta	F
PL	HocCzesław	Hoc, Czesław	M
PL	HoffmannZbigniew	Hoffmann, Zbigniew	M
PL	HokMarek	Hok, Marek	M
PL	HoleksaMichał	Holeksa, Michał	M
PL	HorałaMarcin	Horała, Marcin	M
PL	HreniakPaweł	Hreniak, Paweł	M
PL	HrynkiewiczJózefa	Hrynkiewicz, Józefa	F
PL	HudzikGrzegorz	Hudzik, Grzegorz	M
PL	HuskowskiStanisław	Huskowski, Stanisław	M
PL	IzdebskiWaldemar	Izdebski, Waldemar	M
PL	JabłońskiPaweł	Jabłoński, Paweł	M
PL	JachMichał	Jach, Michał	M
PL	JachiraKlaudia	Jachira, Klaudia	F
PL	JachnikJerzy	Jachnik, Jerzy	M
PL	JackiewiczDawid	Jackiewicz, Dawid	M
PL	JackowskiJanMaria	Jackowski, Maria	M
PL	JackowskiMarek	Jackowski, Marek	M
PL	JagielskiMarian	Jagielski, Marian	M
PL	JakiPatryk	Jaki, Patryk	M
PL	JakubiakMarek	Jakubiak, Marek	M
PL	JanczykWiesław	Janczyk, Wiesław	M
PL	JaneczkoKrzysztof	Janeczko, Krzysztof	M
PL	JanikGrzegorz	Janik, Grzegorz	M
PL	Janowska-MoniuszkoStanisława	Janowska-Moniuszko, Stanisława	F
PL	JanowskaMałgorzata	Janowska, Małgorzata	F
PL	JanyskaMaria	Janyska, Maria	F
PL	JarosMichał	Jaros, Michał	M
PL	Jarosińska-JedynakMałgorzata	Jarosińska-Jedynak, Małgorzata	F
PL	JarubasKrystian	Jarubas, Krystian	M
PL	JasińskiWiesław	Jasiński, Wiesław	M
PL	JasińskiWojciech	Jasiński, Wojciech	M
PL	JaskółaTomasz	Jaskóła, Tomasz	M
PL	JasztelAgata	Jasztel, Agata	F
PL	JaworskiAndrzej	Jaworski, Andrzej	M
PL	JazłowieckaDanuta	Jazłowiecka, Danuta	F
PL	JaśkowiakJoanna	Jaśkowiak, Joanna	F
PL	JońskiDariusz	Joński, Dariusz	M
PL	JurgielKrzysztof	Jurgiel, Krzysztof	M
PL	JózwiakBartosz	Józwiak, Bartosz	M
PL	JędrysekMariusz	Jędrysek, Mariusz	M
PL	JędrysekOrion	Jędrysek, Orion	M
PL	KacperczykKatarzyna	Kacperczyk, Katarzyna	F
PL	KaczmarczykNorbert	Kaczmarczyk, Norbert	M
PL	KaczmarczykWojciech	Kaczmarczyk, Wojciech	M
PL	KaczorowskaAlicja	Kaczorowska, Alicja	F
PL	KaczyńskiFilip	Kaczyński, Filip	M
PL	KaczyńskiJarosław	Kaczyński, Jarosław	M
PL	KaletaPiotr	Kaleta, Piotr	M
PL	KaletaSebastian	Kaleta, Sebastian	M
PL	KamińskaBożena	Kamińska, Bożena	F
PL	KamińskiAndrzej	Kamiński, Andrzej	M
PL	KamińskiKrystian	Kamiński, Krystian	M
PL	KamińskiKrzysztof	Kamiński, Krzysztof	M
PL	KamińskiMariusz	Kamiński, Mariusz	M
PL	KamińskiMichał	Kamiński, Michał	M
PL	KamińskiRyszard	Kamiński, Ryszard	M
PL	KamińskiŁukasz	Kamiński, Łukasz	M
PL	KanthakJan	Kanthak, Jan	M
PL	KapinosFryderyk	Kapinos, Fryderyk	M
PL	KarczewskaDorota	Karczewska, Dorota	F
PL	KarczewskiStanisław	Karczewski, Stanisław	M
PL	KarpińskiWłodzimierz	Karpiński, Włodzimierz	M
PL	KasprzakMieczysław	Kasprzak, Mieczysław	M
PL	KasprzykJózef	Kasprzyk, Józef	M
PL	Kasztelan-ŚwietlikBernadeta	Kasztelan-Świetlik, Bernadeta	F
PL	KaweckiJanusz	Kawecki, Janusz	M
PL	KałaskaAdam	Kałaska, Adam	M
PL	KempaBeata	Kempa, Beata	F
PL	Kidawa-BłońskaMałgorzata	Kidawa-Błońska, Małgorzata	F
PL	KierwińskiMarcin	Kierwiński, Marcin	M
PL	KilianJan	Kilian, Jan	M
PL	KilianWiesław	Kilian, Wiesław	M
PL	KlaudelLena	Klaudel, Lena	F
PL	KlawiterJan	Klawiter, Jan	M
PL	KleinaKazimierz	Kleina, Kazimierz	M
PL	KlichBogdan	Klich, Bogdan	M
PL	KlichBohdan	Klich, Bohdan	M
PL	KlimczakDariusz	Klimczak, Dariusz	M
PL	KlocIzabela	Kloc, Izabela	F
PL	Kluzik-RostkowskaJoanna	Kluzik-Rostkowska, Joanna	F
PL	KobiakAndrzej	Kobiak, Andrzej	M
PL	KobylarzAndrzej	Kobylarz, Andrzej	M
PL	KobylińskiPaweł	Kobyliński, Paweł	M
PL	KocMaria	Koc, Maria	F
PL	KochanMagdalena	Kochan, Magdalena	F
PL	KochanMagdalna	Kochan, Magdalna	F
PL	KogutStanisław	Kogut, Stanisław	M
PL	KolarskiWojciech	Kolarski, Wojciech	M
PL	KomarnickiWładysław	Komarnicki, Władysław	M
PL	Komorowski.Marek	Komorowski., Marek	M
PL	KomorowskiMarek	Komorowski, Marek	M
PL	KoniecznyAndrzej	Konieczny, Andrzej	M
PL	KoniecznyKazimierz	Konieczny, Kazimierz	M
PL	KoniecznyMaciej	Konieczny, Maciej	M
PL	KoniecznyWojciech	Konieczny, Wojciech	M
PL	KontroliIzby	Kontroli, Izby	M
PL	KonwińskiZbigniew	Konwiński, Zbigniew	M
PL	KopaczEwa	Kopacz, Ewa	F
PL	KopcińskaJoanna	Kopcińska, Joanna	F
PL	KoperskiPrzemysław	Koperski, Przemysław	M
PL	KopećMaciej	Kopeć, Maciej	M
PL	KopećTadeusz	Kopeć, Tadeusz	M
PL	KopiczkoMałgorzata	Kopiczko, Małgorzata	F
PL	KopiecMaciej	Kopiec, Maciej	M
PL	KopydłowskiRobert	Kopydłowski, Robert	M
PL	KorolAdam	Korol, Adam	M
PL	Korwin-MikkeJanusz	Korwin-Mikke, Janusz	M
PL	KorzeniowskiLeszek	Korzeniowski, Leszek	M
PL	KoseckiRoman	Kosecki, Roman	M
PL	Kosiniak-KamyszWładysław	Kosiniak-Kamysz, Władysław	M
PL	KossakowskiWojciech	Kossakowski, Wojciech	M
PL	KostuśTomasz	Kostuś, Tomasz	M
PL	KosztowniakAndrzej	Kosztowniak, Andrzej	M
PL	KotowskiKazimierz	Kotowski, Kazimierz	M
PL	KotulaKatarzyna	Kotula, Katarzyna	F
PL	KowalPaweł	Kowal, Paweł	M
PL	KowalczykHenryk	Kowalczyk, Henryk	M
PL	KowalczykWojciech	Kowalczyk, Wojciech	M
PL	KowalskiJanusz	Kowalski, Janusz	M
PL	KownackiBartosz	Kownacki, Bartosz	M
PL	KozaneckaEwa	Kozanecka, Ewa	F
PL	KozeraGrzegorz	Kozera, Grzegorz	M
PL	KozikKrzysztof	Kozik, Krzysztof	M
PL	KozłowskaIwona	Kozłowska, Iwona	F
PL	KozłowskiJerzy	Kozłowski, Jerzy	M
PL	KozłowskiKrzysztof	Kozłowski, Krzysztof	M
PL	Kołacz-LeszczyńskaAgnieszka	Kołacz-Leszczyńska, Agnieszka	F
PL	KołaczLeszczyńskaAgnieszka	Kołacz-Leszczyńska, Agnieszka	F
PL	KołakowskiLech	Kołakowski, Lech	M
PL	KołakowskiRobert	Kołakowski, Robert	M
PL	KołodziejAndrzej	Kołodziej, Andrzej	M
PL	KołodziejEwa	Kołodziej, Ewa	F
PL	KołodziejskiWitold	Kołodziejski, Witold	M
PL	KościńskiTadeusz	Kościński, Tadeusz	M
PL	KraczkowskiMaks	Kraczkowski, Maks	M
PL	KrajewskiJacek	Krajewski, Jacek	M
PL	KrajewskiJarosław	Krajewski, Jarosław	M
PL	KrajewskiStefan	Krajewski, Stefan	M
PL	KrajewskiWiesław	Krajewski, Wiesław	M
PL	KraskaWaldemar	Kraska, Waldemar	M
PL	KrasulskiLeonard	Krasulski, Leonard	M
PL	KrawczykIwona	Krawczyk, Iwona	F
PL	KrawczykMichał	Krawczyk, Michał	M
PL	KretkowskaKatarzyna	Kretkowska, Katarzyna	F
PL	KropiwnickiJerzy	Kropiwnicki, Jerzy	M
PL	KropiwnickiRobert	Kropiwnicki, Robert	M
PL	KrukElżbieta	Kruk, Elżbieta	F
PL	KrupkaAnna	Krupka, Anna	F
PL	KrutulPaweł	Krutul, Paweł	M
PL	KryjAndrzej	Kryj, Andrzej	M
PL	KrynickaBernadeta	Krynicka, Bernadeta	F
PL	Krzywonos-StrycharskaHenryka	Krzywonos-Strycharska, Henryka	F
PL	KrząkałaMarek	Krząkała, Marek	M
PL	KrólJózef	Król, Józef	M
PL	KrólPiotr	Król, Piotr	M
PL	KrólWojciech	Król, Wojciech	M
PL	KrólZbigniew	Król, Zbigniew	M
PL	KrólikowskiAndrzej	Królikowski, Andrzej	M
PL	KuberskiKazimierz	Kuberski, Kazimierz	M
PL	KubiakDariusz	Kubiak, Dariusz	M
PL	KubiakMarta	Kubiak, Marta	F
PL	KubikEdyta	Kubik, Edyta	F
PL	KubówKrzysztof	Kubów, Krzysztof	M
PL	Kucharska-DziedzicAnita	Kucharska-Dziedzic, Anita	F
PL	KucharskaIzabela	Kucharska, Izabela	F
PL	KucharskiTomasz	Kucharski, Tomasz	M
PL	KuchcińskiMarek	Kuchciński, Marek	M
PL	KukizPaweł	Kukiz, Paweł	M
PL	KulasekMarcin	Kulasek, Marcin	M
PL	KuleszaJakub	Kulesza, Jakub	M
PL	KurowskaMaria	Kurowska, Maria	F
PL	KurtykaMichał	Kurtyka, Michał	M
PL	KurzawaDariusz	Kurzawa, Dariusz	M
PL	KurzępaJacek	Kurzępa, Jacek	M
PL	KwiatkowskiAdam	Kwiatkowski, Adam	M
PL	KwiatkowskiKrzysztof	Kwiatkowski, Krzysztof	M
PL	KwiatkowskiRobert	Kwiatkowski, Robert	M
PL	KwiecieńAnna	Kwiecień, Anna	F
PL	KwiecińskiJerzy	Kwieciński, Jerzy	M
PL	KwitekMarek	Kwitek, Marek	M
PL	KłopotekEugeniusz	Kłopotek, Eugeniusz	M
PL	KłosińskaKatarzyna	Kłosińska, Katarzyna	F
PL	LamczykStanisław	Lamczyk, Stanisław	M
PL	LangGrzegorz	Lang, Grzegorz	M
PL	LangMaciej	Lang, Maciej	M
PL	LarcherGérard	Larcher, Gérard	M
PL	LasekDawid	Lasek, Dawid	M
PL	LasekMaciej	Lasek, Maciej	M
PL	LassotaJózef	Lassota, Józef	M
PL	LatosTomasz	Latos, Tomasz	M
PL	LatosińskiBogdan	Latosiński, Bogdan	M
PL	LechEwa	Lech, Ewa	F
PL	LenartowiczGabriela	Lenartowicz, Gabriela	F
PL	LenzTomasz	Lenz, Tomasz	M
PL	LesickiAndrzej	Lesicki, Andrzej	M
PL	LeszczynaIzabela	Leszczyna, Izabela	F
PL	LewandowskiPaweł	Lewandowski, Paweł	M
PL	LeśniakJózef	Leśniak, Józef	M
PL	LibickiJanFilip	Libicki, Filip	M
PL	LichockaJoanna	Lichocka, Joanna	F
PL	LiederEwa	Lieder, Ewa	F
PL	LipiecGrzegorz	Lipiec, Grzegorz	M
PL	LipiecKrzysztof	Lipiec, Krzysztof	M
PL	LipińskiAdam	Lipiński, Adam	M
PL	Liroy-MarzecPiotr	Liroy-Marzec, Piotr	M
PL	LisieckiPaweł	Lisiecki, Paweł	M
PL	LorekGrzegorz	Lorek, Grzegorz	M
PL	LubczykRadosław	Lubczyk, Radosław	M
PL	LubnauerKatarzyna	Lubnauer, Katarzyna	F
PL	LuftKrzysztof	Luft, Krzysztof	M
PL	MachałekMarzena	Machałek, Marzena	F
PL	MaciejewskaBeata	Maciejewska, Beata	F
PL	MaciejewskiAndrzej	Maciejewski, Andrzej	M
PL	MaciejewskiKrzysztof	Maciejewski, Krzysztof	M
PL	MacierewiczAntoni	Macierewicz, Antoni	M
PL	MagierowskiMarek	Magierowski, Marek	M
PL	MajerRyszard	Majer, Ryszard	M
PL	MajewskiKrzysztof	Majewski, Krzysztof	M
PL	MajewskiPaweł	Majewski, Paweł	M
PL	MajkaRobert	Majka, Robert	M
PL	MajszczykHanna	Majszczyk, Hanna	F
PL	MaksymowiczWojciech	Maksymowicz, Wojciech	M
PL	MalikEwa	Malik, Ewa	F
PL	MaliszewskiMirosław	Maliszewski, Mirosław	M
PL	MalągMarlena	Maląg, Marlena	F
PL	MamątowRober	Mamątow, Rober	M
PL	MamątowRobert	Mamątow, Robert	M
PL	MarchewkaArkadiusz	Marchewka, Arkadiusz	M
PL	MarciniakJarosław	Marciniak, Jarosław	M
PL	MarciniakSylwester	Marciniak, Sylwester	M
PL	MarciniszynArtur	Marciniszyn, Artur	M
PL	MarczakBeata	Marczak, Beata	F
PL	MarczukBartosz	Marczuk, Bartosz	M
PL	Marczułajtis-WalczakJagna	Marczułajtis-Walczak, Jagna	F
PL	MarekMagdalena	Marek, Magdalena	F
PL	MargisAnna	Margis, Anna	F
PL	MarkowskiAndrzej	Markowski, Andrzej	M
PL	MartynowskiMarek	Martynowski, Marek	M
PL	MasłowskaGabriela	Masłowska, Gabriela	F
PL	MasłowskiMaciej	Masłowski, Maciej	M
PL	MateckaEwa	Matecka, Ewa	F
PL	MaternaJerzy	Materna, Jerzy	M
PL	Mateusiak-PieluchaBeata	Mateusiak-Pielucha, Beata	F
PL	MatusiakGrzegorz	Matusiak, Grzegorz	M
PL	MatusiewiczAndrzej	Matusiewicz, Andrzej	M
PL	MatuszewskiMarek	Matuszewski, Marek	M
PL	MatusznyKazimierz	Matuszny, Kazimierz	M
PL	MatysiakPaulina	Matysiak, Paulina	F
PL	MazowieckiMichał	Mazowiecki, Michał	M
PL	MazurKrzysztof	Mazur, Krzysztof	M
PL	MazurLeszek	Mazur, Leszek	M
PL	MazurekBeata	Mazurek, Beata	F
PL	MazurekSławomir	Mazurek, Sławomir	M
PL	Małecka-LiberaBarbara	Małecka-Libera, Barbara	F
PL	Małecka-LiberaBeata	Małecka-Libera, Beata	F
PL	MałeckaLiberaBeata	Małecka-Libera, Beata	F
PL	MałeckiJerzy	Małecki, Jerzy	M
PL	MałeckiMaciej	Małecki, Maciej	M
PL	MelakAndrzej	Melak, Andrzej	M
PL	MeysztowiczJerzy	Meysztowicz, Jerzy	M
PL	MiazgaMieczysław	Miazga, Mieczysław	M
PL	MichalakMarek	Michalak, Marek	M
PL	MichałekIwona	Michałek, Iwona	F
PL	MichałkiewiczKrzysztof	Michałkiewicz, Krzysztof	M
PL	MieszkowskiKrzysztof	Mieszkowski, Krzysztof	M
PL	MikołajczykŁukasz	Mikołajczyk, Łukasz	M
PL	MikusińskiRafał	Mikusiński, Rafał	M
PL	MilczanowskaAnna	Milczanowska, Anna	F
PL	MilewskiDaniel	Milewski, Daniel	M
PL	MillerRajmund	Miller, Rajmund	M
PL	MioduszewskiAndrzej	Mioduszewski, Andrzej	M
PL	MisiołekAndrzej	Misiołek, Andrzej	M
PL	MisiłoPiotr	Misiło, Piotr	M
PL	MiszalskiAleksander	Miszalski, Aleksander	M
PL	MisztalRafał	Misztal, Rafał	M
PL	MiłkowskiMaciej	Miłkowski, Maciej	M
PL	MorawieckiKornel	Morawiecki, Kornel	M
PL	MorawieckiMateusz	Morawiecki, Mateusz	M
PL	MorawskaStaneckaGabriela	Morawska-Stanecka, Gabriela	F
PL	MordakRobert	Mordak, Robert	M
PL	MosińskiJan	Mosiński, Jan	M
PL	MoskalKazimierz	Moskal, Kazimierz	M
PL	MoskwaAnna	Moskwa, Anna	F
PL	MożdżanowskaAndżelika	Możdżanowska, Andżelika	F
PL	MroczekCzesław	Mroczek, Czesław	M
PL	MrzygłockaIzabela	Mrzygłocka, Izabela	F
PL	MrówczyńskiAleksander	Mrówczyński, Aleksander	M
PL	MrózKrzysztof	Mróz, Krzysztof	M
PL	MuchaJoanna	Mucha, Joanna	F
PL	MuchaPaweł	Mucha, Paweł	M
PL	MuchaRafał	Mucha, Rafał	M
PL	MularczykArkadiusz	Mularczyk, Arkadiusz	M
PL	MunyamaKillion	Munyama, Killion	M
PL	MurdzekWojciech	Murdzek, Wojciech	M
PL	MyrchaArkadiusz	Myrcha, Arkadiusz	M
PL	MüllerPiotr	Müller, Piotr	M
PL	MężydłoAntoni	Mężydło, Antoni	M
PL	MłyńczakAldona	Młyńczak, Aldona	F
PL	NaimskiPiotr	Naimski, Piotr	M
PL	NapieralskiGrzegorz	Napieralski, Grzegorz	M
PL	NaszkiewiczJerzy	Naszkiewicz, Jerzy	M
PL	NemśAnna	Nemś, Anna	F
PL	NeumannSławomir	Neumann, Sławomir	M
PL	NiechciałMarek	Niechciał, Marek	M
PL	NiedużakMarek	Niedużak, Marek	M
PL	NiedzielaDorota	Niedziela, Dorota	F
PL	NiemczykBernadetta	Niemczyk, Bernadetta	F
PL	NiemczykMałgorzata	Niemczyk, Małgorzata	F
PL	NiesiołowskiStefan	Niesiołowski, Stefan	M
PL	NiećDariusz	Nieć, Dariusz	M
PL	NitrasSławomir	Nitras, Sławomir	M
PL	NowackaBarbara	Nowacka, Barbara	F
PL	NowakAlina	Nowak, Alina	F
PL	NowakJan	Nowak, Jan	M
PL	NowakMaria	Nowak, Maria	F
PL	NowakPiotr	Nowak, Piotr	M
PL	NowakTomasz	Nowak, Tomasz	M
PL	NowickaDanuta	Nowicka, Danuta	F
PL	NowickaWanda	Nowicka, Wanda	F
PL	NowickiKrzysztof	Nowicki, Krzysztof	M
PL	NowickiRobert	Nowicki, Robert	M
PL	NowogórskaUrszula	Nowogórska, Urszula	F
PL	NowosielskiMichał	Nowosielski, Michał	M
PL	NykielMirosława	Nykiel, Mirosława	F
PL	NykielWłodzimierz	Nykiel, Włodzimierz	M
PL	ObazRobert	Obaz, Robert	M
PL	ObremskiJarosław	Obremski, Jarosław	M
PL	ObryckiNorbert	Obrycki, Norbert	M
PL	ObywatelskiejPlatformy	Obywatelskiej, Platformy	M
PL	OciepaMarcin	Ociepa, Marcin	M
PL	OkońskiKarol	Okoński, Karol	M
PL	Okła-DrewnowiczMarzena	Okła-Drewnowicz, Marzena	F
PL	OlejniczakWaldemar	Olejniczak, Waldemar	M
PL	OlichwerTomasz	Olichwer, Tomasz	M
PL	OlszewskiDariusz	Olszewski, Dariusz	M
PL	OlszewskiPaweł	Olszewski, Paweł	M
PL	OlszówkaPiotr	Olszówka, Piotr	M
PL	OpiołaMarek	Opioła, Marek	M
PL	OrzechowskaBogumiła	Orzechowska, Bogumiła	F
PL	OrzechowskaBogusława	Orzechowska, Bogusława	F
PL	OsosKatarzyna	Osos, Katarzyna	F
PL	OstrowskiKrzysztof	Ostrowski, Krzysztof	M
PL	OsuchJacek	Osuch, Jacek	M
PL	OzdobaJacek	Ozdoba, Jacek	M
PL	OłdakowskiAdam	Ołdakowski, Adam	M
PL	OżógStanisław	Ożóg, Stanisław	M
PL	PająkAndrzej	Pająk, Andrzej	M
PL	PaluchAnna	Paluch, Anna	F
PL	PampuchMirosław	Pampuch, Mirosław	M
PL	PamułaTeresa	Pamuła, Teresa	F
PL	PankiewiczOlgierd	Pankiewicz, Olgierd	M
PL	PapkePaweł	Papke, Paweł	M
PL	PardaBłażej	Parda, Błażej	M
PL	PaszkowskiBohdan	Paszkowski, Bohdan	M
PL	PaszykKrzysztof	Paszyk, Krzysztof	M
PL	PasławskaUrszula	Pasławska, Urszula	F
PL	PatkowskiPiotr	Patkowski, Piotr	M
PL	PaulJerzy	Paul, Jerzy	M
PL	PawlakMikołaj	Pawlak, Mikołaj	M
PL	PawlakPaweł	Pawlak, Paweł	M
PL	PawliczakKarolina	Pawliczak, Karolina	F
PL	PawłowiczKrystyna	Pawłowicz, Krystyna	F
PL	PawłowiczZbigniew	Pawłowicz, Zbigniew	M
PL	PawłowskaMonika	Pawłowska, Monika	F
PL	PańczykPozdziejMaria	Pańczyk-Pozdziej, Maria	F
PL	PeczkisGrzegorz	Peczkis, Grzegorz	M
PL	PetruRyszard	Petru, Ryszard	M
PL	PiebiakŁukasz	Piebiak, Łukasz	M
PL	PiechaBolesław	Piecha, Bolesław	M
PL	PiechaWojciech	Piecha, Wojciech	M
PL	PiechotaLeszek	Piechota, Leszek	M
PL	PiechotaSławomir	Piechota, Sławomir	M
PL	PiechowiakGrzegorz	Piechowiak, Grzegorz	M
PL	PiekarskaKatarzyna	Piekarska, Katarzyna	F
PL	PietraszewskaDanuta	Pietraszewska, Danuta	F
PL	PietrzakMagdalena	Pietrzak, Magdalena	F
PL	PinkasJarosław	Pinkas, Jarosław	M
PL	PiontkowskiDariusz	Piontkowski, Dariusz	M
PL	PiotrowiczStanisław	Piotrowicz, Stanisław	M
PL	PiotrowskaTeresa	Piotrowska, Teresa	F
PL	PiotrowskiAndrzej	Piotrowski, Andrzej	M
PL	PiątkowskiKrzysztof	Piątkowski, Krzysztof	M
PL	PiętaStanisław	Pięta, Stanisław	M
PL	PlockeKazimierz	Plocke, Kazimierz	M
PL	PluraMarek	Plura, Marek	M
PL	PociejAleksander	Pociej, Aleksander	M
PL	PodgórskiOlgierd	Podgórski, Olgierd	M
PL	PolaczekJerzy	Polaczek, Jerzy	M
PL	PolakMarek	Polak, Marek	M
PL	PolakPiotr	Polak, Piotr	M
PL	PolakWojciech	Polak, Wojciech	M
PL	PolkowskaEwa	Polkowska, Ewa	F
PL	PolskiejRzeczypospolitej	Polskiej, Rzeczypospolitej	M
PL	PomaskaAgnieszka	Pomaska, Agnieszka	F
PL	PoncyljuszPaweł	Poncyljusz, Paweł	M
PL	PorawskiAndrzej	Porawski, Andrzej	M
PL	PorowskaVioletta	Porowska, Violetta	F
PL	PorwichJarosław	Porwich, Jarosław	M
PL	PorzucekMarcin	Porzucek, Marcin	M
PL	PosobkiewiczMarek	Posobkiewicz, Marek	M
PL	Posłowie	@Posłowie@	-
PL	PotocznyMichał	Potoczny, Michał	M
PL	PozorskiAndrzej	Pozorski, Andrzej	M
PL	PoślednikMarian	Poślednik, Marian	M
PL	Pośpiech-KłakAnna	Pośpiech-Kłak, Anna	F
PL	PranckietisViktoras	Pranckietis, Viktoras	M
PL	ProbierzKrystian	Probierz, Krystian	M
PL	Prokop-PaczkowskaMałgorzata	Prokop-Paczkowska, Małgorzata	F
PL	ProtasJacek	Protas, Jacek	M
PL	ProtasiewiczJacek	Protasiewicz, Jacek	M
PL	PrzydaczMarcin	Przydacz, Marcin	M
PL	PrzyłębskaJulia	Przyłębska, Julia	F
PL	PudaGrzegorz	Puda, Grzegorz	M
PL	PudłowskiPaweł	Pudłowski, Paweł	M
PL	PupaZdzisław	Pupa, Zdzisław	M
PL	PyzikPiotr	Pyzik, Piotr	M
PL	PęcherzJanusz	Pęcherz, Janusz	M
PL	PękMarek	Pęk, Marek	M
PL	PępekMałgorzata	Pępek, Małgorzata	F
PL	PłażyńskiKacper	Płażyński, Kacper	M
PL	PłonkaElżbieta	Płonka, Elżbieta	F
PL	RaczakGrzegorz	Raczak, Grzegorz	M
PL	RaczkoEwa	Raczko, Ewa	F
PL	RaczkowskiKonrad	Raczkowski, Konrad	M
PL	RadziszewskaElżbieta	Radziszewska, Elżbieta	F
PL	RadziwiłłKonstanty	Radziwiłł, Konstanty	M
PL	RafalskaElżbieta	Rafalska, Elżbieta	F
PL	RaniewiczGrzegorz	Raniewicz, Grzegorz	M
PL	RauZbigniew	Rau, Zbigniew	M
PL	RaśIreneusz	Raś, Ireneusz	M
PL	RobaczyńskiTomasz	Robaczyński, Tomasz	M
PL	RockiMarek	Rocki, Marek	M
PL	RogalaRafał	Rogala, Rafał	M
PL	RogowskiDariusz	Rogowski, Dariusz	M
PL	RomanowskiMarcin	Romanowski, Marcin	M
PL	RomanowskiRafał	Romanowski, Rafał	M
PL	RomaszewskaZofia	Romaszewska, Zofia	F
PL	RomańczukTadeusz	Romańczuk, Tadeusz	M
PL	RomeckiStefan	Romecki, Stefan	M
PL	RosaMonika	Rosa, Monika	F
PL	RosatiDariusz	Rosati, Dariusz	M
PL	RotnickaJadwiga	Rotnicka, Jadwiga	F
PL	RozenekAndrzej	Rozenek, Andrzej	M
PL	RozkrutDominik	Rozkrut, Dominik	M
PL	RozpondekHalina	Rozpondek, Halina	F
PL	RucińskiMarek	Ruciński, Marek	M
PL	RulewskiJan	Rulewski, Jan	M
PL	RumanSzymon	Ruman, Szymon	M
PL	RuseckaUrszula	Rusecka, Urszula	F
PL	RusieckiGrzegorz	Rusiecki, Grzegorz	M
PL	RusieckiJarosław	Rusiecki, Jarosław	M
PL	RusiniakJolanta	Rusiniak, Jolanta	F
PL	RuszczykLeszek	Ruszczyk, Leszek	M
PL	RutkaMarek	Rutka, Marek	M
PL	RutkowskaDorota	Rutkowska, Dorota	F
PL	RutnickiJakub	Rutnicki, Jakub	M
PL	RybickiSławomir	Rybicki, Sławomir	M
PL	RychlikPaweł	Rychlik, Paweł	M
PL	RyngAndrzej	Ryng, Andrzej	M
PL	RyszkaCzesław	Ryszka, Czesław	M
PL	RzeczkowskaMagdalena	Rzeczkowska, Magdalena	F
PL	RzepaJarosław	Rzepa, Jarosław	M
PL	RzepeckiŁukasz	Rzepecki, Łukasz	M
PL	RzeplińskiAndrzej	Rzepliński, Andrzej	M
PL	Rzeszowa.do	Rzeszowa., do	M
PL	RzońcaBogdan	Rzońca, Bogdan	M
PL	RzymkowskiTomasz	Rzymkowski, Tomasz	M
PL	RząsaMarek	Rząsa, Marek	M
PL	RękasAgnieszka	Rękas, Agnieszka	F
PL	SachajkoJarosław	Sachajko, Jarosław	M
PL	SadurskaMałgorzata	Sadurska, Małgorzata	F
PL	SagatowskaJanina	Sagatowska, Janina	F
PL	SakPiotr	Sak, Piotr	M
PL	SanockiJanusz	Sanocki, Janusz	M
PL	SarnowskiJan	Sarnowski, Jan	M
PL	SasinJacek	Sasin, Jacek	M
PL	SasinRoman	Sasin, Roman	M
PL	SawickiMarek	Sawicki, Marek	M
PL	SałekPaweł	Sałek, Paweł	M
PL	SaługaWojciech	Saługa, Wojciech	M
PL	SchetynaGrzegorz	Schetyna, Grzegorz	M
PL	Scheuring-WielgusJoanna	Scheuring-Wielgus, Joanna	F
PL	Schmidt-RodziewiczAnna	Schmidt-Rodziewicz, Anna	F
PL	SchmidtJoanna	Schmidt, Joanna	F
PL	SchreiberGrzegorz	Schreiber, Grzegorz	M
PL	SchreiberŁukasz	Schreiber, Łukasz	M
PL	Sekuła-SzmajdzińskaMałgorzata	Sekuła-Szmajdzińska, Małgorzata	F
PL	SekułaJoanna	Sekuła, Joanna	F
PL	SellinJarosław	Sellin, Jarosław	M
PL	SemeniukOlga	Semeniuk, Olga	F
PL	SenyszynJoanna	Senyszyn, Joanna	F
PL	SerafinWładysław	Serafin, Władysław	M
PL	SerockiMarcin	Serocki, Marcin	M
PL	SeweryńskiMichał	Seweryński, Michał	M
PL	SeweryńskiMieczysław	Seweryński, Mieczysław	M
PL	SiarkaEdward	Siarka, Edward	M
PL	SiarkowskaAnna	Siarkowska, Anna	F
PL	SibińskaKrystyna	Sibińska, Krystyna	F
PL	SiekierskiCzesław	Siekierski, Czesław	M
PL	SiemoniakTomasz	Siemoniak, Tomasz	M
PL	SienkiewiczBartłomiej	Sienkiewicz, Bartłomiej	M
PL	SierakKrzysztof	Sierak, Krzysztof	M
PL	SilickiKrzysztof	Silicki, Krzysztof	M
PL	SipieraZdzisław	Sipiera, Zdzisław	M
PL	SirkoLeszek	Sirko, Leszek	M
PL	SitarskiKrzysztof	Sitarski, Krzysztof	M
PL	SiwySławomir	Siwy, Sławomir	M
PL	SkibaJakub	Skiba, Jakub	M
PL	SkibaLeszek	Skiba, Leszek	M
PL	SkobelTadeusz	Skobel, Tadeusz	M
PL	SkowrońskaKrystyna	Skowrońska, Krystyna	F
PL	SkrzydłoJustyna	Skrzydło, Justyna	F
PL	SkurkiewiczWojciech	Skurkiewicz, Wojciech	M
PL	SkuteckiPaweł	Skutecki, Paweł	M
PL	SkuzaSebastian	Skuza, Sebastian	M
PL	SkwarekSławomir	Skwarek, Sławomir	M
PL	SmirnowAndrzej	Smirnow, Andrzej	M
PL	SmolińskiKazimierz	Smoliński, Kazimierz	M
PL	SobeckaAnna	Sobecka, Anna	F
PL	SobierajskiCzesław	Sobierajski, Czesław	M
PL	SobolewskiKrzysztof	Sobolewski, Krzysztof	M
PL	SobońArtur	Soboń, Artur	M
PL	SochaAnna	Socha, Anna	F
PL	SochaBarbara	Socha, Barbara	F
PL	SoinAgnieszka	Soin, Agnieszka	F
PL	SolińskiKazimierz	Soliński, Kazimierz	M
PL	SonikBogusław	Sonik, Bogusław	M
PL	SosnowskiZbigniew	Sosnowski, Zbigniew	M
PL	SowaMarek	Sowa, Marek	M
PL	SowińskaAnita	Sowińska, Anita	F
PL	SośnierzAndrzej	Sośnierz, Andrzej	M
PL	SośnierzDobromir	Sośnierz, Dobromir	M
PL	Sprawiedliwośći	Sprawiedliwość, i	M
PL	SprawkaLech	Sprawka, Lech	M
PL	SrokaMagdalena	Sroka, Magdalena	F
PL	Stachowiak-RóżeckaMirosława	Stachowiak-Różecka, Mirosława	F
PL	StachurskiDawid	Stachurski, Dawid	M
PL	StanisławekAndrzej	Stanisławek, Andrzej	M
PL	StarońLidia	Staroń, Lidia	F
PL	StarzyckiDariusz	Starzycki, Dariusz	M
PL	StasińskiMichał	Stasiński, Michał	M
PL	StawiarskiBartłomiej	Stawiarski, Bartłomiej	M
PL	StawiarskiJarosław	Stawiarski, Jarosław	M
PL	SterczewskiFranciszek	Sterczewski, Franciszek	M
PL	StommaPiotr	Stomma, Piotr	M
PL	StreżyńskaAnna	Streżyńska, Anna	F
PL	StrzałkaBeata	Strzałka, Beata	F
PL	StrzałkowskiStefan	Strzałkowski, Stefan	M
PL	StręciwilkMałgorzata	Stręciwilk, Małgorzata	F
PL	Stychlerz-KłucińskaMarzanna	Stychlerz-Kłucińska, Marzanna	F
PL	StępieńElżbieta	Stępień, Elżbieta	F
PL	StępkowskiAleksander	Stępkowski, Aleksander	M
PL	SuchońMirosław	Suchoń, Mirosław	M
PL	SuraRafał	Sura, Rafał	M
PL	Surówka-PasekAnna	Surówka-Pasek, Anna	F
PL	SuskiLeszek	Suski, Leszek	M
PL	SuskiMarek	Suski, Marek	M
PL	SuskiPaweł	Suski, Paweł	M
PL	SzajnerJarosław	Szajner, Jarosław	M
PL	SzaramaWojciech	Szarama, Wojciech	M
PL	SzarekJarosław	Szarek, Jarosław	M
PL	SzarkowskaKatarzyna	Szarkowska, Katarzyna	F
PL	SzatkowskiTomasz	Szatkowski, Tomasz	M
PL	SzałabawkaArtur	Szałabawka, Artur	M
PL	SzałamachaPaweł	Szałamacha, Paweł	M
PL	SzczegielniakTomasz	Szczegielniak, Tomasz	M
PL	SzczepaniakSylwester	Szczepaniak, Sylwester	M
PL	SzczepańskiWiesław	Szczepański, Wiesław	M
PL	SzczerbaMichał	Szczerba, Michał	M
PL	SzczudłoAleksandra	Szczudło, Aleksandra	F
PL	Szczurek-ŻelazkoJózefa	Szczurek-Żelazko, Józefa	F
PL	SzczypińskaJolanta	Szczypińska, Jolanta	F
PL	SzczęchRenata	Szczęch, Renata	F
PL	SzefernakerPaweł	Szefernaker, Paweł	M
PL	SzejnaAndrzej	Szejna, Andrzej	M
PL	SzejnfeldAdam	Szejnfeld, Adam	M
PL	SzewczakJan	Szewczak, Jan	M
PL	SzewińskiAndrzej	Szewiński, Andrzej	M
PL	SzlachetkaJarosław	Szlachetka, Jarosław	M
PL	SzlachtaAndrzej	Szlachta, Andrzej	M
PL	SzmitJerzy	Szmit, Jerzy	M
PL	SzopińskiJan	Szopiński, Jan	M
PL	SzostakMonika	Szostak, Monika	F
PL	SzpytmaMateusz	Szpytma, Mateusz	M
PL	SzramkaPaweł	Szramka, Paweł	M
PL	SzrotPaweł	Szrot, Paweł	M
PL	SztarkGrażyna	Sztark, Grażyna	F
PL	SztarkHanna	Sztark, Hanna	F
PL	SzulowskiKrzysztof	Szulowski, Krzysztof	M
PL	SzumilasKrystyna	Szumilas, Krystyna	F
PL	SzumowskiŁukasz	Szumowski, Łukasz	M
PL	SzusterRyszard	Szuster, Ryszard	M
PL	SzwagrzykKrzysztof	Szwagrzyk, Krzysztof	M
PL	SzwedAleksander	Szwed, Aleksander	M
PL	SzwedStanisław	Szwed, Stanisław	M
PL	Szweda-LewandowskiAndrzej	Szweda-Lewandowski, Andrzej	M
PL	SzydełkoHalina	Szydełko, Halina	F
PL	SzydłoBeata	Szydło, Beata	F
PL	SzydłoBeaty	Szydło, Beaty	M
PL	SzydłowskaBożena	Szydłowska, Bożena	F
PL	SzymańskaEwa	Szymańska, Ewa	F
PL	SzymańskiAntoni	Szymański, Antoni	M
PL	SzymańskiAntonii	Szymański, Antonii	M
PL	SzymańskiKonrad	Szymański, Konrad	M
PL	SzymańskiTomasz	Szymański, Tomasz	M
PL	SzymczykJarosław	Szymczyk, Jarosław	M
PL	SzyszkoJan	Szyszko, Jan	M
PL	SzłapkaAdam	Szłapka, Adam	M
PL	SójkaKatarzyna	Sójka, Katarzyna	F
PL	SękSzymon	Sęk, Szymon	M
PL	SłowikWitold	Słowik, Witold	M
PL	SłońKrzysztof	Słoń, Krzysztof	M
PL	SługockiWaldemar	Sługocki, Waldemar	M
PL	TarczyńskiDominik	Tarczyński, Dominik	M
PL	TchórzewskiKrzysztof	Tchórzewski, Krzysztof	M
PL	TelusRobert	Telus, Robert	M
PL	TerleckiRyszard	Terlecki, Ryszard	M
PL	TermińskiPrzemysław	Termiński, Przemysław	M
PL	TobiszewskiGrzegorz	Tobiszewski, Grzegorz	M
PL	TobiszowskaDorota	Tobiszowska, Dorota	F
PL	TobiszowskiGrzegorz	Tobiszowski, Grzegorz	M
PL	TokarskaGenowefa	Tokarska, Genowefa	F
PL	TomaszewskaEwa	Tomaszewska, Ewa	F
PL	TomaszewskiTadeusz	Tomaszewski, Tadeusz	M
PL	TomaszewskiWłodzimierz	Tomaszewski, Włodzimierz	M
PL	TombarkiewiczMarek	Tombarkiewicz, Marek	M
PL	TomczakJacek	Tomczak, Jacek	M
PL	TomczykCezary	Tomczyk, Cezary	M
PL	TomkarkiewiczMarek	Tomkarkiewicz, Marek	M
PL	TraczMałgorzata	Tracz, Małgorzata	F
PL	TrelaTomasz	Trela, Tomasz	M
PL	TrepkaMariusz	Trepka, Mariusz	M
PL	TrociukStanisław	Trociuk, Stanisław	M
PL	TruskolaskiKrzysztof	Truskolaski, Krzysztof	M
PL	TrzaskowskiRafał	Trzaskowski, Rafał	M
PL	TrzecińskaAnna	Trzecińska, Anna	F
PL	TudujKrzysztof	Tuduj, Krzysztof	M
PL	TułajewSylwester	Tułajew, Sylwester	M
PL	TyszkaStanisław	Tyszka, Stanisław	M
PL	TyszkiewiczRobert	Tyszkiewicz, Robert	M
PL	TyszkiewiczWadim	Tyszkiewicz, Wadim	M
PL	UeberhanKatarzyna	Ueberhan, Katarzyna	F
PL	UjazdowskiKazimierzMichał	Ujazdowski, Michał	M
PL	UrbaniakJarosław	Urbaniak, Jarosław	M
PL	UrbaniakMichał	Urbaniak, Michał	M
PL	UruskiPiotr	Uruski, Piotr	M
PL	UścińskiPiotr	Uściński, Piotr	M
PL	WachPiotr	Wach, Piotr	M
PL	WalczakPiotr	Walczak, Piotr	M
PL	WaligóraMarian	Waligóra, Marian	M
PL	WalkowskiPiotr	Walkowski, Piotr	M
PL	WarchołMarcin	Warchoł, Marcin	M
PL	WarchołWarcin	Warchoł, Warcin	M
PL	WarczyńskiPiotr	Warczyński, Piotr	M
PL	WargockaTerasa	Wargocka, Terasa	F
PL	WargockaTeresa	Wargocka, Teresa	F
PL	WarwasRobert	Warwas, Robert	M
PL	WarzechaJan	Warzecha, Jan	M
PL	WarzochaArtur	Warzocha, Artur	M
PL	WasilewskaAnna	Wasilewska, Anna	F
PL	WasilukDominik	Wasiluk, Dominik	M
PL	WassermannMałgorzata	Wassermann, Małgorzata	F
PL	WaszczykowskiWitold	Waszczykowski, Witold	M
PL	WaszkiewiczJarosław	Waszkiewicz, Jarosław	M
PL	WawrzykPiotr	Wawrzyk, Piotr	M
PL	WałęsaJarosław	Wałęsa, Jarosław	M
PL	WcisłaJerzy	Wcisła, Jerzy	M
PL	WcisłoMarta	Wcisło, Marta	F
PL	WdówikPaweł	Wdówik, Paweł	M
PL	WeberRafał	Weber, Rafał	M
PL	WenderlichJarosław	Wenderlich, Jarosław	M
PL	WesołyMarek	Wesoły, Marek	M
PL	WiatrKazimierz	Wiatr, Kazimierz	M
PL	WicherPatryk	Wicher, Patryk	M
PL	Widera-WysoczańskaAgnieszka	Widera-Wysoczańska, Agnieszka	F
PL	WideraJan	Widera, Jan	M
PL	WieczorekDariusz	Wieczorek, Dariusz	M
PL	WielichowskaMonika	Wielichowska, Monika	F
PL	WilczyńskiRyszard	Wilczyński, Ryszard	M
PL	WildMikołaj	Wild, Mikołaj	M
PL	WilkJacek	Wilk, Jacek	M
PL	WilkJerzy	Wilk, Jerzy	M
PL	WilkWojciech	Wilk, Wojciech	M
PL	WinnickiRobert	Winnicki, Robert	M
PL	WitczakMariusz	Witczak, Mariusz	M
PL	WitekElżbieta	Witek, Elżbieta	F
PL	WitkowskiGrzegorz	Witkowski, Grzegorz	M
PL	WiśniewskiErnest	Wiśniewski, Ernest	M
PL	WnorowskiHenryk	Wnorowski, Henryk	M
PL	WojciechowskiGrzegorz	Wojciechowski, Grzegorz	M
PL	WojtkiewiczMichał	Wojtkiewicz, Michał	M
PL	WojtyłaAndrzej	Wojtyła, Andrzej	M
PL	WolskiZdzisław	Wolski, Zdzisław	M
PL	WolszaTadeusz	Wolsza, Tadeusz	M
PL	WontorBogusław	Wontor, Bogusław	M
PL	WośMichał	Woś, Michał	M
PL	WoźniakGrzegorz	Woźniak, Grzegorz	M
PL	WoźniakTadeusz	Woźniak, Tadeusz	M
PL	WoźnyPiotr	Woźny, Piotr	M
PL	WróblewskaKornelia	Wróblewska, Kornelia	F
PL	WróblewskaKrystyna	Wróblewska, Krystyna	F
PL	WróblewskiBartłomiej	Wróblewski, Bartłomiej	M
PL	WypijMichał	Wypij, Michał	M
PL	WypychMałgorzata	Wypych, Małgorzata	F
PL	WójcikMarek	Wójcik, Marek	M
PL	WójcikMichał	Wójcik, Michał	M
PL	WójcikowskiRafał	Wójcikowski, Rafał	M
PL	WąsikMaciej	Wąsik, Maciej	M
PL	WłosowiczJacek	Włosowicz, Jacek	M
PL	ZabłockiStanisław	Zabłocki, Stanisław	M
PL	ZagórskiMarek	Zagórski, Marek	M
PL	ZającAlicja	Zając, Alicja	F
PL	ZającJózef	Zając, Józef	M
PL	ZalewskaAnna	Zalewska, Anna	F
PL	ZalewskiPaweł	Zalewski, Paweł	M
PL	ZandbergAdrian	Zandberg, Adrian	M
PL	ZaradkiewiczKamil	Zaradkiewicz, Kamil	M
PL	ZarembaKrzysztof	Zaremba, Krzysztof	M
PL	ZarudziRyszard	Zarudzi, Ryszard	M
PL	ZarudzkiRyszard	Zarudzki, Ryszard	M
PL	ZasadaArtur	Zasada, Artur	M
PL	ZawadowiczBeata	Zawadowicz, Beata	F
PL	ZawistowskiDariusz	Zawistowski, Dariusz	M
PL	ZawiszaMarcelina	Zawisza, Marcelina	F
PL	ZawiślakSławomir	Zawiślak, Sławomir	M
PL	ZbonikowskiŁukasz	Zbonikowski, Łukasz	M
PL	ZdrojewskaBarbara	Zdrojewska, Barbara	F
PL	ZdrojewskiBogdan	Zdrojewski, Bogdan	M
PL	ZdzikotTomasz	Zdzikot, Tomasz	M
PL	ZembaczyńskiWitold	Zembaczyński, Witold	M
PL	ZembalaMarian	Zembala, Marian	M
PL	ZgorzelskiPiotr	Zgorzelski, Piotr	M
PL	ZiejewskiZbigniew	Ziejewski, Zbigniew	M
PL	ZielenieckiMarcin	Zieleniecki, Marcin	M
PL	ZielińskaElżbieta	Zielińska, Elżbieta	F
PL	ZielińskaUrszula	Zielińska, Urszula	F
PL	ZielińskiJarosław	Zieliński, Jarosław	M
PL	ZielińskiTomasz	Zieliński, Tomasz	M
PL	ZiemniakWojciech	Ziemniak, Wojciech	M
PL	ZientarskiPiotr	Zientarski, Piotr	M
PL	ZimochTomasz	Zimoch, Tomasz	M
PL	ZiobroZbigniew	Ziobro, Zbigniew	M
PL	ZiółkowskiMarek	Ziółkowski, Marek	M
PL	ZiółkowskiSzymon	Ziółkowski, Szymon	M
PL	ZubaMaria	Zuba, Maria	F
PL	ZubowskiWojciech	Zubowski, Wojciech	M
PL	ZwiercanMałgorzata	Zwiercan, Małgorzata	F
PL	ZwinogrodzkaWanda	Zwinogrodzka, Wanda	F
PL	ZyskaIreneusz	Zyska, Ireneusz	M
PL	napisemi	napisem, i	M
PL	napisemz	napisem, z	M
PL	proszę.Bardzo	proszę., Bardzo	M
PL	ŁandaKrzysztof	Łanda, Krzysztof	M
PL	ŁapińskiKrzysztof	Łapiński, Krzysztof	M
PL	ŁapińskiMarek	Łapiński, Marek	M
PL	ŁawniczakTomasz	Ławniczak, Tomasz	M
PL	ŁawrynowiczZofia	Ławrynowicz, Zofia	F
PL	ŁonMariusz	Łon, Mariusz	M
PL	ŁopataJan	Łopata, Jan	M
PL	ŁopińskiMaciej	Łopiński, Maciej	M
PL	ŁośkoMagdalena	Łośko, Magdalena	F
PL	ŁuczakMaciej	Łuczak, Maciej	M
PL	ŁukaszewiczOlgierd	Łukaszewicz, Olgierd	M
PL	ŁyczakJózef	Łyczak, Józef	M
PL	ŁyszczekWiesław	Łyszczek, Wiesław	M
PL	ŁąckiArtur	Łącki, Artur	M
PL	ŁączyńskiArtur	Łączyński, Artur	M
PL	ŚcigajAgnieszka	Ścigaj, Agnieszka	F
PL	Śledzińska-KatarasińskaIwona	Śledzińska-Katarasińska, Iwona	F
PL	ŚlusarzRafał	Ślusarz, Rafał	M
PL	ŚmiszekKrzysztof	Śmiszek, Krzysztof	M
PL	ŚniadekJanusz	Śniadek, Janusz	M
PL	ŚnieżekAdam	Śnieżek, Adam	M
PL	ŚwiatJacek	Świat, Jacek	M
PL	ŚwilskiRafał	Świlski, Rafał	M
PL	ŚwilskiRyszard	Świlski, Ryszard	M
PL	ŚwitałaFilip	Świtała, Filip	M
PL	ŚwięcickiMarcin	Święcicki, Marcin	M
PL	ŚwięczkowskiBogdan	Święczkowski, Bogdan	M
PL	śpiewaRyszka	śpiewa, Ryszka	F
PL	ŻalekJacek	Żalek, Jacek	M
PL	ŻarynJan	Żaryn, Jan	M
PL	ŻelazowskaBożena	Żelazowska, Bożena	F
PL	ŻmijanStanisław	Żmijan, Stanisław	M
PL	ŻuchowskiTomasz	Żuchowski, Tomasz	M
PL	ŻukStanisław	Żuk, Stanisław	M
PL	ŻukowskaAnna	Żukowska, Anna	F
PL	ŻyżyńskiJerzy	Żyżyński, Jerzy	M
