Country	SpeakerID	Name	Sex
GB	AamerSarfraz	Sarfraz, Aamer	M
GB	AaronBell	Bell, Aaron Stuart	M
GB	AbenaOppongAsare	Oppong-Asare, Abena	F
GB	AbimbolaAfolami	Afolami, Abimbola	M
GB	AdamAfriyie	Afriyie, Adam	M
GB	AdamHolloway	Holloway, Adam James Harold	M
GB	AdrianBailey	Bailey, Adrian Edward	M
GB	AdrianPalmer	Palmer, Adrian Bailie Nottage	M
GB	AdrianSanders	Sanders, Adrian Mark	M
GB	AidanBurley	Burley, Aidan	M
GB	AjayKakkar	Kakkar, Ajay	M
GB	AlanBeith	Beith, Alan	M
GB	AlanBrooke	Brooke, Alan	M
GB	AlanBrown	Brown, Alan	M
GB	AlanCampbell	Campbell, Alan	M
GB	AlanDuncan	Duncan, Alan James Carter	M
GB	AlanHaselhurst	Haselhurst, Alan	M
GB	AlanHaworth	Haworth, Alan Robert	M
GB	AlanHowarth	Howarth, Alan Thomas	M
GB	AlanJohnson	Johnson, Alan Arthur	M
GB	AlanMak	Mak, Alan	M
GB	AlanReid	Reid, Alan	M
GB	AlanSmith	Smith, Alan	M
GB	AlanSugar	Sugar, Alan	M
GB	AlanWatson	Watson, Alan	M
GB	AlanWest	West, Alan William John	M
GB	AlanWhitehead	Whitehead, Alan Patrick Vincent	M
GB	AlasdairMcDonnell	McDonnell, Alasdair	M
GB	AlastairBruce	Bruce, Alastair	M
GB	AlastairCooke	Cooke, Alastair	M
GB	AlastairGoodlad	Goodlad, Alastair Robertson	M
GB	AlastairRedfern	Redfern, Alastair	M
GB	AlbertOwen	Owen, Albert	M
GB	AlbertoCosta	Costa, Alberto Castrenze	M
GB	AlecBroers	Broers, Alec	M
GB	AlecShelbrooke	Shelbrooke, Alec	M
GB	AlexanderBeresford	Beresford, Alexander Paul	M
GB	AlexanderCarlile	Carlile, Alexander	M
GB	AlexanderCarmichael	Carmichael, Alexander Morrison	M
GB	AlexanderChalk	Chalk, Alexander John Gervase	M
GB	AlexanderCunningham	Cunningham, Alexander	M
GB	AlexanderFraser	Fraser, Alexander	M
GB	AlexanderJohnson	Johnson, Alexander Boris de Pfeffel	M
GB	AlexanderMartin	Martin, Alexander Gordon	M
GB	AlexanderNorman	Norman, Alexander Jesse	M
GB	AlexanderNorris	Norris, Alexander James Jorden	M
GB	AlexanderRandall	Randall, Alexander	M
GB	AlexanderSalmond	Salmond, Alexander Elliot Anderson	M
GB	AlexanderScrymgeour	Scrymgeour, Alexander	M
GB	AlexanderSobel	Sobel, Alexander David	M
GB	AlexanderStafford	Stafford, Alexander Paul Thomas	M
GB	AlexanderTrees	Trees, Alexander	M
GB	AlexandraDaviesJones	Davies-Jones, Alexandra Mary	F
GB	AlfredDubs	Dubs, Alfred	M
GB	AliciaKearns	Kearns, Alicia Alexandra Martha	F
GB	AliciaKennedy	Kennedy, Alicia	F
GB	AlisonMcGovern	McGovern, Alison	F
GB	AlisonSeabeck	Seabeck, Alison Jane	F
GB	AlisonSuttie	Suttie, Alison	F
GB	AlisonThewliss	Thewliss, Alison Emily	F
GB	AlisonWolf	Wolf, Alison	F
GB	AlistairBurt	Burt, Alistair James Hendrie	M
GB	AlistairCampbell	Campbell, Alistair	M
GB	AlistairDarling	Darling, Alistair	M
GB	AlisterJack	Jack, Alister William	M
GB	AllanDorans	Dorans, Allan Hopkins	M
GB	AlokSharma	Sharma, Alok Kumar	M
GB	AlunCairns	Cairns, Alun Hugh	M
GB	AlunCraigWilliams	Williams, Alun Craig	M
GB	AlynSmith	Smith, Alyn Edward	M
GB	AmandaMilling	Milling, Amanda Anne	F
GB	AmandaSater	Sater, Amanda	F
GB	AmandaSolloway	Solloway, Amanda Jane	F
GB	AmberRudd	Rudd, Amber	F
GB	AmbroseGreenway	Greenway, Ambrose Charles Drexel	M
GB	AmiraliBhatia	Bhatia, Amirali	M
GB	AmyCallaghan	Callaghan, Amy	F
GB	AmyasMorse	Morse, Amyas	M
GB	AnasSarwar	Sarwar, Anas	M
GB	AndreaJenkyns	Jenkyns, Andrea Marie	F
GB	AndreaLeadsom	Leadsom, Andrea Jacqueline	F
GB	AndrewAdonis	Adonis, Andrew	M
GB	AndrewBingham	Bingham, Andrew	M
GB	AndrewBowie	Bowie, Andrew Campbell	M
GB	AndrewBridgen	Bridgen, Andrew James	M
GB	AndrewBurnham	Burnham, Andrew Murray	M
GB	AndrewCarter	Carter, Andrew John	M
GB	AndrewCooper	Cooper, Andrew	M
GB	AndrewDunlop	Dunlop, Andrew	M
GB	AndrewFleming	Fleming, Andrew	M
GB	AndrewGeorge	George, Andrew Henry	M
GB	AndrewGriffith	Griffith, Andrew	M
GB	AndrewGriffiths	Griffiths, Andrew James	M
GB	AndrewGwynne	Gwynne, Andrew John	M
GB	AndrewHardie	Hardie, Andrew	M
GB	AndrewHendry	Hendry, Andrew Egan Henderson	M
GB	AndrewJones	Jones, Andrew Hanson	M
GB	AndrewLansley	Lansley, Andrew	M
GB	AndrewLewer	Lewer, Andrew Iain	M
GB	AndrewLloydWebber	Lloyd Webber, Andrew	M
GB	AndrewLove	Love, Andrew McCulloch	M
GB	AndrewMawson	Mawson, Andrew	M
GB	AndrewMcDonald	McDonald, Andrew Joseph	M
GB	AndrewMiller	Miller, Andrew Peter	M
GB	AndrewMitchell	Mitchell, Andrew John Bower	M
GB	AndrewMurrison	Murrison, Andrew William	M
GB	AndrewParker	Parker, Andrew	M
GB	AndrewPercy	Percy, Andrew Theakstone	M
GB	AndrewPhillips	Phillips, Andrew Wyndham	M
GB	AndrewRenfrew	Renfrew, Andrew Colin	M
GB	AndrewRobathan	Robathan, Andrew	M
GB	AndrewRosindell	Rosindell, Andrew Richard	M
GB	AndrewSawford	Sawford, Andrew	M
GB	AndrewSelous	Selous, Andrew Edmund Armstrong	M
GB	AndrewSharpe	Sharpe, Andrew	M
GB	AndrewSlaughter	Slaughter, Andrew Francis	M
GB	AndrewSmith	Smith, Andrew David	M
GB	AndrewStephenson	Stephenson, Andrew George	M
GB	AndrewStevenson	Stevenson, Andrew John	M
GB	AndrewStone	Stone, Andrew Zelig	M
GB	AndrewTurnbull	Turnbull, Andrew	M
GB	AndrewTurner	Turner, Andrew John	M
GB	AndrewTyrie	Tyrie, Andrew	M
GB	AndrewWatson	Watson, Andrew	M
GB	AneasMacKay	MacKay, Aneas	M
GB	AngelaBillingham	Billingham, Angela	F
GB	AngelaBray	Bray, Angela	F
GB	AngelaBrowning	Browning, Angela Frances	F
GB	AngelaCrawley	Crawley, Angela	F
GB	AngelaEagle	Eagle, Angela	F
GB	AngelaHarris	Harris, Angela	F
GB	AngelaRayner	Rayner, Angela	F
GB	AngelaRichardson	Richardson, Angela Joy	F
GB	AngelaSmith	Smith, Angela Christine	F
GB	AngelaSmith2	Smith, Angela	F
GB	AngelaWatkinson	Watkinson, Angela Eileen	F
GB	AngusMacNeil	MacNeil, Angus Brendan	M
GB	AngusMacdonald	Macdonald, Angus John	M
GB	AngusRobertson	Robertson, Angus	M
GB	AnitaGale	Gale, Anita	F
GB	AnnButlerSloss	Butler-Sloss, Ann	F
GB	AnnClwyd	Clwyd, Ann	F
GB	AnnCoffey	Coffey, Ann	F
GB	AnnMallalieu	Mallalieu, Ann	F
GB	AnnMcKechin	McKechin, Ann	F
GB	AnnaFirth	Firth, Anna	F
GB	AnnaHealy	Healy, Anna Mary	F
GB	AnnaMcMorrin	McMorrin, Anna Rhiannon	F
GB	AnnaSoubry	Soubry, Anna Mary	F
GB	AnnaTurley	Turley, Anna Catherine	F
GB	AnnabelGoldie	Goldie, Annabel	F
GB	AnneJenkin	Jenkin, Anne Caroline	F
GB	AnneMain	Main, Anne Margaret	F
GB	AnneMarieMorris	Morris, Anne Marie	F
GB	AnneMarieTrevelyan	Trevelyan, Anne-Marie Belinda	F
GB	AnneMcGuire	McGuire, Anne Catherine	F
GB	AnneMcIntosh	McIntosh, Anne	F
GB	AnneMilton	Milton, Anne Frances	F
GB	AnnelieseDodds	Dodds, Anneliese Jane	F
GB	AnnetteBrooke	Brooke, Annette Lesley	F
GB	AnthonyBaldry	Baldry, Anthony Brian	M
GB	AnthonyBamford	Bamford, Anthony	M
GB	AnthonyBrowne	Browne, Anthony Howe	M
GB	AnthonyChristopher	Christopher, Anthony	M
GB	AnthonyClarke	Clarke, Anthony James	M
GB	AnthonyGiddens	Giddens, Anthony	M
GB	AnthonyGrabiner	Grabiner, Anthony	M
GB	AnthonyGreaves	Greaves, Anthony Robert	M
GB	AnthonyGueterbock	Gueterbock, Anthony	M
GB	AnthonyLester	Lester, Anthony	M
GB	AnthonyLloyd	Lloyd, Anthony	M
GB	AnthonyLloyd2	Lloyd, Anthony Joseph	M
GB	AnthonyMangnall	Mangnall, Anthony James Holland	M
GB	AnthonyStJohn	St John, Anthony Tudor	M
GB	AnthonyTimpson	Timpson, Anthony Edward	M
GB	AnthonyWoodley	Woodley, Anthony	M
GB	AnthonyYoung	Young, Anthony	M
GB	AntoinetteSherrattSandbach	Sherratt (Sandbach), Antoinette Geraldine	F
GB	AntoniaAntoniazzi	Antoniazzi, Antonia Louise	F
GB	AntonyHigginbotham	Higginbotham, Antony	M
GB	AnumQaisar	Qaisar, Anum	F
GB	ApsanaBegum	Begum, Apsana	F
GB	AraDarzi	Darzi, Ara	M
GB	ArchibaldHamilton	Hamilton, Archibald Gavin	M
GB	ArchibaldKirkwood	Kirkwood, Archibald	M
GB	ArminkaHelic	Helic, Arminka	F
GB	ArthurGore	Gore, Arthur	M
GB	ArthurWellesley	Wellesley, Arthur	M
GB	AttaUrRehmanChishti	Chishti, Atta-Ur-Rehman	M
GB	AudreyEmerton	Emerton, Audrey	F
GB	AugustineODonnell	O'Donnell, Augustine	M
GB	AustinMitchell	Mitchell, Austin Vernon	M
GB	BarbaraJanke	Janke, Barbara	F
GB	BarbaraKeeley	Keeley, Barbara Mary	F
GB	BarbaraYoung	Young, Barbara	F
GB	BarryGardiner	Gardiner, Barry Strachan	M
GB	BarrySheerman	Sheerman, Barry John	M
GB	BeebanKidron	Kidron, Beeban	F
GB	BellaviaRibeiroAddy	Ribeiro-Addy, Bellavia Janet	F
GB	BenEveritt	Everitt, Ben	M
GB	BenHowlett	Howlett, Ben	M
GB	BenLake	Lake, Ben Morgan	M
GB	BenSpencer	Spencer, Ben	M
GB	BenedictGummer	Gummer, Benedict	M
GB	BenjaminBradley	Bradley, Benjamin David	M
GB	BenjaminBradshaw	Bradshaw, Benjamin Peter James	M
GB	BenjaminMancroft	Mancroft, Benjamin Lloyd Stormont	M
GB	BenjaminStoneham	Stoneham, Benjamin	M
GB	BernardDonoughue	Donoughue, Bernard	M
GB	BernardHoganHowe	Hogan-Howe, Bernard	M
GB	BernardJenkin	Jenkin, Bernard Christison	M
GB	BernardRibeiro	Ribeiro, Bernard Francisco	M
GB	BernardStewart	Stewart, Bernard	M
GB	BethanWinter	Winter, Bethan	F
GB	BettyBoothroyd	Boothroyd, Betty	F
GB	BeverleyHughes	Hughes, Beverley	F
GB	BhikhuParekh	Parekh, Bhikhu	M
GB	BrandonLewis	Lewis, Brandon Kenneth	M
GB	BrendaDean	Dean, Brenda	F
GB	BrendanClarkeSmith	Clarke-Smith, Brendan	M
GB	BrendanOHara	O'Hara, Brendan	M
GB	BrettElphicke	Elphicke, Brett Charles Anthony	M
GB	BrianBinley	Binley, Brian Arthur Roland	M
GB	BrianCotter	Cotter, Brian Joseph Michael	M
GB	BrianCotter2	Cotter, Brian Joseph Michael	M
GB	BrianDonohoe	Donohoe, Brian Harold	M
GB	BrianGriffiths	Griffiths, Brian	M
GB	BrianMackenzie	Mackenzie, Brian	M
GB	BrianMawhinney	Mawhinney, Brian	M
GB	BrianPaddick	Paddick, Brian	M
GB	BrianRix	Rix, Brian Norman Roger	M
GB	BridgetPhillipson	Phillipson, Bridget Maeve	F
GB	BrinleyDavies	Davies, Brinley	M
GB	BrooksNewmark	Newmark, Brooks Phillip Victor	M
GB	BruceGrocott	Grocott, Bruce Joseph	M
GB	BryanDavies	Davies, Bryan	M
GB	BryonyWorthington	Worthington, Bryony	F
GB	ByronDavies	Davies, Byron	M
GB	CallumMcCaig	McCaig, Callum	M
GB	CalumKerr	Kerr, Calum Robert	M
GB	CarlaLockhart	Lockhart, Carla Rebecca	F
GB	CarolMonaghan	Monaghan, Carol Frances	F
GB	CarolineAnsell	Ansell, Caroline	F
GB	CarolineChisholm	Chisholm, Caroline	F
GB	CarolineCox	Cox, Caroline Anne	F
GB	CarolineDinenage	Dinenage, Caroline Julia	F
GB	CarolineFlint	Flint, Caroline Louise	F
GB	CarolineJohnson	Johnson, Caroline Elizabeth	F
GB	CarolineLucas	Lucas, Caroline	F
GB	CarolineNokes	Nokes, Caroline Fiona Ellen	F
GB	CarolineSpelman	Spelman, Caroline Alice	F
GB	CarolynHarris	Harris, Carolyn	F
GB	CatharineHoey	Hoey, Catharine Letitia	F
GB	CatherineAshton	Ashton, Catherine	F
GB	CatherineBakewell	Bakewell, Catherine	F
GB	CatherineFall	Fall, Catherine	F
GB	CatherineHollern	Hollern, Catherine Malloy	F
GB	CatherineMcKinnell	McKinnell, Catherine	F
GB	CatherineMeyer	Meyer, Catherine	F
GB	CatherineSmith	Smith, Catherine Jane	F
GB	CatherineWest	West, Catherine Elizabeth	F
GB	CathyJamieson	Jamieson, Cathy	F
GB	CeliaThomas	Thomas, Celia Marjorie	F
GB	CharalambosCharalambous	Charalambous, Charalambos	M
GB	CharlesAllen	Allen, Charles	M
GB	CharlesCathcart	Cathcart, Charles	M
GB	CharlesChetwyndTalbot	Chetwynd-Talbot, Charles	M
GB	CharlesColville	Colville, Charles	M
GB	CharlesCourtenay	Courtenay, Charles	M
GB	CharlesCox	Cox, Charles Geoffrey	M
GB	CharlesDugdale	Dugdale, Charles	M
GB	CharlesEustice	Eustice, Charles George	M
GB	CharlesFalconer	Falconer, Charles	M
GB	CharlesHay	Hay, Charles	M
GB	CharlesHendry	Hendry, Charles	M
GB	CharlesKennedy	Kennedy, Charles Peter	M
GB	CharlesLyell	Lyell, Charles	M
GB	CharlesMoore	Moore, Charles	M
GB	CharlesPlumb	Plumb, Charles	M
GB	CharlesPowell	Powell, Charles David	M
GB	CharlesQuirk	Quirk, Charles Randolph	M
GB	CharlesSanderson	Sanderson, Charles Russell	M
GB	CharlesWalker	Walker, Charles Ashley Rupert	M
GB	CharlesWilliams	Williams, Charles	M
GB	CharlotteLeslie	Leslie, Charlotte	F
GB	CharlotteNichols	Nichols, Charlotte Louise	F
GB	CharlotteVere	Vere, Charlotte	F
GB	CherilynMackrory	Mackrory, Cherilyn	F
GB	CherylGillan	Gillan, Cheryl Elise Kendall	F
GB	ChinyeluOnwurah	Onwurah, Chinyelu Susan	F
GB	ChloeSmith	Smith, Chloe Rebecca	F
GB	ChrisKelly	Kelly, Chris	M
GB	ChrisPhilp	Philp, Chris Ian Brian Mynott	M
GB	ChrisWhite	White, Chris	M
GB	ChristianMatheson	Matheson, Christian John Patrick	M
GB	ChristianWakeford	Wakeford, Christian	M
GB	ChristinaRees	Rees, Christina Elizabeth	F
GB	ChristineBlower	Blower, Christine	F
GB	ChristineCrawley	Crawley, Christine Mary	F
GB	ChristineHardman	Hardman, Christine	F
GB	ChristineHumphreys	Humphreys, Christine	F
GB	ChristineJardine	Jardine, Christine Anne	F
GB	ChristopherBellamy	Bellamy, Christopher	M
GB	ChristopherBryant	Bryant, Christopher John	M
GB	ChristopherChessun	Chessun, Christopher	M
GB	ChristopherChope	Chope, Christopher Robert	M
GB	ChristopherClarkson	Clarkson, Christopher Mark	M
GB	ChristopherCocksworth	Cocksworth, Christopher	M
GB	ChristopherDavies	Davies, Christopher Paul	M
GB	ChristopherElmore	Elmore, Christopher Philip James	M
GB	ChristopherEvans	Evans, Christopher James	M
GB	ChristopherFarrelly	Farrelly, Christopher Paul	M
GB	ChristopherFoster	Foster, Christopher	M
GB	ChristopherFox	Fox, Christopher	M
GB	ChristopherGeidt	Geidt, Christopher	M
GB	ChristopherGrayling	Grayling, Christopher Stephen	M
GB	ChristopherGreen	Green, Christopher James	M
GB	ChristopherHaskins	Haskins, Christopher	M
GB	ChristopherHeatonHarris	Heaton-Harris, Christopher	M
GB	ChristopherHolmes	Holmes, Christopher	M
GB	ChristopherJames	James, Christopher	M
GB	ChristopherLaw	Law, Christopher Murray Alexander	M
GB	ChristopherLennie	Lennie, Christopher	M
GB	ChristopherLeslie	Leslie, Christopher Michael	M
GB	ChristopherLoder	Loder, Christopher Lionel John	M
GB	ChristopherLowson	Lowson, Christopher	M
GB	ChristopherMalthouse	Malthouse, Christopher Laurie	M
GB	ChristopherPatten	Patten, Christopher Francis	M
GB	ChristopherPincher	Pincher, Christopher John	M
GB	ChristopherRennard	Rennard, Christopher	M
GB	ChristopherRuane	Ruane, Christopher Shaun	M
GB	ChristopherSkidmore	Skidmore, Christopher James	M
GB	ChristopherSmith	Smith, Christopher	M
GB	ChristopherStephens	Stephens, Christopher Charles	M
GB	ChristopherSuensonTaylor	Suenson-Taylor, Christopher	M
GB	ChristopherTugendhat	Tugendhat, Christopher Samuel	M
GB	ChristopherWilliamson	Williamson, Christopher	M
GB	ChukaUmunna	Umunna, Chuka Harrison	M
GB	ClaireCoutinho	Coutinho, Claire Coryl Julia	F
GB	ClaireFox	Fox, Claire	F
GB	ClaireHanna	Hanna, Claire Aisling	F
GB	ClairePerry	Perry, Claire Louise	F
GB	ClaireTyler	Tyler, Claire	F
GB	ClaudiaWebbe	Webbe, Claudia Naomi	F
GB	CliveBetts	Betts, Clive James Charles	M
GB	CliveBrooke	Brooke, Clive	M
GB	CliveEfford	Efford, Clive Stanley	M
GB	CliveHollick	Hollick, Clive	M
GB	CliveLewis	Lewis, Clive Anthony	M
GB	CliveSoley	Soley, Clive	M
GB	ColinClark	Clark, Colin James	M
GB	ColinLow	Low, Colin MacKenzie	M
GB	ColinMoynihan	Moynihan, Colin	M
GB	ColleenFletcher	Fletcher, Colleen Margaret	F
GB	ColumEastwood	Eastwood, Colum	M
GB	ConorBurns	Burns, Conor	M
GB	ConorMcGinn	McGinn, Conor Patrick	M
GB	CorriWilson	Wilson, Corri	F
GB	CraigMackinlay	Mackinlay, Craig	M
GB	CraigTracey	Tracey, Craig Paul	M
GB	CraigWhittaker	Whittaker, Craig	M
GB	CrispinBlunt	Blunt, Crispin Jeremy Rupert	M
GB	DafyddElisThomas	Elis-Thomas, Dafydd	M
GB	DafyddElystanMorgan	Elystan-Morgan, Dafydd	M
GB	DafyddWigley	Wigley, Dafydd Wynne	M
GB	DaisyCooper	Cooper, Daisy	F
GB	DaleCampbellSavours	Campbell-Savours, Dale Norman	M
GB	DamianCollins	Collins, Damian Noel Thomas	M
GB	DamianGreen	Green, Damian Howard	M
GB	DamianHinds	Hinds, Damian Patrick George	M
GB	DamienMoore	Moore, Damien	M
GB	DanielAlexander	Alexander, Daniel Grian	M
GB	DanielBrennan	Brennan, Daniel	M
GB	DanielByles	Byles, Daniel	M
GB	DanielCarden	Carden, Daniel Joseph	M
GB	DanielFinkelstein	Finkelstein, Daniel	M
GB	DanielHannan	Hannan, Daniel	M
GB	DanielJarvis	Jarvis, Daniel Owen	M
GB	DanielKawczynski	Kawczynski, Daniel Robert	M
GB	DanielKruger	Kruger, Daniel Rayne	M
GB	DanielMosley	Mosley, Daniel	M
GB	DanielMoylan	Moylan, Daniel	M
GB	DanielPoulter	Poulter, Daniel Leonard James	M
GB	DanielRogerson	Rogerson, Daniel John	M
GB	DanielZeichner	Zeichner, Daniel Stephen	M
GB	DanielleRowley	Rowley, Danielle	F
GB	DannyKinahan	Kinahan, Danny	M
GB	DarrenHenry	Henry, Darren George	M
GB	DarrenJones	Jones, Darren Paul	M
GB	DaveWatts	Watts, Dave	M
GB	DavidAlton	Alton, David	M
GB	DavidAmess	Amess, David Anthony Andrew	M
GB	DavidAnderson	Anderson, David	M
GB	DavidAnderson2	Anderson, David	M
GB	DavidBlunkett	Blunkett, David	M
GB	DavidBrookman	Brookman, David	M
GB	DavidBrownlow	Brownlow, David	M
GB	DavidBurrowes	Burrowes, David John Barrington	M
GB	DavidCameron	Cameron, David William Donald	M
GB	DavidChidgey	Chidgey, David	M
GB	DavidClark	Clark, David George	M
GB	DavidCraig	Craig, David Brownrigg	M
GB	DavidCrausby	Crausby, David Anthony	M
GB	DavidCurrie	Currie, David Anthony	M
GB	DavidDavies	Davies, David Thomas Charles	M
GB	DavidDavis	Davis, David Michael	M
GB	DavidDoogan	Doogan, David Michael	M
GB	DavidDouglasHome	Douglas-Home, David	M
GB	DavidDrew	Drew, David	M
GB	DavidDuguid	Duguid, David James	M
GB	DavidEdwards	Edwards, David Jonathan	M
GB	DavidEvans	Evans, David Charles	M
GB	DavidEvennett	Evennett, David Anthony	M
GB	DavidFilkin	Filkin, David Geoffrey Nigel	M
GB	DavidFrancis	Francis, David Hywel	M
GB	DavidFreud	Freud, David	M
GB	DavidFrost	Frost, David	M
GB	DavidGauke	Gauke, David Michael	M
GB	DavidGoddard	Goddard, David	M
GB	DavidGold	Gold, David	M
GB	DavidHamilton	Hamilton, David	M
GB	DavidHannay	Hannay, David Hugh Alexander	M
GB	DavidHanson	Hanson, David George	M
GB	DavidHavard	Havard, David Stewart	M
GB	DavidHeath	Heath, David William St John	M
GB	DavidHowell	Howell, David Arthur Russell	M
GB	DavidHunt	Hunt, David James Fletcher	M
GB	DavidJames	James, David	M
GB	DavidJohnston	Johnston, David Mervyn	M
GB	DavidJones	Jones, David Ian	M
GB	DavidLammy	Lammy, David Lindon	M
GB	DavidLaws	Laws, David Anthony	M
GB	DavidLea	Lea, David Edward	M
GB	DavidLidington	Lidington, David Roy	M
GB	DavidLinden	Linden, David Melvyn	M
GB	DavidLipsey	Lipsey, David Lawrence	M
GB	DavidMackintosh	Mackintosh, David James	M
GB	DavidMaclean	Maclean, David John	M
GB	DavidMontgomery	Montgomery, David	M
GB	DavidMorris	Morris, David Thomas	M
GB	DavidMowat	Mowat, David	M
GB	DavidMundell	Mundell, David Gordon	M
GB	DavidNeuberger	Neuberger, David	M
GB	DavidNuttall	Nuttall, David	M
GB	DavidOwen	Owen, David	M
GB	DavidPannick	Pannick, David	M
GB	DavidPollock	Pollock, David Stephen Geoffrey	M
GB	DavidPrior	Prior, David	M
GB	DavidPuttnam	Puttnam, David Terence	M
GB	DavidRamsbotham	Ramsbotham, David John	M
GB	DavidRichards	Richards, David	M
GB	DavidRoweBeddoe	Rowe-Beddoe, David Sydney	M
GB	DavidRuffley	Ruffley, David Laurie	M
GB	DavidRutley	Rutley, David Henry	M
GB	DavidShutt	Shutt, David Trevor	M
GB	DavidSimmonds	Simmonds, David Timothy	M
GB	DavidSteel	Steel, David	M
GB	DavidStevens	Stevens, David Robert	M
GB	DavidStoddart	Stoddart, David	M
GB	DavidTredinnick	Tredinnick, David Arthur Stephen	M
GB	DavidTrefgarne	Trefgarne, David	M
GB	DavidTriesman	Triesman, David Maxim	M
GB	DavidUrquhart	Urquhart, David	M
GB	DavidWalker	Walker, David	M
GB	DavidWarburton	Warburton, David John	M
GB	DavidWard	Ward, David	M
GB	DavidWilletts	Willetts, David	M
GB	DavidWilson	Wilson, David Clive	M
GB	DavidWinnick	Winnick, David Julian	M
GB	DavidWolfson	Wolfson, David	M
GB	DavidWright	Wright, David	M
GB	DavidYoung	Young, David	M
GB	DawnButler	Butler, Dawn Petula	F
GB	DawnPrimarolo	Primarolo, Dawn	F
GB	DeanGodson	Godson, Dean	M
GB	DeanRussell	Russell, Dean	M
GB	DeborahAbrahams	Abrahams, Deborah Angela Elspeth Marie	F
GB	DeborahBull	Bull, Deborah	F
GB	DeborahStedmanScott	Stedman-Scott, Deborah	F
GB	DeborahWilcox	Wilcox, Deborah	F
GB	DehennaFareham	Fareham, Dehenna Sheridan	F
GB	DeidreBrock	Brock, Deidre Leanne	F
GB	DelythMorgan	Morgan, Delyth	F
GB	DenisTunnicliffe	Tunnicliffe, Denis	M
GB	DeniseKingsmill	Kingsmill, Denise	F
GB	DennisRogan	Rogan, Dennis Robert David	M
GB	DennisSkinner	Skinner, Dennis Edward	M
GB	DerekFoster	Foster, Derek	M
GB	DerekThomas	Thomas, Derek Gordon	M
GB	DesmondBrowne	Browne, Desmond	M
GB	DesmondSwayne	Swayne, Desmond Angus	M
GB	DettaOCathain	O'Cathain, Detta	F
GB	DianaBarran	Barran, Diana	F
GB	DianaEccles	Eccles, Diana Catherine	F
GB	DianaHarding	Harding, Diana	F
GB	DianaJohnson	Johnson, Diana Ruth	F
GB	DianaMaddock	Maddock, Diana Margaret	F
GB	DianaWarwick	Warwick, Diana Mary	F
GB	DianeAbbott	Abbott, Diane Julie	F
GB	DianneHayter	Hayter, Dianne	F
GB	DickTaverne	Taverne, Dick	M
GB	DigbyJones	Jones, Digby	M
GB	DiljitRana	Rana, Diljit	M
GB	DolarPopat	Popat, Dolar Amarshi	M
GB	DominicGrieve	Grieve, Dominic Charles Roberts	M
GB	DominicHubbard	Hubbard, Dominic	M
GB	DominicRaab	Raab, Dominic Rennie	M
GB	DonaldAnderson	Anderson, Donald	M
GB	DonaldCurry	Curry, Donald	M
GB	DonaldFoster	Foster, Donald	M
GB	DonaldMackay	Mackay, Donald	M
GB	DonaldSpargo	Spargo, Donald	M
GB	DonaldThomas	Thomas, Donald	M
GB	DoreenLawrence	Lawrence, Doreen	F
GB	DoreenMassey	Massey, Doreen	F
GB	DorotheaThornton	Thornton, Dorothea Glenys	F
GB	DorothyThornhill	Thornhill, Dorothy	F
GB	DouglasAlexander	Alexander, Douglas Garven	M
GB	DouglasChapman	Chapman, Douglas	M
GB	DouglasHacking	Hacking, Douglas	M
GB	DouglasHogg	Hogg, Douglas	M
GB	DouglasHurd	Hurd, Douglas Richard	M
GB	DouglasRoss	Ross, Douglas Gordon	M
GB	DuncanBaker	Baker, Duncan Charles	M
GB	DuncanHames	Hames, Duncan	M
GB	EdmundBrowne	Browne, Edmund	M
GB	EdmundCrisp	Crisp, Edmund	M
GB	EdmundHughes	Hughes, Edmund Francis	M
GB	EdwardArgar	Argar, Edward John Comport	M
GB	EdwardBalls	Balls, Edward Michael	M
GB	EdwardDavey	Davey, Edward Jonathon	M
GB	EdwardDavies	Davies, Edward Glyn	M
GB	EdwardFaulks	Faulks, Edward	M
GB	EdwardFoljambe	Foljambe, Edward	M
GB	EdwardGarnier	Garnier, Edward	M
GB	EdwardGrigg	Grigg, Edward	M
GB	EdwardLeigh	Leigh, Edward Julian Egerton	M
GB	EdwardMiliband	Miliband, Edward Samuel	M
GB	EdwardRazzall	Razzall, Edward Timothy	M
GB	EdwardRowlands	Rowlands, Edward	M
GB	EdwardUdnyLister	Udny-Lister, Edward	M
GB	EdwardVaizey	Vaizey, Edward	M
GB	EilidhWhiteford	Whiteford, Eilidh	F
GB	ElaineMurphy	Murphy, Elaine	F
GB	EleanorLaing	Laing, Eleanor Fulton	F
GB	EleanorReeves	Reeves, Eleanor Claire	F
GB	EleanorSmith	Smith, Eleanor Patricia	F
GB	ElfynLlwyd	Llwyd, Elfyn	M
GB	ElizabethAndrews	Andrews, Elizabeth	F
GB	ElizabethAnneMcLaughlin	McLaughlin, Elizabeth Anne	F
GB	ElizabethBarker	Barker, Elizabeth	F
GB	ElizabethBerridge	Berridge, Elizabeth Rose	F
GB	ElizabethDoocey	Doocey, Elizabeth Deirdre	F
GB	ElizabethKendall	Kendall, Elizabeth Louise	F
GB	ElizabethLane	Lane, Elizabeth Jane Holden	F
GB	ElizabethManninghamBuller	Manningham-Buller, Elizabeth	F
GB	ElizabethMcInnes	McInnes, Elizabeth Anne	F
GB	ElizabethRedfern	Redfern, Elizabeth	F
GB	ElizabethSanderson	Sanderson, Elizabeth	F
GB	ElizabethSugg	Sugg, Elizabeth	F
GB	ElizabethSymons	Symons, Elizabeth Conway	F
GB	ElizabethTruss	Truss, Elizabeth Mary	F
GB	EllenEaton	Eaton, Ellen	F
GB	ElliotColburn	Colburn, Elliot	M
GB	ElspethHowe	Howe, Elspeth	F
GB	EmilyThornberry	Thornberry, Emily	F
GB	EmmaDentCoad	Dent Coad, Emma	F
GB	EmmaHardy	Hardy, Emma Ann	F
GB	EmmaLewellBuck	Lewell-Buck, Emma Louise	F
GB	EmmaLittlePengelly	Little Pengelly, Emma	F
GB	EmmaNicholson	Nicholson, Emma	F
GB	EmmaPidding	Pidding, Emma	F
GB	EmmaReynolds	Reynolds, Emma Elizabeth	F
GB	EricHoyle	Hoyle, Eric	M
GB	EricJoyce	Joyce, Eric Stuart	M
GB	EricLubbock	Lubbock, Eric	M
GB	EricOllerenshaw	Ollerenshaw, Eric	M
GB	EricPickles	Pickles, Eric	M
GB	ErnestOxburgh	Oxburgh, Ernest Ronald	M
GB	EstelleMorris	Morris, Estelle	F
GB	EstherMcVey	McVey, Esther Louise	F
GB	EuanGeddes	Geddes, Euan Michael Ross	M
GB	EvgenyLebedev	Lebedev, Evgeny	M
GB	EwenCameron	Cameron, Ewen	M
GB	FabianHamilton	Hamilton, Fabian	M
GB	FayJones	Jones, Fay Alicia	F
GB	FeliciaDrummond	Drummond, Felicia Jane Beatrix	F
GB	FelicityBuchan	Buchan, Felicity Christiana	F
GB	FeryalClark	Clark, Feryal Demirci	F
GB	FionaBruce	Bruce, Fiona Claire	F
GB	FionaHodgson	Hodgson, Fiona	F
GB	FionaMactaggart	Mactaggart, Fiona Margaret	F
GB	FionaODonnell	O'Donnell, Fiona	F
GB	FionaOnasanya	Onasanya, Fiona Oluyinka	F
GB	FionaShackleton	Shackleton, Fiona Sara	F
GB	FleurAnderson	Anderson, Fleur	F
GB	FloellaBenjamin	Benjamin, Floella	F
GB	FlorenceEshalomi	Eshalomi, Florence	F
GB	FrancesDSouza	D'Souza, Frances	F
GB	FrancisBaring	Baring, Francis Thomas	M
GB	FrancisDannatt	Dannatt, Francis Richard	M
GB	FrancisHare	Hare, Francis	M
GB	FrancisMaude	Maude, Francis	M
GB	FrankDobson	Dobson, Frank Gordon	M
GB	FrankDoran	Doran, Frank	M
GB	FrankField	Field, Frank	M
GB	FrankJudd	Judd, Frank Ashcroft	M
GB	FrankRoy	Roy, Frank	M
GB	FrederickButler	Butler, Frederick	M
GB	FrederickCurzon	Curzon, Frederick Richard Penn	M
GB	FrederickPonsonby	Ponsonby, Frederick	M
GB	GabrielleBertin	Bertin, Gabrielle	F
GB	GaganMohindra	Mohindra, Gagan	M
GB	GailRebuck	Rebuck, Gail	F
GB	GarethBacon	Bacon, Gareth Andrew	M
GB	GarethDavies	Davies, Gareth Mark	M
GB	GarethJohnson	Johnson, Gareth Alan	M
GB	GarethSnell	Snell, Gareth Craig	M
GB	GarethThomas	Thomas, Gareth	M
GB	GarryHart	Hart, Garry Richard Rushby	M
GB	GaryPorter	Porter, Gary	M
GB	GarySambrook	Sambrook, Gary William	M
GB	GaryStreeter	Streeter, Gary Nicholas	M
GB	GavinBarwell	Barwell, Gavin	M
GB	GavinNewlands	Newlands, Gavin Andrew Stuart	M
GB	GavinRobinson	Robinson, Gavin James	M
GB	GavinShuker	Shuker, Gavin	M
GB	GavinWilliamson	Williamson, Gavin Alexander	M
GB	GemmaDoyle	Doyle, Gemma	F
GB	GenistaMcIntosh	McIntosh, Genista Mary	F
GB	GeoffreyBorwick	Borwick, Geoffrey	M
GB	GeoffreyCliftonBrown	Clifton-Brown, Geoffrey Robert	M
GB	GeoffreyDear	Dear, Geoffrey	M
GB	GeoffreyRobinson	Robinson, Geoffrey	M
GB	GeorgeCarey	Carey, George	M
GB	GeorgeDuncanSmith	Duncan Smith, George Iain	M
GB	GeorgeFoulkes	Foulkes, George	M
GB	GeorgeFreeman	Freeman, George William	M
GB	GeorgeGalloway	Galloway, George	M
GB	GeorgeHollingbery	Hollingbery, George Michael Edward	M
GB	GeorgeHowarth	Howarth, George Edward	M
GB	GeorgeKerevan	Kerevan, George	M
GB	GeorgeMallochBrown	Malloch-Brown, George	M
GB	GeorgeOsborne	Osborne, George Gideon Oliver	M
GB	GeorgeRobertson	Robertson, George	M
GB	GeorgeWillis	Willis, George Philip	M
GB	GeorgeWillis2	Willis, George	M
GB	GeorgeYoung	Young, George	M
GB	GeraintDavies	Davies, Geraint Richard	M
GB	GeraldGrimstone	Grimstone, Gerald	M
GB	GeraldJones	Jones, Gerald	M
GB	GeraldKaufman	Kaufman, Gerald Bernard	M
GB	GerardKillen	Killen, Gerard	M
GB	GerardSutcliffe	Sutcliffe, Gerard	M
GB	GiacomoLopresti	Lopresti, Giacomo	M
GB	GilesGoschen	Goschen, Giles John Harry	M
GB	GilesRadice	Radice, Giles	M
GB	GilesWatling	Watling, Giles Francis	M
GB	GillianFurniss	Furniss, Gillian	F
GB	GillianKeegan	Keegan, Gillian	F
GB	GillianMerron	Merron, Gillian	F
GB	GillianShephard	Shephard, Gillian Patricia	F
GB	GiselaStuart	Stuart, Gisela	F
GB	GlendaJackson	Jackson, Glenda May	F
GB	GlenysKinnock	Kinnock, Glenys	F
GB	GloriaDePiero	De Piero, Gloria	F
GB	GloriaHooper	Hooper, Gloria Dorothy	F
GB	GodfreyBewickeCopley	Bewicke-Copley, Godfrey	M
GB	GordonBanks	Banks, Gordon Raymond	M
GB	GordonBirtwistle	Birtwistle, Gordon	M
GB	GordonHenderson	Henderson, Gordon Leonard	M
GB	GordonMarsden	Marsden, Gordon	M
GB	GordonWasserman	Wasserman, Gordon	M
GB	GraemeMorrice	Morrice, Graeme	M
GB	GrahamAllen	Allen, Graham William	M
GB	GrahamBrady	Brady, Graham Stuart	M
GB	GrahamEvans	Evans, Graham	M
GB	GrahamJames	James, Graham Richard	M
GB	GrahamJones	Jones, Graham Peter	M
GB	GrahamKirkham	Kirkham, Graham	M
GB	GrahamStirrup	Stirrup, Graham	M
GB	GrahamStringer	Stringer, Graham Eric	M
GB	GrahamStuart	Stuart, Graham Charles	M
GB	GrahamTope	Tope, Graham Norman	M
GB	GrahameMorris	Morris, Grahame Mark	M
GB	GrantShapps	Shapps, Grant	M
GB	GregSmith	Smith, Greg	M
GB	GreggMcClymont	McClymont, Gregg	M
GB	GregoryBarker	Barker, Gregory	M
GB	GregoryCampbell	Campbell, Gregory Lloyd	M
GB	GregoryClark	Clark, Gregory David	M
GB	GregoryHands	Hands, Gregory William	M
GB	GregoryKnight	Knight, Gregory	M
GB	GregoryMulholland	Mulholland, Gregory Thomas	M
GB	GrevilleHoward	Howard, Greville Patrick Charles	M
GB	GulnarFrancisDehqani	Francis-Dehqani, Gulnar	F
GB	GutoBebb	Bebb, Guto ap Owain	M
GB	GuyBlack	Black, Guy Vaughan	M
GB	GuyMansfield	Mansfield, Guy	M
GB	GuyOpperman	Opperman, Guy Thomas	M
GB	HalehAfshar	Afshar, Haleh	F
GB	HannahBardell	Bardell, Hannah Mary	F
GB	HaroldKalms	Kalms, Harold	M
GB	HarrietHarman	Harman, Harriet Ruth	F
GB	HarriettBaldwin	Baldwin, Harriett Mary Morison	F
GB	HarryHarpham	Harpham, Harry	M
GB	HarryWoolf	Woolf, Harry Kenneth	M
GB	HazelBlears	Blears, Hazel Anne	F
GB	HazelByford	Byford, Hazel	F
GB	HeatherHallett	Hallett, Heather	F
GB	HeatherWheeler	Wheeler, Heather Kay	F
GB	HectorMacKenzie	MacKenzie, Hector	M
GB	HeidiAlexander	Alexander, Heidi	F
GB	HeidiSuzanneAllen	Allen, Heidi-Suzanne	F
GB	HelenGoodman	Goodman, Helen Catherine	F
GB	HelenGrant	Grant, Helen	F
GB	HelenHayes	Hayes, Helen Elizabeth	F
GB	HelenJones	Jones, Helen Mary	F
GB	HelenLiddell	Liddell, Helen Lawrie	F
GB	HelenMorgan	Morgan, Helen Margaret Lilian	F
GB	HelenNewlove	Newlove, Helen Margaret	F
GB	HelenWarnock	Warnock, Helen	F
GB	HelenWhately	Whately, Helen Olivia Bicknell	F
GB	HelenaKennedy	Kennedy, Helena	F
GB	HelenaMorrisey	Morrisey, Helena	F
GB	HeleneHayman	Hayman, Helene Valerie	F
GB	HenryBellingham	Bellingham, Henry	M
GB	HenrySmith	Smith, Henry Edward Millar	M
GB	HerbertCayzer	Cayzer, Herbert	M
GB	HermanOuseley	Ouseley, Herman George	M
GB	HilaryArmstrong	Armstrong, Hilary	F
GB	HilaryArmstrong2	Armstrong, Hilary Jane	F
GB	HilaryBenn	Benn, Hilary James	M
GB	HilaryCavendish	Cavendish, Hilary	F
GB	HollyMumbyCroft	Mumby-Croft, Holly	F
GB	HollyWalkerLynch	Walker-Lynch, Holly Jamie	F
GB	HowardFlight	Flight, Howard Emerson	M
GB	HowardFlight2	Flight, Howard Emerson	M
GB	HowardLeigh	Leigh, Howard	M
GB	HughBayley	Bayley, Hugh	M
GB	HughDykes	Dykes, Hugh	M
GB	HughGaffney	Gaffney, Hugh Lawrence	M
GB	HughRobertson	Robertson, Hugh Michael	M
GB	HughThomas	Thomas, Hugh Swynnerton	M
GB	HughTrenchard	Trenchard, Hugh	M
GB	HugoSwire	Swire, Hugo	M
GB	HuwMerriman	Merriman, Huw William	M
GB	HywelWilliams	Williams, Hywel	M
GB	IainMcKenzie	McKenzie, Iain	M
GB	IainMcNicol	McNicol, Iain	M
GB	IainStewart	Stewart, Iain Aitken	M
GB	IainWright	Wright, Iain David	M
GB	IanAustin	Austin, Ian	M
GB	IanBlackford	Blackford, Ian	M
GB	IanBlair	Blair, Ian Warwick	M
GB	IanBotham	Botham, Ian	M
GB	IanByrne	Byrne, Ian Robert	M
GB	IanDavidson	Davidson, Ian Graham	M
GB	IanDuncan	Duncan, Ian	M
GB	IanHamiltonSmith	Hamilton-Smith, Ian Anthony	M
GB	IanLang	Lang, Ian Bruce	M
GB	IanLavery	Lavery, Ian	M
GB	IanLevy	Levy, Ian	M
GB	IanLiddellGrainger	Liddell-Grainger, Ian Richard Peregrine	M
GB	IanLivingston	Livingston, Ian	M
GB	IanLucas	Lucas, Ian Colin	M
GB	IanMacpherson	Macpherson, Ian	M
GB	IanMcColl	McColl, Ian	M
GB	IanMurray	Murray, Ian	M
GB	IanPaisley	Paisley, Ian Richard Kyle	M
GB	IanSwales	Swales, Ian	M
GB	IanWrigglesworth	Wrigglesworth, Ian	M
GB	IforIrrancaDavies	Irranca-Davies, Ifor Huw	M
GB	IgorJudge	Judge, Igor	M
GB	IloraFinlay	Finlay, Ilora Gillian	F
GB	ImranAhmadKhan	Ahmad Khan, Imran Nasir	M
GB	ImranHussain	Hussain, Imran	M
GB	IndarjitSingh	Singh, Indarjit	M
GB	IvanLewis	Lewis, Ivan	M
GB	IvonMooreBrabazon	Moore-Brabazon, Ivon	M
GB	IvorRichard	Richard, Ivor Seward	M
GB	JackBrereton	Brereton, Jack Edgar	M
GB	JackMcConnell	McConnell, Jack Wilson	M
GB	JacobReesMogg	Rees-Mogg, Jacob William	M
GB	JacobYoung	Young, Jacob	M
GB	JacquelineDoylePrice	Doyle-Price, Jacqueline	F
GB	JacquelineFoster	Foster, Jacqueline	F
GB	JamesArbuthnot	Arbuthnot, James	M
GB	JamesBerry	Berry, James Michael Ellwood	M
GB	JamesBerry2	Berry, James Jacob Gilchrist	M
GB	JamesBethell	Bethell, James	M
GB	JamesBridges	Bridges, James	M
GB	JamesBrokenshire	Brokenshire, James Peter	M
GB	JamesBrown	Brown, James Gordon	M
GB	JamesCartlidge	Cartlidge, James Roger	M
GB	JamesCleverly	Cleverly, James Spencer	M
GB	JamesCunningham	Cunningham, James Dolan	M
GB	JamesDaly	Daly, James Barry	M
GB	JamesDavies	Davies, James Michael	M
GB	JamesDouglasHamilton	Douglas-Hamilton, James Alexander	M
GB	JamesDowd	Dowd, James Patrick	M
GB	JamesDuddridge	Duddridge, James Philip	M
GB	JamesFitzpatrick	Fitzpatrick, James	M
GB	JamesFrith	Frith, James Richard	M
GB	JamesGordon	Gordon, James	M
GB	JamesGraham	Graham, James	M
GB	JamesGray	Gray, James Whiteside	M
GB	JamesGrundy	Grundy, James Nelson	M
GB	JamesHeappey	Heappey, James Stephen	M
GB	JamesHood	Hood, James	M
GB	JamesHope	Hope, James	M
GB	JamesHowarth	Howarth, James Gerald Douglas	M
GB	JamesKnight	Knight, James Philip	M
GB	JamesLangstaff	Langstaff, James	M
GB	JamesLindesayBethune	Lindesay-Bethune, James	M
GB	JamesLupton	Lupton, James	M
GB	JamesMackay	Mackay, James Peter Hymers	M
GB	JamesMcGovern	McGovern, James	M
GB	JamesMcMahon	McMahon, James	M
GB	JamesMearns	Mearns, James Ian	M
GB	JamesMorris	Morris, James	M
GB	JamesMurphy	Murphy, James	M
GB	JamesMurray	Murray, James Stewart	M
GB	JamesNealeHanvey	Hanvey, James Neale	M
GB	JamesNewcome	Newcome, James	M
GB	JamesOShaughnessy	O’Shaughnessy, James	M
GB	JamesPaice	Paice, James Edward Thornton	M
GB	JamesPalumbo	Palumbo, James	M
GB	JamesSassoon	Sassoon, James Meyer	M
GB	JamesSheridan	Sheridan, James	M
GB	JamesStopford	Stopford, James	M
GB	JamesSunderland	Sunderland, James	M
GB	JamesTouhig	Touhig, James Donnelly	M
GB	JamesWallace	Wallace, James	M
GB	JamesWharton	Wharton, James	M
GB	JamesWild	Wild, James Oliver	M
GB	JamesYounger	Younger, James	M
GB	JamieStone	Stone, Jamie Hume	M
GB	JamieWallis	Wallis, Jamie Hamilton	M
GB	JamiesonReed	Reed, Jamieson Ronald	M
GB	JanSimon	Simon, Jan	M
GB	JaneBonhamCarter	Bonham Carter, Jane	F
GB	JaneCampbell	Campbell, Jane Susan	F
GB	JaneDodds	Dodds, Jane	F
GB	JaneEllison	Ellison, Jane	F
GB	JaneHunt	Hunt, Jane Marion	F
GB	JaneScott	Scott, Jane	F
GB	JaneStevenson	Stevenson, Jane Fiona Catherine	F
GB	JanetCohen	Cohen, Janet	F
GB	JanetDaby	Daby, Janet Jessica	F
GB	JanetFookes	Fookes, Janet Evelyn	F
GB	JanetRoyall	Royall, Janet	F
GB	JanetWhitaker	Whitaker, Janet Alison	F
GB	JanricCraig	Craig, Janric Fraser	M
GB	JaredOMara	O'Mara, Jared	M
GB	JasonMcCartney	McCartney, Jason	M
GB	JassetOrmsbyGore	Ormsby Gore, Jasset	M
GB	JeanBarker	Barker, Jean	F
GB	JeanCorston	Corston, Jean Ann	F
GB	JeanCoussins	Coussins, Jean	F
GB	JeanDrake	Drake, Jean Lesley Patricia	F
GB	JeffreyDonaldson	Donaldson, Jeffrey Mark	M
GB	JeffreyEvans	Evans, Jeffrey	M
GB	JeffreyRooker	Rooker, Jeffrey	M
GB	JeffreySmith	Smith, Jeffrey	M
GB	JeffreySterling	Sterling, Jeffrey	M
GB	JenniferHilton	Hilton, Jennifer	F
GB	JenniferJones	Jones, Jennifer	F
GB	JenniferRanderson	Randerson, Jennifer Elizabeth	F
GB	JenniferTonge	Tonge, Jennifer Louise	F
GB	JenniferWillott	Willott, Jennifer Nancy	F
GB	JennyChapman	Chapman, Jenny	F
GB	JeremyAshdown	Ashdown, Jeremy	M
GB	JeremyBeecham	Beecham, Jeremy Hugh	M
GB	JeremyBrowne	Browne, Jeremy Richard	M
GB	JeremyCorbyn	Corbyn, Jeremy Bernard	M
GB	JeremyHunt	Hunt, Jeremy Richard Streynsham	M
GB	JeremyLefroy	Lefroy, Jeremy John Elton	M
GB	JeremyPurvis	Purvis, Jeremy	M
GB	JeremyQuin	Quin, Jeremy Mark	M
GB	JeremyWright	Wright, Jeremy Paul	M
GB	JeromeMayhew	Mayhew, Jerome Patrick Burke	M
GB	JessicaLee	Lee, Jessica	F
GB	JessicaMorden	Morden, Jessica Elizabeth	F
GB	JessicaPhillips	Phillips, Jessica Rose	F
GB	JillMortimer	Mortimer, Jill	F
GB	JillPitkeathley	Pitkeathley, Jill	F
GB	JiteshGadhia	Gadhia, Jitesh	M
GB	JoCox	Cox, Jo	F
GB	JoJohnson	Johnson, Jo	M
GB	JoanBakewell	Bakewell, Joan	F
GB	JoanHanham	Hanham, Joan	F
GB	JoanKnight	Knight, Joan	F
GB	JoanRuddock	Ruddock, Joan Mary	F
GB	JoanRyan	Ryan, Joan Marie	F
GB	JoanSeccombe	Seccombe, Joan Anna Dalziel	F
GB	JoanWalley	Walley, Joan Lorraine	F
GB	JoanWalmsley	Walmsley, Joan	F
GB	JoannaCherry	Cherry, Joanna Catherine	F
GB	JoannaGideon	Gideon, Joanna Mary	F
GB	JoannaPenn	Penn, Joanna	F
GB	JoannaShields	Shields, Joanna	F
GB	JoannaStevens	Stevens, Joanna Meriel	F
GB	JoannePlatt	Platt, Joanne Marie	F
GB	JoanneSwinson	Swinson, Joanne Kate	F
GB	JoelJoffe	Joffe, Joel	M
GB	JohannaChurchill	Churchill, Johanna Peta	F
GB	JohnAlderdice	Alderdice, John	M
GB	JohnAnderson	Anderson, John	M
GB	JohnAstor	Astor, John	M
GB	JohnAttlee	Attlee, John	M
GB	JohnBaron	Baron, John Charles	M
GB	JohnBassam	Bassam, John	M
GB	JohnBercow	Bercow, John Simon	M
GB	JohnBird	Bird, John	M
GB	JohnBirt	Birt, John	M
GB	JohnBoyle	Boyle, John	M
GB	JohnBurnett	Burnett, John	M
GB	JohnCable	Cable, John Vincent	M
GB	JohnCarswell	Carswell, John Douglas Wilson	M
GB	JohnColville	Colville, John Mark Alexander	M
GB	JohnCope	Cope, John	M
GB	JohnCryer	Cryer, John Robert	M
GB	JohnCunningham	Cunningham, John Anderson	M
GB	JohnDalrymple	Dalrymple, John	M
GB	JohnDavies	Davies, John	M
GB	JohnDenham	Denham, John Yorke	M
GB	JohnDromey	Dromey, John Eugene Joseph	M
GB	JohnDurkan	Durkan, John Mark	M
GB	JohnEatwell	Eatwell, John	M
GB	JohnEccles	Eccles, John Dawson	M
GB	JohnEden	Eden, John	M
GB	JohnGardiner	Gardiner, John Eric	M
GB	JohnGeoffrey	Geoffrey, John	M
GB	JohnGlen	Glen, John Philip	M
GB	JohnGrogan	Grogan, John Timothy	M
GB	JohnGummer	Gummer, John	M
GB	JohnHayes	Hayes, John Henry	M
GB	JohnHealey	Healey, John	M
GB	JohnHemming	Hemming, John Alexander Melvin	M
GB	JohnHendy	Hendy, John	M
GB	JohnHoram	Horam, John	M
GB	JohnHoughton	Houghton, John	M
GB	JohnHowell	Howell, John Michael	M
GB	JohnHutton	Hutton, John Matthew Patrick	M
GB	JohnKerr	Kerr, John	M
GB	JohnKrebs	Krebs, John	M
GB	JohnLaird	Laird, John Dunn	M
GB	JohnLamont	Lamont, John Robert	M
GB	JohnLee	Lee, John	M
GB	JohnLeech	Leech, John Sampson Macfarlane	M
GB	JohnLytton	Lytton, John	M
GB	JohnMacGregor	MacGregor, John	M
GB	JohnMann	Mann, John	M
GB	JohnMaxton	Maxton, John Alston	M
GB	JohnMcCluskey	McCluskey, John	M
GB	JohnMcDonnell	McDonnell, John Martin	M
GB	JohnMcFall	McFall, John	M
GB	JohnMcNally	McNally, John Joseph	M
GB	JohnMercer	Mercer, John Luther	M
GB	JohnMonks	Monks, John Stephen	M
GB	JohnMontagu	Montagu, John	M
GB	JohnMorris	Morris, John	M
GB	JohnNash	Nash, John	M
GB	JohnNicolson	Nicolson, John MacKenzie	M
GB	JohnPalmer	Palmer, John	M
GB	JohnPatten	Patten, John	M
GB	JohnPenrose	Penrose, John David	M
GB	JohnPrescott	Prescott, John	M
GB	JohnPugh	Pugh, John David	M
GB	JohnRea	Rea, John	M
GB	JohnRedwood	Redwood, John Alan	M
GB	JohnReid	Reid, John	M
GB	JohnRoberts	Roberts, John Roger	M
GB	JohnRobertson	Robertson, John	M
GB	JohnSentamu	Sentamu, John	M
GB	JohnSewel	Sewel, John	M
GB	JohnSeymour	Seymour, John	M
GB	JohnSharkey	Sharkey, John Kevin	M
GB	JohnShipley	Shipley, John Warren	M
GB	JohnSlim	Slim, John Douglas	M
GB	JohnSpellar	Spellar, John Francis	M
GB	JohnStanley	Stanley, John Paul	M
GB	JohnStevens	Stevens, John	M
GB	JohnStraw	Straw, John Whitaker	M
GB	JohnTaylor	Taylor, John	M
GB	JohnTaylor2	Taylor, John	M
GB	JohnTaylor3	Taylor, John	M
GB	JohnThurso	Thurso, John	M
GB	JohnTomlinson	Tomlinson, John	M
GB	JohnTwigg	Twigg, John Derek	M
GB	JohnWakeham	Wakeham, John	M
GB	JohnWalton	Walton, John Nicholas	M
GB	JohnWharton	Wharton, John Martin	M
GB	JohnWhittingdale	Whittingdale, John Flasby Lawrance	M
GB	JohnWhitty	Whitty, John Lawrence	M
GB	JohnWoodcock	Woodcock, John	M
GB	JonTrickett	Trickett, Jon Hedley	M
GB	JonathanAshworth	Ashworth, Jonathan Michael Graham	M
GB	JonathanBerry	Berry, Jonathan	M
GB	JonathanCaine	Caine, Jonathan	M
GB	JonathanCruddas	Cruddas, Jonathan	M
GB	JonathanDjanogly	Djanogly, Jonathan Simon	M
GB	JonathanEvans	Evans, Jonathan	M
GB	JonathanEvans2	Evans, Jonathan Peter	M
GB	JonathanGledhill	Gledhill, Jonathan	M
GB	JonathanGullis	Gullis, Jonathan Edward	M
GB	JonathanHarris	Harris, Jonathan Toby	M
GB	JonathanHopkin	Hopkin, Jonathan	M
GB	JonathanKestenbaum	Kestenbaum, Jonathan	M
GB	JonathanLord	Lord, Jonathan George Caladine	M
GB	JonathanMance	Mance, Jonathan	M
GB	JonathanMarks	Marks, Jonathan	M
GB	JonathanMarland	Marland, Jonathan Peter	M
GB	JonathanMendelsohn	Mendelsohn, Jonathan	M
GB	JonathanOates	Oates, Jonathan	M
GB	JonathanReynolds	Reynolds, Jonathan Neil	M
GB	JonathanSacks	Sacks, Jonathan	M
GB	JonathanTurner	Turner, Jonathan	M
GB	JosephMeale	Meale, Joseph Alan	M
GB	JosephineFarrington	Farrington, Josephine	F
GB	JosephineValentine	Valentine, Josephine	F
GB	JoyMorrissey	Morrissey, Joy Inboden	F
GB	JoyceAnelay	Anelay, Joyce	F
GB	JoyceGould	Gould, Joyce Brenda	F
GB	JoyceQuin	Quin, Joyce Gwendolen	F
GB	JudithBlake	Blake, Judith	F
GB	JudithCummins	Cummins, Judith Mary	F
GB	JudithJolly	Jolly, Judith Anne	F
GB	JudithWilcox	Wilcox, Judith	F
GB	JuliaCumberlege	Cumberlege, Julia Frances	F
GB	JuliaKing	King, Julia	F
GB	JuliaLopez	Lopez, Julia Louise	F
GB	JuliaNeuberger	Neuberger, Julia	F
GB	JulianBrazier	Brazier, Julian William Hendy	M
GB	JulianFellowes	Fellowes, Julian	M
GB	JulianHenderson	Henderson, Julian	M
GB	JulianHunt	Hunt, Julian Charles Roland	M
GB	JulianHuppert	Huppert, Julian	M
GB	JulianKnight	Knight, Julian Carlton	M
GB	JulianLewis	Lewis, Julian Murray	M
GB	JulianSmith	Smith, Julian Richard	M
GB	JulianSturdy	Sturdy, Julian Charles	M
GB	JulieCooper	Cooper, Julie Elizabeth	F
GB	JulieElliott	Elliott, Julie	F
GB	JulieHilling	Hilling, Julie	F
GB	JulieMarson	Marson, Julie	F
GB	JulieSmith	Smith, Julie	F
GB	JustinMadders	Madders, Justin Piers Richard	M
GB	JustinTomlinson	Tomlinson, Justin Paul	M
GB	JustinWelby	Welby, Justin	M
GB	JustineGreening	Greening, Justine	F
GB	KamleshPatel	Patel, Kamlesh	M
GB	KaranBilimoria	Bilimoria, Karan	M
GB	KarenBradley	Bradley, Karen Anne	F
GB	KarenBuck	Buck, Karen Patricia	F
GB	KarenLee	Lee, Karen Elizabeth	F
GB	KarenLumley	Lumley, Karen	F
GB	KarinSmyth	Smyth, Karin Marguerite	F
GB	KarlMcCartney	McCartney, Karl	M
GB	KarlTurner	Turner, Karl	M
GB	KarrenBrady	Brady, Karren	F
GB	KateKniveton	Kniveton, Kate Elizabeth	F
GB	KateOsamor	Osamor, Kate Ofunne	F
GB	KateRock	Rock, Kate	F
GB	KatharineBrooksOsborne	Brooks-Osborne, Katharine Helen	F
GB	KatherineAdams	Adams, Katherine	F
GB	KatherineFletcher	Fletcher, Katherine	F
GB	KatherineGreen	Green, Katherine Anne	F
GB	KathleenRichardson	Richardson, Kathleen Margaret	F
GB	KathrynParminter	Parminter, Kathryn Jane	F
GB	KathrynPinnock	Pinnock, Kathryn	F
GB	KatyClark	Clark, Katy	F
GB	KeirStarmer	Starmer, Keir	M
GB	KeithBradley	Bradley, Keith	M
GB	KeithSimpson	Simpson, Keith Robert	M
GB	KeithStewart	Stewart, Keith	M
GB	KeithVaz	Vaz, Keith Anthony	M
GB	KellyTolhurst	Tolhurst, Kelly Jane	F
GB	KelvinHopkins	Hopkins, Kelvin Peter	M
GB	KennethBaker	Baker, Kenneth	M
GB	KennethClarke	Clarke, Kenneth	M
GB	KennethMacdonald	Macdonald, Kenneth	M
GB	KennethMaginnis	Maginnis, Kenneth	M
GB	KennethMorgan	Morgan, Kenneth	M
GB	KennethWoolmer	Woolmer, Kenneth	M
GB	KennyMacAskill	MacAskill, Kenny Wright	M
GB	KerryMcCarthy	McCarthy, Kerry Gillian	F
GB	KevanJones	Jones, Kevan David	M
GB	KevinBarron	Barron, Kevin John	M
GB	KevinBrennan	Brennan, Kevin Denis	M
GB	KevinFoster	Foster, Kevin John	M
GB	KevinHollinrake	Hollinrake, Kevin Paul	M
GB	KevinShinkwin	Shinkwin, Kevin	M
GB	KhalidMahmood	Mahmood, Khalid	M
GB	KieranMullan	Mullan, Kieran John	M
GB	KimJohnson	Johnson, Kim Marie	F
GB	KimLeadbeater	Leadbeater, Kim Michele	F
GB	KirstenOswald	Oswald, Kirsten Frances	F
GB	KirsteneHair	Hair, Kirstene Janette	F
GB	KirstyBlackman	Blackman, Kirsty Ann	F
GB	KishwerFalkner	Falkner, Kishwer	F
GB	KrisHopkins	Hopkins, Kris	M
GB	KwasiKwarteng	Kwarteng, Kwasi Alfred Addo	M
GB	LauraFarris	Farris, Laura Rose	F
GB	LauraPidcock	Pidcock, Laura	F
GB	LauraSandys	Sandys, Laura	F
GB	LauraSmith	Smith, Laura	F
GB	LauraTrott	Trott, Laura	F
GB	LauraWyld	Wyld, Laura	F
GB	LaurenceRobertson	Robertson, Laurence Anthony	M
GB	LawrenceSawyer	Sawyer, Lawrence	M
GB	LaylaMoran	Moran, Layla Michelle	F
GB	LeeAnderson	Anderson, Lee	M
GB	LeeRowley	Rowley, Lee Benjamin	M
GB	LeeScott	Scott, Lee	M
GB	LeoDocherty	Docherty, Leo	M
GB	LeopoldVerney	Verney, Leopold	M
GB	LesleyLaird	Laird, Lesley Margaret Langan	F
GB	LeslieGriffiths	Griffiths, Leslie John	M
GB	LeslieTurnberg	Turnberg, Leslie	M
GB	LiaNiciTownend	Nici-Townend, Lia	F
GB	LiamByrne	Byrne, Liam Dominic	M
GB	LiamFox	Fox, Liam	M
GB	LilianGreenwood	Greenwood, Lilian Rachel	F
GB	LilianNevilleJones	Neville-Jones, Lilian Pauline	F
GB	LindaRiordan	Riordan, Linda	F
GB	LindsayGranshaw	Granshaw, Lindsay	F
GB	LindsayHoyle	Hoyle, Lindsay Harvey	M
GB	LisaCameron	Cameron, Lisa	F
GB	LisaForbes	Forbes, Lisa	F
GB	LisaNandy	Nandy, Lisa Eva	F
GB	LizSavilleRoberts	Saville Roberts, Liz	F
GB	LlinosGolding	Golding, Llinos	F
GB	LloydRussellMoyle	Russell-Moyle, Lloyd	M
GB	LorelyBurt	Burt, Lorely	F
GB	LorraineFullbrook	Fullbrook, Lorraine	F
GB	LouieFrench	French, Louie Thomas	M
GB	LouiseEllman	Ellman, Louise Joyce	F
GB	LouiseHaigh	Haigh, Louise Margaret	F
GB	LucianaGoldsmithBerger	Goldsmith (Berger), Luciana Clare	F
GB	LuciusCary	Cary, Lucius	M
GB	LucyAllan	Allan, Lucy	F
GB	LucyLeighFrazer	Leigh (Frazer), Lucy Claire	F
GB	LucyNevilleRolfe	Neville-Rolfe, Lucy	F
GB	LucyPowell	Powell, Lucy Maria	F
GB	LukeEvans	Evans, Luke Morgan	M
GB	LukeGraham	Graham, Luke Patrick	M
GB	LukeHall	Hall, Luke Anthony	M
GB	LukePollard	Pollard, Luke	M
GB	LynBrown	Brown, Lyn Carol	F
GB	LyndaChalker	Chalker, Lynda	F
GB	LyndaClark	Clark, Lynda	F
GB	LyndonHarrison	Harrison, Lyndon Henry Arthur	M
GB	LynneFeatherstone	Featherstone, Lynne	F
GB	MadeleineMoon	Moon, Madeleine	F
GB	MaeveSherlock	Sherlock, Maeve Christina Mary	F
GB	MairMorgan	Morgan, Mair	F
GB	MalcolmBruce	Bruce, Malcolm	M
GB	MalcolmMitchellThomson	Mitchell-Thomson, Malcolm McEacharn	M
GB	MalcolmOfford	Offord, Malcolm	M
GB	MalcolmPearson	Pearson, Malcolm	M
GB	MalcolmRifkind	Rifkind, Malcolm Leslie	M
GB	MalcolmSinclair	Sinclair, Malcolm	M
GB	ManzilaUddin	Uddin, Manzila Pola	F
GB	MarcoLonghi	Longhi, Marco	M
GB	MarcusFysh	Fysh, Marcus John Hudson	M
GB	MarcusJones	Jones, Marcus Charles	M
GB	MarekLazarowicz	Lazarowicz, Marek Jerzy	M
GB	MargaretBeckett	Beckett, Margaret Mary	F
GB	MargaretBegg	Begg, Margaret Anne	F
GB	MargaretCurran	Curran, Margaret	F
GB	MargaretFerrier	Ferrier, Margaret	F
GB	MargaretFord	Ford, Margaret	F
GB	MargaretGreenwood	Greenwood, Margaret	F
GB	MargaretHillier	Hillier, Margaret Olivia	F
GB	MargaretHodge	Hodge, Margaret Eve	F
GB	MargaretJay	Jay, Margaret	F
GB	MargaretJones	Jones, Margaret Beryl	F
GB	MargaretMcDonagh	McDonagh, Margaret Josephine	F
GB	MargaretMunn	Munn, Margaret Patricia	F
GB	MargaretProsser	Prosser, Margaret	F
GB	MargaretRitchie	Ritchie, Margaret	F
GB	MargaretSharp	Sharp, Margaret	F
GB	MargaretThroup	Throup, Margaret Ann	F
GB	MargaretWall	Wall, Margaret Mary	F
GB	MargaretWheeler	Wheeler, Margaret Eileen Joyce	F
GB	MargaretYoung	Young, Margaret Omolola	F
GB	MargaretofMar	of Mar, Margaret	F
GB	MargotAline	Aline, Margot	F
GB	MargotJames	James, Margot Cathleen	F
GB	MariaCaulfield	Caulfield, Maria Colette	F
GB	MariaEagle	Eagle, Maria	F
GB	MariaMiller	Miller, Maria Frances Lewis	F
GB	MarieRimmer	Rimmer, Marie Elizabeth	F
GB	MarionFellows	Fellows, Marion	F
GB	MarkEastwood	Eastwood, Mark Simon	M
GB	MarkField	Field, Mark Christopher	M
GB	MarkFletcher	Fletcher, Mark Peter	M
GB	MarkFrancois	Francois, Mark Gino	M
GB	MarkGarnier	Garnier, Mark Robert Timothy	M
GB	MarkHarper	Harper, Mark James	M
GB	MarkHendrick	Hendrick, Mark Phillip	M
GB	MarkHoban	Hoban, Mark Gerard	M
GB	MarkHunter	Hunter, Mark James	M
GB	MarkJenkinson	Jenkinson, Mark Ian	M
GB	MarkLancaster	Lancaster, Mark	M
GB	MarkLogan	Logan, Mark Rory	M
GB	MarkMcInnes	McInnes, Mark	M
GB	MarkMenzies	Menzies, Mark Andrew	M
GB	MarkPawsey	Pawsey, Mark Julian Francis	M
GB	MarkPrice	Price, Mark	M
GB	MarkPritchard	Pritchard, Mark Andrew	M
GB	MarkReckless	Reckless, Mark	M
GB	MarkSaville	Saville, Mark	M
GB	MarkSchreiber	Schreiber, Mark	M
GB	MarkSedwill	Sedwill, Mark	M
GB	MarkSimmonds	Simmonds, Mark Jonathan Mortlock	M
GB	MarkSpencer	Spencer, Mark Steven	M
GB	MarkTami	Tami, Mark Richard	M
GB	MarkWilliams	Williams, Mark Fraser	M
GB	MarshaDeCordova	De Cordova, Marsha Chantol	F
GB	MarthaLaneFox	Lane-Fox, Martha	F
GB	MarthaOsamor	Osamor, Martha	F
GB	MartinCallanan	Callanan, Martin	M
GB	MartinDochertyHughes	Docherty-Hughes, Martin John	M
GB	MartinHorwood	Horwood, Martin Charles	M
GB	MartinONeill	O'Neill, Martin	M
GB	MartinRees	Rees, Martin	M
GB	MartinSeeley	Seeley, Martin	M
GB	MartinVickers	Vickers, Martin John	M
GB	MartinWarner	Warner, Martin	M
GB	MartinWhitfield	Whitfield, Martin David	M
GB	MartynDay	Day, Martyn	M
GB	MaryCreagh	Creagh, Mary Helen	F
GB	MaryFoy	Foy, Mary Kelly	F
GB	MaryGlindon	Glindon, Mary Theresa	F
GB	MaryGoudie	Goudie, Mary	F
GB	MaryMacLeod	MacLeod, Mary	F
GB	MaryRobinson	Robinson, Mary Josephine	F
GB	MaryTwist	Twist, Mary Elizabeth	F
GB	MaryWatkins	Watkins, Mary	F
GB	MathewRodda	Rodda, Mathew Richard Allen	M
GB	MatthewCarrington	Carrington, Matthew	M
GB	MatthewHancock	Hancock, Matthew John David	M
GB	MatthewOfford	Offord, Matthew James	M
GB	MatthewPennycook	Pennycook, Matthew Thomas	M
GB	MatthewPerkins	Perkins, Matthew Toby	M
GB	MatthewRidley	Ridley, Matthew	M
GB	MatthewTaylor	Taylor, Matthew Owen John	M
GB	MatthewVickers	Vickers, Matthew Alexander	M
GB	MatthewWarman	Warman, Matthew Robert	M
GB	MatthewWestern	Western, Matthew Raymond	M
GB	MauriceGlasman	Glasman, Maurice Mark	M
GB	MauriceMorrow	Morrow, Maurice	M
GB	MauriceSaatchi	Saatchi, Maurice	M
GB	MayBlood	Blood, May	F
GB	MeghnadDesai	Desai, Meghnad	M
GB	MelanieOnn	Onn, Melanie	F
GB	MelvynBragg	Bragg, Melvyn	M
GB	MelvynStride	Stride, Melvyn John	M
GB	MenziesCampbell	Campbell, Menzies	M
GB	MeralHusseinEce	Hussein-Ece, Meral	F
GB	MerlinHay	Hay, Merlin	M
GB	MervynKing	King, Mervyn	M
GB	MetaRamsay	Ramsay, Meta	F
GB	MhairiBlack	Black, Mhairi	F
GB	MianRashid	Rashid, Mian Faisal	M
GB	MichaelAmesbury	Amesbury, Michael Lee	M
GB	MichaelAncram	Ancram, Michael	M
GB	MichaelBates	Bates, Michael	M
GB	MichaelBerkeley	Berkeley, Michael	M
GB	MichaelBichard	Bichard, Michael	M
GB	MichaelBoyce	Boyce, Michael	M
GB	MichaelBrougham	Brougham, Michael John	M
GB	MichaelBurghart	Burghart, Michael Alex	M
GB	MichaelCashman	Cashman, Michael	M
GB	MichaelConnarty	Connarty, Michael	M
GB	MichaelDobbs	Dobbs, Michael John	M
GB	MichaelDugher	Dugher, Michael	M
GB	MichaelEllis	Ellis, Michael Tyrone	M
GB	MichaelFabricant	Fabricant, Michael Louis David	M
GB	MichaelFallon	Fallon, Michael	M
GB	MichaelFarmer	Farmer, Michael	M
GB	MichaelForsyth	Forsyth, Michael Bruce	M
GB	MichaelFreer	Freer, Michael Whitney	M
GB	MichaelGapes	Gapes, Michael John	M
GB	MichaelGerman	German, Michael	M
GB	MichaelGove	Gove, Michael Andrew	M
GB	MichaelGrade	Grade, Michael Ian	M
GB	MichaelHancock	Hancock, Michael Thomas	M
GB	MichaelHastings	Hastings, Michael	M
GB	MichaelHeseltine	Heseltine, Michael	M
GB	MichaelHill	Hill, Michael Arthur	M
GB	MichaelHill2	Hill, Michael Robert	M
GB	MichaelHoward	Howard, Michael	M
GB	MichaelJay	Jay, Michael Hastings	M
GB	MichaelKane	Kane, Michael Joseph Patrick	M
GB	MichaelLord	Lord, Michael Nicholson	M
GB	MichaelMartin	Martin, Michael	M
GB	MichaelMcCann	McCann, Michael	M
GB	MichaelMeacher	Meacher, Michael Hugh	M
GB	MichaelMoore	Moore, Michael Kevin	M
GB	MichaelMorris	Morris, Michael	M
GB	MichaelPenning	Penning, Michael	M
GB	MichaelPerham	Perham, Michael	M
GB	MichaelPrisk	Prisk, Michael Mark	M
GB	MichaelScottJoynt	Scott-Joynt, Michael	M
GB	MichaelSpencer	Spencer, Michael	M
GB	MichaelStorey	Storey, Michael John	M
GB	MichaelThornton	Thornton, Michael Douglas	M
GB	MichaelTomlinsonMynors	Tomlinson-Mynors, Michael James	M
GB	MichaelWalker	Walker, Michael	M
GB	MichaelWatson	Watson, Michael Goodall	M
GB	MichaelWeir	Weir, Michael Fraser	M
GB	MichaelWhitby	Whitby, Michael	M
GB	MichaelWhitley	Whitley, Michael	M
GB	MichaelWilliams	Williams, Michael Charles	M
GB	MichaelWills	Wills, Michael	M
GB	MichaelWood	Wood, Michael Jon	M
GB	MichelleDonelan	Donelan, Michelle Emma May Elizabeth	F
GB	MichelleMone	Mone, Michelle	F
GB	MichelleThomson	Thomson, Michelle Rhonda	F
GB	MikeCrockart	Crockart, Mike	M
GB	MikeWeatherley	Weatherley, Mike	M
GB	MiriamCates	Cates, Miriam Joy	F
GB	MiriamDavies	Davies, Miriam Jane Alice	F
GB	MohamedSheikh	Sheikh, Mohamed	M
GB	MohammadSaqibBhatti	Bhatti, Mohammad Saqib	M
GB	MohammadYasin	Yasin, Mohammad	M
GB	MohammedKhan	Khan, Mohammed Afzal	M
GB	MollyMeacher	Meacher, Molly Christine	F
GB	MonroePalmer	Palmer, Monroe Edward	M
GB	MuniraWilson	Wilson, Munira	F
GB	MurielTurner	Turner, Muriel	F
GB	NadhimZahawi	Zahawi, Nadhim	M
GB	NadiaWhittome	Whittome, Nadia Edith	F
GB	NadineDorries	Dorries, Nadine Vanessa	F
GB	NaomiLong	Long, Naomi	F
GB	NarendraPatel	Patel, Narendra Babubhai	M
GB	NaseemShah	Shah, Naseem Akhtar	F
GB	NatalieBennett	Bennett, Natalie	F
GB	NatalieElphicke	Elphicke, Natalie Cecilia	F
GB	NatalieEvans	Evans, Natalie	F
GB	NatalieMcGarry	McGarry, Natalie	F
GB	NataschaEngel	Engel, Natascha	F
GB	NathanaelWei	Wei, Nathanael Ming-Yan	M
GB	NavenduMishra	Mishra, Navendu Prabhat	M
GB	NavnitDholakia	Dholakia, Navnit	M
GB	NazirAhmed	Ahmed, Nazir	M
GB	NeilCarmichael	Carmichael, Neil	M
GB	NeilCoyle	Coyle, Neil	M
GB	NeilDavidson	Davidson, Neil Forbes	M
GB	NeilGray	Gray, Neil Charles	M
GB	NeilHudson	Hudson, Neil Peter Hammerton	M
GB	NeilKinnock	Kinnock, Neil	M
GB	NeilOBrien	O'Brien, Neil John	M
GB	NeilParish	Parish, Neil Quentin Gordon	M
GB	NematShafik	Shafik, Nemat	F
GB	NiaGriffith	Griffith, Nia Rhiannon	F
GB	NicholasBaines	Baines, Nicholas	M
GB	NicholasBoles	Boles, Nicholas Edward Coleridge	M
GB	NicholasBourne	Bourne, Nicholas	M
GB	NicholasBrown	Brown, Nicholas Hugh	M
GB	NicholasClegg	Clegg, Nicholas William Peter	M
GB	NicholasDakin	Dakin, Nicholas	M
GB	NicholasFairfax	Fairfax, Nicholas	M
GB	NicholasFletcher	Fletcher, Nicholas Anthony	M
GB	NicholasHarvey	Harvey, Nicholas Barton	M
GB	NicholasHoltam	Holtam, Nicholas	M
GB	NicholasHurd	Hurd, Nicholas Richard	M
GB	NicholasLowther	Lowther, Nicholas James Christopher	M
GB	NicholasMacpherson	Macpherson, Nicholas	M
GB	NicholasPhillips	Phillips, Nicholas Addison	M
GB	NicholasSmith	Smith, Nicholas Desmond John	M
GB	NicholasSoames	Soames, Nicholas	M
GB	NicholasStern	Stern, Nicholas	M
GB	NicholasTrench	Trench, Nicholas	M
GB	NicholasTrue	True, Nicholas	M
GB	NicholasWright	Wright, Nicholas Thomas	M
GB	NickHerbert	Herbert, Nick	M
GB	NickMendoza	Mendoza, Nick	M
GB	NickdeBois	de Bois, Nick	M
GB	NicklausThomasSymonds	Thomas-Symonds, Nicklaus	M
GB	NickyMorgan	Morgan, Nicky	F
GB	NicolStephen	Stephen, Nicol Ross	M
GB	NicolaAiken	Aiken, Nicola Jane	F
GB	NicolaBlackwood	Blackwood, Nicola	F
GB	NicolaRichards	Richards, Nicola Faye	F
GB	NicolasGibb	Gibb, Nicolas John	M
GB	NigelAdams	Adams, Nigel	M
GB	NigelDarroch	Darroch, Nigel	M
GB	NigelDodds	Dodds, Nigel	M
GB	NigelEvans	Evans, Nigel Martin	M
GB	NigelHuddleston	Huddleston, Nigel Paul	M
GB	NigelJones	Jones, Nigel David	M
GB	NigelLawson	Lawson, Nigel	M
GB	NigelMills	Mills, Nigel John	M
GB	NigelVinson	Vinson, Nigel	M
GB	NormanBaker	Baker, Norman John	M
GB	NormanBlackwell	Blackwell, Norman	M
GB	NormanLamb	Lamb, Norman Peter	M
GB	NormanLamont	Lamont, Norman Stewart Hughson	M
GB	NormanTebbit	Tebbit, Norman Beresford	M
GB	NormanWarner	Warner, Norman	M
GB	NosheenaMobarik	Mobarik, Nosheena	F
GB	NualaOLoan	O'Loan, Nuala	F
GB	NusratUlGhani	Ul-Ghani, Nusrat Munir	F
GB	OliverColvile	Colvile, Oliver Newton	M
GB	OliverDowden	Dowden, Oliver James	M
GB	OliverEden	Eden, Oliver Michael Robert	M
GB	OliverHeald	Heald, Oliver	M
GB	OliverLetwin	Letwin, Oliver	M
GB	OliviaBlakeDagnall	Blake Dagnall, Olivia Frances	F
GB	OliviaBloomfield	Bloomfield, Olivia	F
GB	OlukemiBadenoch	Badenoch, Olukemi Olufunto	F
GB	OnoraONeill	O'Neill, Onora	F
GB	OonaKing	King, Oona	F
GB	OwenPaterson	Paterson, Owen William	M
GB	OwenSmith	Smith, Owen	M
GB	OwenThompson	Thompson, Owen George	M
GB	PamelaNash	Nash, Pamela	F
GB	PamelaSharples	Sharples, Pamela	F
GB	ParryMitchell	Mitchell, Parry	M
GB	PatGlass	Glass, Pat	F
GB	PatienceWheatcroft	Wheatcroft, Patience	F
GB	PatriciaGibson	Gibson, Patricia	F
GB	PatriciaHollis	Hollis, Patricia	F
GB	PatriciaMorris	Morris, Patricia	F
GB	PatriciaRawlings	Rawlings, Patricia Elizabeth	F
GB	PatriciaScotland	Scotland, Patricia	F
GB	PatrickBoyle	Boyle, Patrick	M
GB	PatrickCarter	Carter, Patrick Robert	M
GB	PatrickCormack	Cormack, Patrick	M
GB	PatrickGrady	Grady, Patrick John	M
GB	PatrickLawrence	Lawrence, Patrick	M
GB	PatrickMcFadden	McFadden, Patrick Bosco	M
GB	PatrickMcLoughlin	McLoughlin, Patrick	M
GB	PatrickWright	Wright, Patrick	M
GB	PaulBayes	Bayes, Paul	M
GB	PaulBew	Bew, Paul Anthony Elliott	M
GB	PaulBlomfield	Blomfield, Paul Christopher	M
GB	PaulBoateng	Boateng, Paul Yaw	M
GB	PaulBristow	Bristow, Paul	M
GB	PaulBurstow	Burstow, Paul Kenneth	M
GB	PaulButler	Butler, Paul	M
GB	PaulCondon	Condon, Paul Leslie	M
GB	PaulDeighton	Deighton, Paul	M
GB	PaulFlynn	Flynn, Paul Phillip	M
GB	PaulHolmes	Holmes, Paul John	M
GB	PaulHowell	Howell, Paul	M
GB	PaulMasterton	Masterton, Paul	M
GB	PaulMaynard	Maynard, Paul Christopher	M
GB	PaulMonaghan	Monaghan, Paul William	M
GB	PaulMurphy	Murphy, Paul	M
GB	PaulMyners	Myners, Paul	M
GB	PaulScriven	Scriven, Paul	M
GB	PaulScully	Scully, Paul Stuart	M
GB	PaulStrasburger	Strasburger, Paul	M
GB	PaulSweeney	Sweeney, Paul John	M
GB	PaulTyler	Tyler, Paul	M
GB	PaulUppal	Uppal, Paul	M
GB	PaulWhite	White, Paul	M
GB	PaulWilliams	Williams, Paul Daniel	M
GB	PaulWilliams2	Williams, Paul	M
GB	PaulaBarker	Barker, Paula	F
GB	PaulaSherriff	Sherriff, Paula Michelle	F
GB	PauletteHamilton	Hamilton, Paulette Adassa	F
GB	PaulineBryan	Bryan, Pauline	F
GB	PaulineLatham	Latham, Pauline Elizabeth	F
GB	PaulinePerry	Perry, Pauline	F
GB	PenelopeMordaunt	Mordaunt, Penelope Mary	F
GB	PetaBuscombe	Buscombe, Peta	F
GB	PeterAldous	Aldous, Peter James Guy	M
GB	PeterBone	Bone, Peter William	M
GB	PeterBottomley	Bottomley, Peter James	M
GB	PeterBowness	Bowness, Peter	M
GB	PeterBrooke	Brooke, Peter	M
GB	PeterCruddas	Cruddas, Peter	M
GB	PeterDowd	Dowd, Peter Christopher	M
GB	PeterForster	Forster, Peter	M
GB	PeterFowler	Fowler, Peter	M
GB	PeterGibson	Gibson, Peter Alexander	M
GB	PeterGoldsmith	Goldsmith, Peter	M
GB	PeterGrant	Grant, Peter	M
GB	PeterGummer	Gummer, Peter	M
GB	PeterHain	Hain, Peter	M
GB	PeterHeatonJones	Heaton-Jones, Peter	M
GB	PeterHennessy	Hennessy, Peter John	M
GB	PeterImbert	Imbert, Peter Michael	M
GB	PeterKyle	Kyle, Peter John	M
GB	PeterLayard	Layard, Peter Richard Grenville	M
GB	PeterLevene	Levene, Peter	M
GB	PeterLilley	Lilley, Peter	M
GB	PeterLuff	Luff, Peter James	M
GB	PeterMandelson	Mandelson, Peter	M
GB	PeterRicketts	Ricketts, Peter	M
GB	PeterSmith	Smith, Peter	M
GB	PeterSnape	Snape, Peter	M
GB	PeterTapsell	Tapsell, Peter Hannay Bailey	M
GB	PeterTempleMorris	Temple-Morris, Peter	M
GB	PeterTruscott	Truscott, Peter Derek	M
GB	PeterWishart	Wishart, Peter	M
GB	PhilipBoswell	Boswell, Philip John	M
GB	PhilipDavies	Davies, Philip Andrew	M
GB	PhilipDunne	Dunne, Philip Martin	M
GB	PhilipHammond	Hammond, Philip	M
GB	PhilipHarris	Harris, Philip Charles	M
GB	PhilipHollobone	Hollobone, Philip Thomas	M
GB	PhilipHunt	Hunt, Philip Alexander	M
GB	PhilipNorton	Norton, Philip	M
GB	PhilipSmith	Smith, Philip	M
GB	PhilipWilson	Wilson, Philip	M
GB	PhilipaRoe	Roe, Philipa	F
GB	PhilippaStroud	Stroud, Philippa	F
GB	PhilippaWhitford	Whitford, Philippa	F
GB	PhillipLee	Lee, Phillip James	M
GB	PreetGill	Gill, Preet Kaur	F
GB	PremSikka	Sikka, Prem	M
GB	PritiPatel	Patel, Priti Sushil	F
GB	QurbanHussain	Hussain, Qurban	M
GB	RachaelHayhoeFlint	Hayhoe Flint, Rachael	F
GB	RachaelMaskell	Maskell, Rachael Helen	F
GB	RachelGardner	Gardner, Rachel Trixie Anne	F
GB	RachelHopkins	Hopkins, Rachel Louise	F
GB	RachelMaclean	Maclean, Rachel Helen	F
GB	RachelReeves	Reeves, Rachel Jane	F
GB	RachelTreweek	Treweek, Rachel	F
GB	RajinderLoomba	Loomba, Rajinder Paul	M
GB	RalphPalmer	Palmer, Ralph Matthew	M
GB	RaminderRanger	Ranger, Raminder	M
GB	RanbirSuri	Suri, Ranbir	M
GB	RanilJayawardena	Jayawardena, Ranil Malcolm	M
GB	RaymondAsquith	Asquith, Raymond	M
GB	RaymondCollins	Collins, Raymond	M
GB	RaymondJolliffe	Jolliffe, Raymond	M
GB	RaymondPlant	Plant, Raymond	M
GB	RebeccaClarkPow	Clark (Pow), Rebecca Faye	F
GB	RebeccaHarris	Harris, Rebecca Elizabeth Scott	F
GB	RebeccaLongBailey	Long-Bailey, Rebecca	F
GB	ReginaldEmpey	Empey, Reginald	M
GB	RichardAllan	Allan, Richard	M
GB	RichardArkless	Arkless, Richard	M
GB	RichardBacon	Bacon, Richard Michael	M
GB	RichardBalfe	Balfe, Richard	M
GB	RichardBenyon	Benyon, Richard	M
GB	RichardBest	Best, Richard	M
GB	RichardBurden	Burden, Richard Haines	M
GB	RichardBurgon	Burgon, Richard	M
GB	RichardCavendish	Cavendish, Richard	M
GB	RichardChartres	Chartres, Richard	M
GB	RichardDenison	Denison, Richard	M
GB	RichardFaulkner	Faulkner, Richard Oliver	M
GB	RichardFoord	Foord, Richard John	M
GB	RichardFuller	Fuller, Richard Quentin	M
GB	RichardGilbey	Gilbey, Richard	M
GB	RichardGraham	Graham, Richard Michael John Ogilvie	M
GB	RichardHarries	Harries, Richard	M
GB	RichardHarries2	Harries, Richard Douglas	M
GB	RichardHarrington	Harrington, Richard	M
GB	RichardHolden	Holden, Richard John	M
GB	RichardHowe	Howe, Richard	M
GB	RichardKeen	Keen, Richard	M
GB	RichardLuce	Luce, Richard Napier	M
GB	RichardNewby	Newby, Richard	M
GB	RichardOttaway	Ottaway, Richard Geoffrey James	M
GB	RichardPlunkettErnleErleDrax	Plunkett-Ernle-Erle-Drax, Richard Grosvenor	M
GB	RichardRogers	Rogers, Richard	M
GB	RichardRosser	Rosser, Richard	M
GB	RichardRyder	Ryder, Richard	M
GB	RichardScott	Scott, Richard	M
GB	RichardShannon	Shannon, Richard James	M
GB	RichardShepherd	Shepherd, Richard Charles Scrimgeour	M
GB	RichardSpring	Spring, Richard John Grenville	M
GB	RichardThomson	Thomson, Richard Gordon	M
GB	RichardWilson	Wilson, Richard Thomas James	M
GB	RishiSunak	Sunak, Rishi	M
GB	RitaDonaghy	Donaghy, Rita	F
GB	RobertArmstrong	Armstrong, Robert	M
GB	RobertAtwell	Atwell, Robert	M
GB	RobertBalchin	Balchin, Robert George Alexander	M
GB	RobertBlackman	Blackman, Robert John	M
GB	RobertBuckland	Buckland, Robert James	M
GB	RobertButler	Butler, Robert	M
GB	RobertCarswell	Carswell, Robert	M
GB	RobertCourts	Courts, Robert Alexander	M
GB	RobertDixonSmith	Dixon Smith, Robert William	M
GB	RobertEames	Eames, Robert Henry Alexander	M
GB	RobertFellowes	Fellowes, Robert	M
GB	RobertFlello	Flello, Robert Charles Douglas	M
GB	RobertGoodwill	Goodwill, Robert	M
GB	RobertHalfon	Halfon, Robert Henry	M
GB	RobertHayward	Hayward, Robert	M
GB	RobertHughes	Hughes, Robert	M
GB	RobertJenrick	Jenrick, Robert Edward	M
GB	RobertKerslake	Kerslake, Robert	M
GB	RobertLargan	Largan, Robert	M
GB	RobertMaclennan	Maclennan, Robert	M
GB	RobertMair	Mair, Robert	M
GB	RobertMarris	Marris, Robert Howard	M
GB	RobertMay	May, Robert	M
GB	RobertMoore	Moore, Robert Peter	M
GB	RobertNeill	Neill, Robert James MacGillivray	M
GB	RobertRoberts	Roberts, Robert Joseph	M
GB	RobertRogers	Rogers, Robert	M
GB	RobertRussell	Russell, Robert Edward	M
GB	RobertSeely	Seely, Robert William Henry	M
GB	RobertSkidelsky	Skidelsky, Robert	M
GB	RobertSmith	Smith, Robert Hill	M
GB	RobertSmith2	Smith, Robert	M
GB	RobertStevenson	Stevenson, Robert	M
GB	RobertStewart	Stewart, Robert Alexander	M
GB	RobertStunell	Stunell, Robert Andrew	M
GB	RobertSyms	Syms, Robert Andrew Raymond	M
GB	RobertWalker	Walker, Robert	M
GB	RobertWallace	Wallace, Robert Ben Lobban	M
GB	RobertWalpole	Walpole, Robert	M
GB	RobertWalter	Walter, Robert John	M
GB	RobertWilson	Wilson, Robert Owen Biggs	M
GB	RobertWinston	Winston, Robert Maurice Lipson	M
GB	RobertaBlackmanWoods	Blackman-Woods, Roberta Carol	F
GB	RobinBridgeman	Bridgeman, Robin	M
GB	RobinHodgson	Hodgson, Robin Granville	M
GB	RobinJanvrin	Janvrin, Robin	M
GB	RobinMillar	Millar, Robin John	M
GB	RobinRenwick	Renwick, Robin	M
GB	RobinTeverson	Teverson, Robin	M
GB	RobinWalker	Walker, Robin Caspar	M
GB	RoderickStewart	Stewart, Roderick James Nugent	M
GB	RodneyElton	Elton, Rodney	M
GB	RogerBootleWilbraham	Bootle-Wilbraham, Roger	M
GB	RogerEady	Eady, Roger Mynors Swinfen	M
GB	RogerEdwards	Edwards, Roger Nicholas	M
GB	RogerFreeman	Freeman, Roger Norman	M
GB	RogerGale	Gale, Roger James	M
GB	RogerGodsiff	Godsiff, Roger Duncan	M
GB	RogerLiddle	Liddle, Roger John	M
GB	RogerThomas	Thomas, Roger	M
GB	RogerWilliams	Williams, Roger Hugh	M
GB	RonaFairhead	Fairhead, Rona	F
GB	RonaldCowan	Cowan, Ronald Jack	M
GB	RonnieCampbell	Campbell, Ronnie	M
GB	RosalieWilkins	Wilkins, Rosalie	F
GB	RosalieWinterton	Winterton, Rosalie	F
GB	RosalindAltmann	Altmann, Rosalind	F
GB	RosalindGrender	Grender, Rosalind	F
GB	RosalindHowells	Howells, Rosalind	F
GB	RosalindScott	Scott, Rosalind	F
GB	RoselBoycott	Boycott, Rosel	F
GB	RosemaryCooper	Cooper, Rosemary Elizabeth	F
GB	RosemaryDuffield	Duffield, Rosemary Clare	F
GB	RosenaAllinKhan	Allin-Khan, Rosena Chantelle	F
GB	RossThomson	Thomson, Ross	M
GB	RoualeynHovellThurlowCummingBruce	Hovell-Thurlow-Cumming-Bruce, Roualeyn	M
GB	RowanWilliams	Williams, Rowan	M
GB	RoyKennedy	Kennedy, Roy	M
GB	RoystonSmith	Smith, Royston Matthew	M
GB	RubyMcGregorSmith	McGregor-Smith, Ruby	F
GB	RupaHuq	Huq, Rupa Asha	F
GB	RupertCarington	Carington, Rupert	M
GB	RupertMitford	Mitford, Rupert Bertram	M
GB	RupertPonsonby	Ponsonby, Rupert	M
GB	RushanaraAli	Ali, Rushanara	F
GB	RussellBrown	Brown, Russell Leslie	M
GB	RuthCadbury	Cadbury, Ruth Margaret	F
GB	RuthDavidson	Davidson, Ruth	F
GB	RuthDeech	Deech, Ruth	F
GB	RuthEdwards	Edwards, Ruth Rosamond	F
GB	RuthGeorge	George, Ruth Stephanie Nicole	F
GB	RuthHenig	Henig, Ruth	F
GB	RuthHunt	Hunt, Ruth	F
GB	RuthJones	Jones, Ruth Lorraine	F
GB	RuthSmeeth	Smeeth, Ruth	F
GB	SadiqKhan	Khan, Sadiq Aman	M
GB	SajidJavid	Javid, Sajid	M
GB	SallyAnnHart	Hart, Sally-Ann	F
GB	SallyGreengross	Greengross, Sally	F
GB	SallyHamwee	Hamwee, Sally Rachel	F
GB	SallyMorgan	Morgan, Sally	F
GB	SallyOppenheimBarnes	Oppenheim-Barnes, Sally	F
GB	SamuelGyimah	Gyimah, Samuel Phillip	M
GB	SamuelTarry	Tarry, Samuel Peter	M
GB	SamuelWilson	Wilson, Samuel	M
GB	SandipVerma	Verma, Sandip	F
GB	SandraOsborne	Osborne, Sandra Currie	F
GB	SaraBritcliffe	Britcliffe, Sara Alice	F
GB	SarahAtherton	Atherton, Sarah Elizabeth	F
GB	SarahBrinton	Brinton, Sarah Virginia	F
GB	SarahChampion	Champion, Sarah Deborah	F
GB	SarahDines	Dines, Sarah Elizabeth	F
GB	SarahGreen	Green, Sarah Louise	F
GB	SarahJamesWollaston	James (Wollaston), Sarah	F
GB	SarahJones	Jones, Sarah Ann	F
GB	SarahLudford	Ludford, Sarah	F
GB	SarahMullally	Mullally, Sarah	F
GB	SarahNewton	Newton, Sarah Louise	F
GB	SarahOlney	Olney, Sarah Jane	F
GB	SarahOwen	Owen, Sarah Mei Li	F
GB	SarahTeather	Teather, Sarah Louise	F
GB	SayeedaWarsi	Warsi, Sayeeda	F
GB	ScottBenton	Benton, Scott Lloyd	M
GB	ScottMann	Mann, Scott Leslie	M
GB	SebastianCoe	Coe, Sebastian	M
GB	SeemaKennedy	Kennedy, Seema Louise Ghiassi	F
GB	SeemaMalhotraSaluja	Malhotra-Saluja, Seema	F
GB	SelaineSaxby	Saxby, Selaine Rachel	F
GB	ShabanaMahmood	Mahmood, Shabana	F
GB	ShaileshVara	Vara, Shailesh Lakhman	M
GB	ShaistaSheehan	Sheehan, Shaista	F
GB	ShamiChakrabarti	Chakrabarti, Shami	F
GB	SharonBowles	Bowles, Sharon	F
GB	SharonHodgson	Hodgson, Sharon	F
GB	ShaunBailey	Bailey, Shaun Stephen	M
GB	ShaunWoodward	Woodward, Shaun Anthony	M
GB	SheilaGilmore	Gilmore, Sheila	F
GB	SheilaHollins	Hollins, Sheila Clare	F
GB	SheilaMasters	Masters, Sheila	F
GB	SheryllMurray	Murray, Sheryll	F
GB	ShirleyWilliams	Williams, Shirley Vivien Teresa Brittain	F
GB	ShreelaFlather	Flather, Shreela	F
GB	SimonArthur	Arthur, Simon Mark	M
GB	SimonBaynes	Baynes, Simon Robert Maurice	M
GB	SimonBrown	Brown, Simon Denis	M
GB	SimonBurns	Burns, Simon Hugh McGuigan	M
GB	SimonClarke	Clarke, Simon Richard	M
GB	SimonDanczuk	Danczuk, Simon	M
GB	SimonFell	Fell, Simon Richard James	M
GB	SimonHart	Hart, Simon Anthony	M
GB	SimonHaskel	Haskel, Simon	M
GB	SimonHoare	Hoare, Simon James	M
GB	SimonHughes	Hughes, Simon Henry Ward	M
GB	SimonJupp	Jupp, Simon James	M
GB	SimonKirby	Kirby, Simon	M
GB	SimonLightwood	Lightwood, Simon Robert	M
GB	SimonMcDonald	McDonald, Simon	M
GB	SimonReevell	Reevell, Simon	M
GB	SimonRussell	Russell, Simon	M
GB	SimonStevens	Stevens, Simon	M
GB	SimonWolfson	Wolfson, Simon	M
GB	SimonWoolley	Woolley, Simon	M
GB	SimonWright	Wright, Simon	M
GB	SimoneFinn	Finn, Simone	F
GB	SiobhainMcDonagh	McDonagh, Siobhain Ann	F
GB	SiobhanBaillie	Baillie, Siobhan Kathleen	F
GB	SpencerLivermore	Livermore, Spencer	M
GB	StanleyClintonDavis	Clinton-Davis, Stanley Clinton	M
GB	StanleyFink	Fink, Stanley	M
GB	StellaCreasy	Creasy, Stella Judith	F
GB	StephanieFraser	Fraser, Stephanie	F
GB	StephaniePeacock	Peacock, Stephanie Louise	F
GB	StephenBarclay	Barclay, Stephen Paul	M
GB	StephenBenn	Benn, Stephen	M
GB	StephenBrine	Brine, Stephen Charles	M
GB	StephenConway	Conway, Stephen	M
GB	StephenCottrell	Cottrell, Stephen	M
GB	StephenCrabb	Crabb, Stephen	M
GB	StephenDouble	Double, Stephen Daniel	M
GB	StephenDoughty	Doughty, Stephen John	M
GB	StephenFarry	Farry, Stephen Anthony	M
GB	StephenFlynn	Flynn, Stephen Mark	M
GB	StephenGethins	Gethins, Stephen Patrick	M
GB	StephenGilbert	Gilbert, Stephen	M
GB	StephenGilbert2	Gilbert, Stephen	M
GB	StephenGreen	Green, Stephen Keith	M
GB	StephenGreenhalgh	Greenhalgh, Stephen	M
GB	StephenHammond	Hammond, Stephen William	M
GB	StephenHepburn	Hepburn, Stephen	M
GB	StephenJones	Jones, Stephen Barry	M
GB	StephenKerr	Kerr, Stephen Charles	M
GB	StephenKinnock	Kinnock, Stephen Nathan	M
GB	StephenLloyd	Lloyd, Stephen Anthony Christopher	M
GB	StephenMcCabe	McCabe, Stephen James	M
GB	StephenMcPartland	McPartland, Stephen Anthony	M
GB	StephenMetcalfe	Metcalfe, Stephen James	M
GB	StephenMorgan	Morgan, Stephen James	M
GB	StephenMosley	Mosley, Stephen	M
GB	StephenOBrien	O'Brien, Stephen Rothwell	M
GB	StephenParkinson	Parkinson, Stephen	M
GB	StephenPhillips	Phillips, Stephen	M
GB	StephenPound	Pound, Stephen Pelham	M
GB	StephenSherbourne	Sherbourne, Stephen	M
GB	StephenTimms	Timms, Stephen Creswell	M
GB	StephenTwigg	Twigg, Stephen	M
GB	StephenWilliams	Williams, Stephen Roy	M
GB	SteveRotheram	Rotheram, Steve	M
GB	StevenBaker	Baker, Steven John	M
GB	StevenBonnar	Bonnar, Steven	M
GB	StevenCroft	Croft, Steven	M
GB	StevenPaterson	Paterson, Steven Alexander	M
GB	StevenReed	Reed, Steven Mark Ward	M
GB	StevenWebb	Webb, Steven John	M
GB	StewartHosie	Hosie, Stewart	M
GB	StewartJackson	Jackson, Stewart	M
GB	StewartMcDonald	McDonald, Stewart Malcolm	M
GB	StewartSutherland	Sutherland, Stewart	M
GB	StewartWood	Wood, Stewart Martin	M
GB	StuartAnderson	Anderson, Stuart Paul	M
GB	StuartAndrew	Andrew, Stuart James	M
GB	StuartDonaldson	Donaldson, Stuart Blair	M
GB	StuartMcDonald	McDonald, Stuart Campbell	M
GB	StuartPolak	Polak, Stuart	M
GB	StuartRose	Rose, Stuart	M
GB	SueEllenBraverman	Braverman, Sue-Ellen Cassiana	F
GB	SueHayman	Hayman, Sue	F
GB	SusanBlack	Black, Susan	F
GB	SusanCunliffeLister	Cunliffe-Lister, Susan Lilian Primrose	F
GB	SusanGarden	Garden, Susan	F
GB	SusanGreenfield	Greenfield, Susan	F
GB	SusanJones	Jones, Susan Elan	F
GB	SusanKramer	Kramer, Susan	F
GB	SusanMiller	Miller, Susan	F
GB	SusanNye	Nye, Susan Jane	F
GB	SusanWilliams	Williams, Susan	F
GB	SushanthaBhattacharyya	Bhattacharyya, Sushantha	M
GB	SuzanneWebb	Webb, Suzanne	F
GB	SwrajPaul	Paul, Swraj	M
GB	SyedKamall	Kamall, Syed	M
GB	SylviaHermon	Hermon, Sylvia Eileen	F
GB	TahirAli	Ali, Tahir	M
GB	TaiwoOwatemi	Owatemi, Taiwo	F
GB	TaniaMathias	Mathias, Tania	F
GB	TanmanjeetDhesi	Dhesi, Tanmanjeet Singh	M
GB	TanniGreyThompson	Grey-Thompson, Tanni Carys Davina	F
GB	TariqAhmad	Ahmad, Tariq	M
GB	TasminaAhmedSheikh	Ahmed-Sheikh, Tasmina	F
GB	TerenceBurns	Burns, Terence	M
GB	TerenceEtherton	Etherton, Terence	M
GB	TerenceHiggins	Higgins, Terence Langley	M
GB	TerenceONeill	O'Neill, Terence	M
GB	TeresaPearce	Pearce, Teresa	F
GB	TessaBlackstone	Blackstone, Tessa	F
GB	TessaJowell	Jowell, Tessa	F
GB	TessaMunt	Munt, Tessa	F
GB	ThangamDebbonaire	Debbonaire, Thangam Elizabeth Rachel	F
GB	ThelmaWalker	Walker, Thelma Doris	F
GB	TheodoraClarke	Clarke, Theodora Roosevelt	F
GB	TheodoreAgnew	Agnew, Theodore	M
GB	TheresaMay	May, Theresa Mary	F
GB	TheresaVilliers	Villiers, Theresa Anne	F
GB	ThomasAshton	Ashton, Thomas	M
GB	ThomasBrake	Brake, Thomas Anthony	M
GB	ThomasClarke	Clarke, Thomas	M
GB	ThomasCoke	Coke, Thomas	M
GB	ThomasDavidSimpson	Simpson, Thomas David	M
GB	ThomasDixon	Dixon, Thomas	M
GB	ThomasDocherty	Docherty, Thomas	M
GB	ThomasElder	Elder, Thomas Murray	M
GB	ThomasGalbraith	Galbraith, Thomas Galloway Dunlop du Roy de Blicquy	M
GB	ThomasGraham	Graham, Thomas	M
GB	ThomasHarris	Harris, Thomas	M
GB	ThomasHunt	Hunt, Thomas Patrick	M
GB	ThomasJopling	Jopling, Thomas	M
GB	ThomasKing	King, Thomas Jeremy	M
GB	ThomasLyttelton	Lyttelton, Thomas	M
GB	ThomasMcAvoy	McAvoy, Thomas	M
GB	ThomasPendry	Pendry, Thomas	M
GB	ThomasPursglove	Pursglove, Thomas Christopher John	M
GB	ThomasRandall	Randall, Thomas William	M
GB	ThomasSheppard	Sheppard, Thomas	M
GB	ThomasTugendhat	Tugendhat, Thomas Georg John	M
GB	ThrseCoffey	Coffey, Thérèse Anne	F
GB	TimothyBoswell	Boswell, Timothy	M
GB	TimothyClementJones	Clement-Jones, Timothy Francis	M
GB	TimothyDakin	Dakin, Timothy	M
GB	TimothyFarron	Farron, Timothy James	M
GB	TimothyKirkhope	Kirkhope, Timothy	M
GB	TimothyLoughton	Loughton, Timothy Paul	M
GB	TimothyStevens	Stevens, Timothy	M
GB	TimothyThornton	Thornton, Timothy	M
GB	TimothyYeo	Yeo, Timothy Stephen Kenneth	M
GB	TinaStowell	Stowell, Tina	F
GB	TobiasEllwood	Ellwood, Tobias Martin	M
GB	TomBlenkinsop	Blenkinsop, Tom	M
GB	TomElliott	Elliott, Tom	M
GB	TomGreatrex	Greatrex, Tom	M
GB	TomMcNally	McNally, Tom	M
GB	TomWatson	Watson, Tom	M
GB	TraceyCrouch	Crouch, Tracey Elizabeth Anne	F
GB	TracyBrabin	Brabin, Tracy Lynn	F
GB	TrevorSmith	Smith, Trevor	M
GB	TristramHunt	Hunt, Tristram	M
GB	TrudyHarrison	Harrison, Trudy Lynne	F
GB	TulipSiddiq	Siddiq, Tulip Rizwana	F
GB	UshaPrasher	Prasher, Usha Kumari	F
GB	ValerianFreyberg	Freyberg, Valerian Bernard	M
GB	ValerieAmos	Amos, Valerie	F
GB	ValerieHowarth	Howarth, Valerie	F
GB	ValerieVaz	Vaz, Valerie Carol Marian	F
GB	VernonCoaker	Coaker, Vernon	M
GB	VeronicaLinklater	Linklater, Veronica	F
GB	VeronicaWadley	Wadley, Veronica	F
GB	VictorAdebowale	Adebowale, Victor	M
GB	VictoriaAtkins	Atkins, Victoria	F
GB	VictoriaBorwick	Borwick, Victoria Lorne Peta	F
GB	VictoriaFord	Ford, Victoria Grace	F
GB	VictoriaFoxcroft	Foxcroft, Victoria Jane	F
GB	VictoriaPrentis	Prentis, Victoria Mary Boswell	F
GB	VirendraSharma	Sharma, Virendra Kumar	M
GB	VirginiaBottomley	Bottomley, Virginia	F
GB	VirginiaCrosbie	Crosbie, Virginia Ann	F
GB	VivienStern	Stern, Vivien	F
GB	VivienneFaull	Faull, Vivienne	F
GB	WaheedAlli	Alli, Waheed	M
GB	WajidKhan	Khan, Wajid	M
GB	WallaceBrowne	Browne, Wallace	M
GB	WayneDavid	David, Wayne	M
GB	WendyChamberlain	Chamberlain, Wendy Anne	F
GB	WendyMorton	Morton, Wendy	F
GB	WeraHobhouse	Hobhouse, Wera Benedicta	F
GB	WesleyStreeting	Streeting, Wesley Paul William	M
GB	WilliamArthurRogerMullin	Mullin, William Arthur Roger	M
GB	WilliamAstor	Astor, William	M
GB	WilliamBach	Bach, William	M
GB	WilliamBradshaw	Bradshaw, William	M
GB	WilliamCash	Cash, William Nigel Paul	M
GB	WilliamClappison	Clappison, William James	M
GB	WilliamCullen	Cullen, William	M
GB	WilliamEsterson	Esterson, William Roffen	M
GB	WilliamFletcherVane	Fletcher-Vane, William	M
GB	WilliamGarelJones	Garel-Jones, William	M
GB	WilliamGirvan	Girvan, William Paul	M
GB	WilliamGrant	Grant, William	M
GB	WilliamHague	Hague, William	M
GB	WilliamHaughey	Haughey, William	M
GB	WilliamHay	Hay, William	M
GB	WilliamHowie	Howie, William	M
GB	WilliamJordan	Jordan, William	M
GB	WilliamLaming	Laming, William	M
GB	WilliamLloydGeorge	Lloyd-George, William	M
GB	WilliamMcCrea	McCrea, William	M
GB	WilliamMcKenzie	McKenzie, William David	M
GB	WilliamMorris	Morris, William Manuel	M
GB	WilliamPeel	Peel, William	M
GB	WilliamQuince	Quince, William James	M
GB	WilliamRodgers	Rodgers, William Thomas	M
GB	WilliamSpicer	Spicer, William	M
GB	WilliamTrimble	Trimble, William	M
GB	WilliamWaldegrave	Waldegrave, William	M
GB	WilliamWallace	Wallace, William John Lawrence	M
GB	WilliamWiggin	Wiggin, William David	M
GB	WilliamWragg	Wragg, William Peter	M
GB	WillieBain	Bain, Willie	M
GB	WinifredTaylor	Taylor, Winifred Ann	F
GB	WyvillRaynsford	Raynsford, Wyvill Richard Nicolls	M
GB	YasminQureshi	Qureshi, Yasmin	F
GB	YvetteCooper	Cooper, Yvette	F
GB	YvonneFovargue	Fovargue, Yvonne Helen	F
GB	ZacGoldsmith	Goldsmith, Zac	M
GB	ZahidaManzoor	Manzoor, Zahida	F
GB	ZameerChoudrey	Choudrey, Zameer	M
GB	ZarahSultana	Sultana, Zarah	F
