Country	SpeakerID	Name	Sex
BE	AlChammasKonstantin	Al Chammas, Konstantin	-
BE	AlmaciMeyrem	Almaci, Meyrem	F
BE	AnciauxBert	Anciaux, Bert	M
BE	AndriannePhilippe	Andrianne, Philippe	-
BE	AnnemansGerolf	Annemans, Gerolf	M
BE	AnseeuwBjörn	Anseeuw, Björn	M
BE	AnsomsJos	Ansoms, Jos	M
BE	AnthuenisFilip	Anthuenis, Filip	M
BE	AntoineAndré	Antoine, André	M
BE	AouastiKhalil	Aouasti, Khalil	M
BE	ArenaMarie	Arena, Marie	F
BE	ArensJosy	Arens, Josy	M
BE	AvontroodtYolande	Avontroodt, Yolande	F
BE	BackerPhilippe	Backer, Philippe	M
BE	BacquelaineDaniel	Bacquelaine, Daniel	M
BE	BaekeAnneMarie	Baeke, Anne-Marie	F
BE	BaeselenXavier	Baeselen, Xavier	M
BE	BalcaenRonny	Balcaen, Ronny	M
BE	BaltusMöresJenny	Baltus-Möres, Jenny	-
BE	BandryJerôme	Bandry, Jerôme	-
BE	BarzinAnne	Barzin, Anne	F
BE	BastinChristophe	Bastin, Christophe	M
BE	BayetHugues	Bayet, Hugues	M
BE	BeckersJozef	Beckers, Jozef	-
BE	BecqSonja	Becq, Sonja	F
BE	BekeWouter	Beke, Wouter	M
BE	BelhouariTalbia	Belhouari, Talbia	F
BE	BellensRita	Bellens, Rita	F
BE	BellotFrançois	Bellot, François	M
BE	BenAchourMalik	Ben Achour, Malik	M
BE	BenHamouNawal	Ben Hamou, Nawal	F
BE	BensJan	Bens, Jan	-
BE	BertelsJan	Bertels, Jan	M
BE	BerxCathy	Berx, Cathy	-
BE	BettensAnneleen	Bettens, Anneleen	-
BE	BeuselinckManu	Beuselinck, Manu	M
BE	BeversTom	Bevers, Tom	-
BE	BexStijn	Bex, Stijn	M
BE	BihetMathieu	Bihet, Mathieu	M
BE	BillietCarole	Billiet, Carole	-
BE	BlanchartPhilippe	Blanchart, Philippe	M
BE	BleekerEva	Bleeker, Eva	F
BE	BodsonJeanLuc	Bodson, Jean-Luc	-
BE	BoeykensAntoon	Boeykens, Antoon	-
BE	BogaertHendrik	Bogaert, Hendrik	M
BE	BombledChristophe	Bombled, Christophe	M
BE	BonaventureChanelle	Bonaventure, Chanelle	F
BE	BonniVéronique	Bonni, Véronique	F
BE	BonteHans	Bonte, Hans	M
BE	BorginonAlfons	Borginon, Alfons	M
BE	BornCharlesHubert	Born, Charles-Hubert	-
BE	BorsusWilly	Borsus, Willy	M
BE	BortierJohan	Bortier, Johan	-
BE	BossuytMarc	Bossuyt, Marc	-
BE	BothuyneRobrecht	Bothuyne, Robrecht	-
BE	BougardChristian	Bougard, Christian	-
BE	BoukiliNabil	Boukili, Nabil	M
BE	BoukournaMohammed	Boukourna, Mohammed	M
BE	BouletJuliette	Boulet, Juliette	F
BE	BourgeoisGeert	Bourgeois, Geert	M
BE	BrackeSiegfried	Bracke, Siegfried	M
BE	BremsEva	Brems, Eva	F
BE	BriersJan	Briers, Jan	M
BE	BrotchiJacques	Brotchi, Jacques	-
BE	BrotcorneChristian	Brotcorne, Christian	M
BE	BruggemanWilly	Bruggeman, Willy	-
BE	BultinckKoen	Bultinck, Koen	M
BE	BurgeonColette	Burgeon, Colette	F
BE	BurtonEmmanuel	Burton, Emmanuel	M
BE	BuryKatleen	Bury, Katleen	F
BE	BuysroggePeter	Buysrogge, Peter	M
BE	BuyssePaul	Buysse, Paul	-
BE	BuystKim	Buyst, Kim	F
BE	CahayAndréPierrette	Cahay-André, Pierrette	F
BE	CalomneGautier	Calomne, Gautier	M
BE	CalvoKristof	Calvo, Kristof	M
BE	CapoenAn	Capoen, An	F
BE	CappoenJeanMichel	Cappoen, Jean-Michel	-
BE	CaprasseVéronique	Caprasse, Véronique	F
BE	CarcaciAldo	Carcaci, Aldo	M
BE	CasaerDylan	Casaer, Dylan	M
BE	CasierMartin	Casier, Martin	-
BE	CasierYouro	Casier, Youro	M
BE	CasloNancy	Caslo, Nancy	F
BE	CassartMailleuxCaroline	Cassart-Mailleux, Caroline	F
BE	CavdarliCemal	Cavdarli, Cemal	M
BE	CerexheBenoît	Cerexhe, Benoît	M
BE	CeysensPatricia	Ceysens, Patricia	F
BE	ChabotJacques	Chabot, Jacques	M
BE	ChansonJulie	Chanson, Julie	F
BE	ChastelOlivier	Chastel, Olivier	M
BE	CheronMarcel	Cheron, Marcel	M
BE	ChevalierMiguel	Chevalier, Miguel	M
BE	ClaerhoutSarah	Claerhout, Sarah	F
BE	ClaesDirk	Claes, Dirk	M
BE	ClaesHilde	Claes, Hilde	F
BE	ClaesIngrid	Claes, Ingrid	F
BE	ClaesMieke	Claes, Mieke	F
BE	ClaessenEric	Claessen, Eric	-
BE	ClarinvalDavid	Clarinval, David	M
BE	ClerfaytBernard	Clerfayt, Bernard	M
BE	ClémentHélène	Clément, Hélène	F
BE	CnuddeSally	Cnudde, Sally	-
BE	CoccioloAntonio	Cocciolo, Antonio	-
BE	CocriamontPatrick	Cocriamont, Patrick	M
BE	CoenegrachtsSandra	Coenegrachts, Sandra	-
BE	CogolatiSamuel	Cogolati, Samuel	M
BE	ColebundersGaby	Colebunders, Gaby	M
BE	ColenAlexandra	Colen, Alexandra	F
BE	ColiniaFrançoise	Colinia, Françoise	F
BE	CollardPhilippe	Collard, Philippe	M
BE	CompernolMarc	Compernol, Marc	-
BE	CornetCécile	Cornet, Cécile	F
BE	CornilJean	Cornil, Jean	M
BE	CorthoutsMichel	Corthouts, Michel	M
BE	CortoisWilly	Cortois, Willy	M
BE	CoudyserCathy	Coudyser, Cathy	F
BE	CourardPhilippe	Courard, Philippe	M
BE	CourtoisAlain	Courtois, Alain	M
BE	CoëmeGuy	Coëme, Guy	M
BE	CreemersBarbara	Creemers, Barbara	F
BE	CreyelmanSteven	Creyelman, Steven	M
BE	CreyfSimonne	Creyf, Simonne	F
BE	CrombezJohn	Crombez, John	M
BE	CruckeJeanLuc	Crucke, Jean-Luc	M
BE	CrusnièreStéphane	Crusnière, Stéphane	M
BE	CruysberghsLuc	Cruysberghs, Luc	-
BE	CzekalskiAurélie	Czekalski, Aurélie	-
BE	DAmicoRoberto	D'Amico, Roberto	M
BE	DAntuonoLeonardo	D'Antuono, Leonardo	-
BE	DHaeseChristoph	D'Haese, Christoph	M
BE	DHaeseJos	D'Haese, Jos	-
BE	DaemsGreet	Daems, Greet	F
BE	DaemsHendrik	Daems, Hendrik	M
BE	DaemsRik	Daems, Rik	-
BE	DaerdenFrédéric	Daerden, Frédéric	M
BE	DaerdenMichel	Daerden, Michel	M
BE	DallemagneGeorges	Dallemagne, Georges	M
BE	DamilotJulien	Damilot, Julien	-
BE	DanenJohan	Danen, Johan	-
BE	DeBackerPhilippe	De Backer, Philippe	-
BE	DeBeukelaarChristophe	De Beukelaar, Christophe	-
BE	DeBleekerEva	De Bleeker, Eva	-
BE	DeBlockMaggie	De Block, Maggie	F
BE	DeBolleCatherine	De Bolle, Catherine	-
BE	DeBontRita	De Bont, Rita	F
BE	DeBueValérie	De Bue, Valérie	F
BE	DeCaluwéRobby	De Caluwé, Robby	M
BE	DeClerckStefaan	De Clerck, Stefaan	M
BE	DeClercqAlisson	De Clercq, Alisson	F
BE	DeClercqMathias	De Clercq, Mathias	M
BE	DeClercqWim	De Clercq, Wim	-
BE	DeCoenePhilippe	De Coene, Philippe	M
BE	DeConinckInez	De Coninck, Inez	F
BE	DeConinckMonica	De Coninck, Monica	F
BE	DeCremPieter	De Crem, Pieter	M
BE	DeCromSandrine	De Crom, Sandrine	F
BE	DeCrooAlexander	De Croo, Alexander	M
BE	DeCrooHerman	De Croo, Herman	M
BE	DeGrootePatrick	De Groote, Patrick	M
BE	DeGuchtKarel	De Gucht, Karel	M
BE	DeJongeTania	De Jonge, Tania	F
BE	DeMaegdMichel	De Maegd, Michel	M
BE	DeMaghtMartine	De Maght, Martine	F
BE	DeManFilip	De Man, Filip	M
BE	DeMesmaekerMarc	De Mesmaeker, Marc	-
BE	DeMeulemeesterIngeborg	De Meulemeester, Ingeborg	F
BE	DeMeyerMagda	De Meyer, Magda	F
BE	DeMoorSabine	De Moor, Sabine	-
BE	DePadtGuido	De Padt, Guido	M
BE	DePermentierCorinne	De Permentier, Corinne	F
BE	DePotterJenne	De Potter, Jenne	M
BE	DeRammelaereEls	De Rammelaere, Els	F
BE	DeRidderMinneke	De Ridder, Minneke	F
BE	DeRooverPeter	De Roover, Peter	M
BE	DeSchamphelaereMia	De Schamphelaere, Mia	F
BE	DeSmetFrançois	De Smet, François	M
BE	DeSpiegeleerPieter	De Spiegeleer, Pieter	M
BE	DeSutterPetra	De Sutter, Petra	-
BE	DeValkeneerChristian	De Valkeneer, Christian	-
BE	DeVolderJan	De Volder, Jan	-
BE	DeVosLuc	De Vos, Luc	-
BE	DeVriendtWouter	De Vriendt, Wouter	M
BE	DeVuystSteven	De Vuyst, Steven	M
BE	DeWeverBart	De Wever, Bart	M
BE	DeWitSophie	De Wit, Sophie	F
BE	DeWitteJozef	De Witte, Jozef	-
BE	DebaeneRudy	Debaene, Rudy	-
BE	DebastNathalie	Debast, Nathalie	-
BE	DeboutteJean	Deboutte, Jean	-
BE	DeclercqAstrid	Declercq, Astrid	-
BE	DecropRudi	Decrop, Rudi	-
BE	DedeckerJeanMarie	Dedecker, Jean-Marie	M
BE	DedeckerPeter	Dedecker, Peter	M
BE	DedonderLudivine	Dedonder, Ludivine	F
BE	DedryAnne	Dedry, Anne	F
BE	DeffetMichel	Deffet, Michel	-
BE	DefosséGuillaume	Defossé, Guillaume	M
BE	DefraigneChristine	Defraigne, Christine	-
BE	DefreyneRoland	Defreyne, Roland	M
BE	DegrooteKoenraad	Degroote, Koenraad	M
BE	DehuMaurice	Dehu, Maurice	M
BE	DeiterenCaroline	Deiteren, Caroline	-
BE	DejonghMarc	Dejongh, Marc	-
BE	DelPercioIvan	Del Percio, Ivan	-
BE	DelacroixRolinMyriam	Delacroix-Rolin, Myriam	F
BE	DelannoisPaulOlivier	Delannois, Paul-Olivier	M
BE	DelbekeJos	Delbeke, Jos	-
BE	DeleuzeOlivier	Deleuze, Olivier	M
BE	DelizéeJeanMarc	Delizée, Jean-Marc	M
BE	DelmulleJohan	Delmulle, Johan	-
BE	DelporteJeanMarc	Delporte, Jean-Marc	-
BE	DelpéréeFrancis	Delpérée, Francis	M
BE	DelvauxBram	Delvaux, Bram	M
BE	DemeyerWilly	Demeyer, Willy	M
BE	DemirZuhal	Demir, Zuhal	F
BE	DemolEls	Demol, Els	F
BE	DemonFranky	Demon, Franky	M
BE	DemotteRudy	Demotte, Rudy	M
BE	DenayerLuc	Denayer, Luc	-
BE	DenisRobert	Denis, Robert	M
BE	DenysJan	Denys, Jan	-
BE	DepoorterKathleen	Depoorter, Kathleen	F
BE	DepoortereOrtwin	Depoortere, Ortwin	M
BE	DepraetereMelissa	Depraetere, Melissa	F
BE	DermagnePierreYves	Dermagne, Pierre-Yves	M
BE	DermineThomas	Dermine, Thomas	M
BE	DernicourtErwin	Dernicourt, Erwin	-
BE	DesenfantsAndré	Desenfants, André	-
BE	DeseynRoel	Deseyn, Roel	M
BE	DesmetEllen	Desmet, Ellen	-
BE	DesmetPia	Desmet, Pia	-
BE	DesquesnesFrançois	Desquesnes, François	-
BE	DestrebecqOlivier	Destrebecq, Olivier	M
BE	DetiègeMaya	Detiège, Maya	F
BE	DevinLaurent	Devin, Laurent	M
BE	DevliesCarl	Devlies, Carl	M
BE	DevogelaerDanielle	Devogelaer, Danielle	-
BE	DevogelaerePeter	Devogelaere, Peter	-
BE	DewaelPatrick	Dewael, Patrick	M
BE	DewinterFilip	Dewinter, Filip	M
BE	DewulfLuk	Dewulf, Luk	-
BE	DewulfNathalie	Dewulf, Nathalie	F
BE	DewèvreMatthieu	Dewèvre, Matthieu	-
BE	DhaeseleerGuy	D'haeseleer, Guy	M
BE	DhondtGreta	D'hondt, Greta	F
BE	DiRupoElio	Di Rupo, Elio	M
BE	DierickLeen	Dierick, Leen	F
BE	DierickxHilde	Dierickx, Hilde	F
BE	DieuCamille	Dieu, Camille	F
BE	DillenMarijke	Dillen, Marijke	F
BE	DiricksHerman	Diricks, Herman	-
BE	DispaBenoît	Dispa, Benoît	M
BE	DochyJeanMarie	Dochy, Jean-Marie	-
BE	DockMagali	Dock, Magali	F
BE	DonnayPhilippe	Donnay, Philippe	-
BE	DonnéJoy	Donné, Joy	M
BE	DoomstMichel	Doomst, Michel	M
BE	DouifiDalila	Douifi, Dalila	F
BE	DoyenIsabelle	Doyen, Isabelle	-
BE	DrèzeBenoît	Drèze, Benoît	M
BE	DucarmeDaniel	Ducarme, Daniel	M
BE	DucarmeDenis	Ducarme, Denis	M
BE	DufraneAnthony	Dufrane, Anthony	M
BE	DumeryDaphné	Dumery, Daphné	F
BE	DupontChristian	Dupont, Christian	M
BE	DupontYves	Dupont, Yves	-
BE	DéomValérie	Déom, Valérie	F
BE	DésirCaroline	Désir, Caroline	F
BE	EerdekensClaude	Eerdekens, Claude	M
BE	ElBerhoumiMathias	El Berhoumi, Mathias	-
BE	ElKhadraouiSaïd	El Khadraoui, Saïd	M
BE	EmmeryIsabelle	Emmery, Isabelle	F
BE	FarihNawal	Farih, Nawal	F
BE	FauconnierMariePierre	Fauconnier, Marie-Pierre	-
BE	FernandezFernandezJulie	Fernandez Fernandez, Julie	F
BE	FlahautAndré	Flahaut, André	M
BE	FlahauxJeanJacques	Flahaux, Jean-Jacques	M
BE	FlorentJeanPhilippe	Florent, Jean-Philippe	-
BE	FonckCatherine	Fonck, Catherine	F
BE	ForetGilles	Foret, Gilles	M
BE	ForetMichel	Foret, Michel	-
BE	FournauxRichard	Fournaux, Richard	M
BE	FranckenTheo	Francken, Theo	M
BE	FreilichMichael	Freilich, Michael	M
BE	FremaultCéline	Fremault, Céline	F
BE	FriartBenoît	Friart, Benoît	M
BE	FrédéricAndré	Frédéric, André	M
BE	FéretDaniel	Féret, Daniel	M
BE	GabriëlsKatja	Gabriëls, Katja	F
BE	GalantIsabelle	Galant, Isabelle	F
BE	GalantJacqueline	Galant, Jacqueline	F
BE	GalantJacueline	Galant, Jacueline	-
BE	GantoisRita	Gantois, Rita	F
BE	GatesJeff	Gates, Jeff	-
BE	GeensKoen	Geens, Koen	M
BE	GeertsDavid	Geerts, David	M
BE	GeleynMark	Geleyn, Mark	-
BE	GennezCaroline	Gennez, Caroline	F
BE	GenotZoé	Genot, Zoé	F
BE	GeorgeJoseph	George, Joseph	M
BE	GerkensMuriel	Gerkens, Muriel	F
BE	GermeauxJacques	Germeaux, Jacques	M
BE	GhenneVéronique	Ghenne, Véronique	F
BE	GietThierry	Giet, Thierry	M
BE	GijbelsFrieda	Gijbels, Frieda	F
BE	GilissenErik	Gilissen, Erik	M
BE	GilkinetGeorges	Gilkinet, Georges	M
BE	GilsonNathalie	Gilson, Nathalie	F
BE	GivronFrédéric	Givron, Frédéric	-
BE	GobertGérard	Gobert, Gérard	M
BE	GobletMarc	Goblet, Marc	M
BE	GodderisLode	Godderis, Lode	-
BE	GoethalsSigrid	Goethals, Sigrid	F
BE	GoffinPhilippe	Goffin, Philippe	M
BE	GoffinTom	Goffin, Tom	-
BE	GoffinetAnneCatherine	Goffinet, Anne-Catherine	F
BE	GorisStef	Goris, Stef	M
BE	GoutryLuc	Goutry, Luc	M
BE	GovaertsMarleen	Govaerts, Marleen	F
BE	GoyvaertsHagen	Goyvaerts, Hagen	M
BE	GrosemansKarolien	Grosemans, Karolien	F
BE	GrouwelsBrigitte	Grouwels, Brigitte	-
BE	GrovoniusGwenaëlle	Grovonius, Gwenaëlle	F
BE	GryffroyAndries	Gryffroy, Andries	-
BE	GubbelsAndré	Gubbels, André	-
BE	GustinLuc	Gustin, Luc	M
BE	GérardMyriam	Gérard, Myriam	-
BE	HamalOlivier	Hamal, Olivier	M
BE	HansenThierry	Hansen, Thierry	-
BE	HansezIsabelle	Hansez, Isabelle	-
BE	HanusMélissa	Hanus, Mélissa	F
BE	HarmegniesYvon	Harmegnies, Yvon	M
BE	HasquinHervé	Hasquin, Hervé	M
BE	HedebouwRaoul	Hedebouw, Raoul	M
BE	HeerenVeerle	Heeren, Veerle	F
BE	HellingsBenoit	Hellings, Benoit	M
BE	HennuyLaurence	Hennuy, Laurence	F
BE	HenryJeanPol	Henry, Jean-Pol	M
BE	HenryOlivier	Henry, Olivier	M
BE	HenryPhilippe	Henry, Philippe	M
BE	HermantAntoine	Hermant, Antoine	-
BE	HermesseJean	Hermesse, Jean	-
BE	HeuninckxBaudouin	Heuninckx, Baudouin	-
BE	HeyvaertGriet	Heyvaert, Griet	-
BE	HondermarcqRobert	Hondermarcq, Robert	M
BE	HosletJeanMarie	Hoslet, Jean-Marie	-
BE	HoutmeyersKatrien	Houtmeyers, Katrien	F
BE	HoveGuy	Hove, Guy	M
BE	HufkensRenate	Hufkens, Renate	F
BE	HugonClaire	Hugon, Claire	F
BE	HuytebroeckÉvelyne	Huytebroeck, Évelyne	-
BE	IngelsYngvild	Ingels, Yngvild	F
BE	JabourMohammed	Jabour, Mohammed	M
BE	JacquetLaurent	Jacquet, Laurent	-
BE	JadinKattrin	Jadin, Kattrin	F
BE	JadotEric	Jadot, Eric	M
BE	JadotMichel	Jadot, Michel	-
BE	JamarHervé	Jamar, Hervé	M
BE	JambonJan	Jambon, Jan	M
BE	JanssenWerner	Janssen, Werner	M
BE	JanssensDirk	Janssens, Dirk	M
BE	JanssensPatrick	Janssens, Patrick	M
BE	JeholetPierreYves	Jeholet, Pierre-Yves	M
BE	JirofléeKarin	Jiroflée, Karin	F
BE	JonesThomas	Jones, Thomas	-
BE	JunckerJeanClaude	Juncker, Jean-Claude	-
BE	KelchtermansTheo	Kelchtermans, Theo	M
BE	KeuleneerFernand	Keuleneer, Fernand	-
BE	KhattabiZakia	Khattabi, Zakia	F
BE	KherbacheYasmine	Kherbache, Yasmine	F
BE	KindermansGerald	Kindermans, Gerald	M
BE	KirEmir	Kir, Emir	M
BE	KitirMeryame	Kitir, Meryame	F
BE	KlapsJohan	Klaps, Johan	M
BE	KompanyPierre	Kompany, Pierre	-
BE	KormúthPeter	Kormúth, Peter	-
BE	LaaouejAhmed	Laaouej, Ahmed	M
BE	LabilleJeanPascal	Labille, Jean-Pascal	M
BE	LachaertEgbert	Lachaert, Egbert	M
BE	LacroixChristophe	Lacroix, Christophe	M
BE	LaeremansBart	Laeremans, Bart	M
BE	LagerwallAnne	Lagerwall, Anne	-
BE	LahayeBattheuSabien	Lahaye-Battheu, Sabien	F
BE	LahbibHadja	Lahbib, Hadja	F
BE	LahlaliMohamed	Lahlali, Mohamed	-
BE	LahssainiFouad	Lahssaini, Fouad	M
BE	LalieuxKarine	Lalieux, Karine	F
BE	LambertGeert	Lambert, Geert	M
BE	LambertMarieClaire	Lambert, Marie-Claire	F
BE	LambertzKarlHeinz	Lambertz, Karl-Heinz	-
BE	LambrechtAnnick	Lambrecht, Annick	F
BE	LanduytRenaat	Landuyt, Renaat	M
BE	LangendriesRaymond	Langendries, Raymond	M
BE	LanjriNahima	Lanjri, Nahima	F
BE	LanoPierre	Lano, Pierre	M
BE	LansensPatrick	Lansens, Patrick	M
BE	LaruelleSabine	Laruelle, Sabine	F
BE	LauwereysSteven	Lauwereys, Steven	-
BE	LavauxDavid	Lavaux, David	M
BE	LavrysenLuc	Lavrysen, Luc	-
BE	LecomteCarine	Lecomte, Carine	F
BE	LedouxLaurent	Ledoux, Laurent	-
BE	LefèvreMartine	Lefèvre, Martine	-
BE	Legio	Egio, L	-
BE	LejeuneJosée	Lejeune, Josée	F
BE	LenssenGeorges	Lenssen, Georges	M
BE	LeonardLaurent	Leonard, Laurent	-
BE	LeoniLeslie	Leoni, Leslie	F
BE	LeroyMarieColline	Leroy, Marie-Colline	F
BE	LetermeYves	Leterme, Yves	M
BE	LettenPeter	Letten, Peter	-
BE	LeymanPeter	Leyman, Peter	M
BE	LeysenChristian	Leysen, Christian	M
BE	LibertEric	Libert, Eric	M
BE	LiekensGoedele	Liekens, Goedele	F
BE	LijnenNele	Lijnen, Nele	F
BE	LocquetKoen	Locquet, Koen	-
BE	LogghePeter	Logghe, Peter	M
BE	LombaertBruno	Lombaert, Bruno	-
BE	LoonesSander	Loones, Sander	M
BE	LouisLaurent	Louis, Laurent	M
BE	LutgenBenoît	Lutgen, Benoît	M
BE	LuykxPeter	Luykx, Peter	M
BE	LéonardAnne	Léonard, Anne	-
BE	MadraneRachid	Madrane, Rachid	M
BE	MaeneJeanClaude	Maene, Jean-Claude	M
BE	MaertensBert	Maertens, Bert	M
BE	MaesAnnemie	Maes, Annemie	-
BE	MaesElke	Maes, Elke	-
BE	MagnettePaul	Magnette, Paul	M
BE	MahdiSammy	Mahdi, Sammy	M
BE	MahouxPhilippe	Mahoux, Philippe	-
BE	MaingainOlivier	Maingain, Olivier	M
BE	MalmendierJeanPierre	Malmendier, Jean-Pierre	M
BE	MarghemMarieChristine	Marghem, Marie-Christine	F
BE	MarinowerClaude	Marinower, Claude	M
BE	MariënGeert	Mariën, Geert	-
BE	MassinEric	Massin, Eric	M
BE	MatheïSteven	Matheï, Steven	M
BE	MathotAlain	Mathot, Alain	M
BE	MattelaerAlexander	Mattelaer, Alexander	-
BE	MattheeuwsChristine	Mattheeuws, Christine	-
BE	MatthijsHerman	Matthijs, Herman	-
BE	MatzVanessa	Matz, Vanessa	F
BE	MausMichel	Maus, Michel	-
BE	MayeurYvan	Mayeur, Yvan	M
BE	McSpaddenMike	McSpadden, Mike	-
BE	MeeusIngrid	Meeus, Ingrid	F
BE	MeeusPaul	Meeus, Paul	M
BE	MeireLaurence	Meire, Laurence	F
BE	MerckxSofie	Merckx, Sofie	F
BE	MertensPeter	Mertens, Peter	M
BE	MetsuKoen	Metsu, Koen	M
BE	MichelCharles	Michel, Charles	M
BE	MichelMathieu	Michel, Mathieu	M
BE	MiermansPieterJan	Miermans, Pieter-Jan	-
BE	MilcampsGuy	Milcamps, Guy	M
BE	MillerRichard	Miller, Richard	M
BE	MilquetJoëlle	Milquet, Joëlle	F
BE	MisonneDelphine	Misonne, Delphine	-
BE	MoensRudi	Moens, Rudi	-
BE	MoermanFientje	Moerman, Fientje	F
BE	MonfilsPhilippe	Monfils, Philippe	M
BE	MoriauPatrick	Moriau, Patrick	M
BE	MortelmansJan	Mortelmans, Jan	M
BE	MoscufoNadia	Moscufo, Nadia	F
BE	MoutonRosaline	Mouton, Rosaline	F
BE	MoutquinSimon	Moutquin, Simon	M
BE	MoyaersBert	Moyaers, Bert	M
BE	MuesYvette	Mues, Yvette	F
BE	MulsWalter	Muls, Walter	M
BE	MusinLinda	Musin, Linda	F
BE	MuyldermansHerwig	Muyldermans, Herwig	-
BE	MuylleNathalie	Muylle, Nathalie	F
BE	MuytersPhilippe	Muyters, Philippe	-
BE	MylleGerda	Mylle, Gerda	F
BE	NagyMarie	Nagy, Marie	F
BE	NajmSimon	Najm, Simon	-
BE	NeelStaf	Neel, Staf	M
BE	NemesSamuel	Nemes, Samuel	-
BE	NeytsUyttebroeckAnneMarie	Neyts-Uyttebroeck, Anne-Marie	F
BE	NikolicDiana	Nikolic, Diana	-
BE	NolletJeanMarc	Nollet, Jean-Marc	M
BE	NyangaLumbalaJeanne	Nyanga-Lumbala, Jeanne	F
BE	NyssensClotilde	Nyssens, Clotilde	F
BE	OculaMichel	Ocula, Michel	-
BE	OnkelinxLaurette	Onkelinx, Laurette	F
BE	OrbanEmmeline	Orban, Emmeline	-
BE	OtletJacques	Otlet, Jacques	M
BE	OvertveldtJohan	Overtveldt, Johan	M
BE	ParentNicolas	Parent, Nicolas	M
BE	ParmentierIngrid	Parmentier, Ingrid	-
BE	ParmentierJeanFrançois	Parmentier, Jean-François	-
BE	PartykaKatrien	Partyka, Katrien	F
BE	PasBarbara	Pas, Barbara	F
BE	PayfaMartine	Payfa, Martine	F
BE	PeetermansLuc	Peetermans, Luc	M
BE	PeetersChris	Peeters, Chris	-
BE	PeetersJan	Peeters, Jan	M
BE	PeetersKris	Peeters, Kris	M
BE	PehlivanFatma	Pehlivan, Fatma	F
BE	PenrisJan	Penris, Jan	M
BE	PerpèteAndré	Perpète, André	M
BE	PeumansJan	Peumans, Jan	-
BE	PeutemanJohn	Peuteman, John	-
BE	PhilippeDenisEmmanuel	Philippe, Denis-Emmanuel	-
BE	PicquéCharles	Picqué, Charles	M
BE	PiedboeufBenoît	Piedboeuf, Benoît	M
BE	PietersTrees	Pieters, Trees	F
BE	PillenJasper	Pillen, Jasper	M
BE	PinxtenKarel	Pinxten, Karel	M
BE	PirlotSébastian	Pirlot, Sébastian	M
BE	PismanKathleen	Pisman, Kathleen	F
BE	PivinPhilippe	Pivin, Philippe	M
BE	PlasmanCathy	Plasman, Cathy	F
BE	PlatteauEva	Platteau, Eva	F
BE	PonceletIsabelle	Poncelet, Isabelle	F
BE	PonthierAnnick	Ponthier, Annick	F
BE	PostMaric	Post, Maric	-
BE	PrivéIsabelle	Privé, Isabelle	F
BE	PrévotMaxime	Prévot, Maxime	M
BE	PrévotPatrick	Prévot, Patrick	M
BE	PécriauxSophie	Pécriaux, Sophie	F
BE	RaemaekersMagda	Raemaekers, Magda	F
BE	RaskinWouter	Raskin, Wouter	M
BE	RavytsKurt	Ravyts, Kurt	M
BE	RenardBertrand	Renard, Bertrand	-
BE	ReuterFlorence	Reuter, Florence	F
BE	ReynaertVicky	Reynaert, Vicky	F
BE	ReyndersDidier	Reynders, Didier	M
BE	RigotHervé	Rigot, Hervé	M
BE	RijkeboerJelle	Rijkeboer, Jelle	-
BE	RobberechtHenk	Robberecht, Henk	-
BE	RobertiTristan	Roberti, Tristan	-
BE	RoelandtsLuc	Roelandts, Luc	-
BE	RoggemanTomas	Roggeman, Tomas	M
BE	RohonyiSophie	Rohonyi, Sophie	F
BE	RolandSerge	Roland, Serge	-
BE	RoosemontFreddy	Roosemont, Freddy	-
BE	RoosensEdward	Roosens, Edward	-
BE	RoppeAnnemie	Roppe, Annemie	F
BE	RuttenGwendolyn	Rutten, Gwendolyn	F
BE	SaegemanThierry	Saegeman, Thierry	-
BE	SafaiDarya	Safai, Darya	F
BE	SalviVéronique	Salvi, Véronique	F
BE	SampaoliVincent	Sampaoli, Vincent	M
BE	SamynEllen	Samyn, Ellen	F
BE	SaudoyerAnnick	Saudoyer, Annick	F
BE	SchalckDaan	Schalck, Daan	M
BE	SchepmansFrançoise	Schepmans, Françoise	F
BE	SchiltzWillemFrederik	Schiltz, Willem-Frederik	M
BE	SchlitzSarah	Schlitz, Sarah	F
BE	SchoofsBert	Schoofs, Bert	M
BE	SchoonackerFrank	Schoonacker, Frank	-
BE	SchoubsAnn	Schoubs, Ann	-
BE	SchrootenRenaat	Schrooten, Renaat	-
BE	SchryversKatrien	Schryvers, Katrien	F
BE	SchynsMarieMartine	Schyns, Marie-Martine	F
BE	ScourneauVincent	Scourneau, Vincent	M
BE	SegersBen	Segers, Ben	M
BE	SeminaraFranco	Seminara, Franco	M
BE	SenecautManuella	Senecaut, Manuella	F
BE	SenesaelDaniel	Senesael, Daniel	M
BE	SevenhansLuc	Sevenhans, Luc	M
BE	SimonetJacques	Simonet, Jacques	M
BE	SimonetMarieDominique	Simonet, Marie-Dominique	F
BE	SimonisVéronique	Simonis, Véronique	-
BE	SlegersBercy	Slegers, Bercy	F
BE	SleursElke	Sleurs, Elke	F
BE	SmaersGriet	Smaers, Griet	F
BE	SmalLouis	Smal, Louis	M
BE	SmetMieke	Smet, Mieke	-
BE	SmeyersSarah	Smeyers, Sarah	F
BE	SminateNadia	Sminate, Nadia	F
BE	SneppeDominiek	Sneppe, Dominiek	F
BE	SnoyetdOppuersThérèse	Snoy et d'Oppuers, Thérèse	F
BE	SomersBart	Somers, Bart	M
BE	SomersIne	Somers, Ine	F
BE	SoorsJessika	Soors, Jessika	F
BE	SpoorenJan	Spooren, Jan	M
BE	StaelraeveSofie	Staelraeve, Sofie	F
BE	StappersCaroline	Stappers, Caroline	-
BE	SteegenBruno	Steegen, Bruno	M
BE	SteenwegenChris	Steenwegen, Chris	-
BE	StevenheydensBruno	Stevenheydens, Bruno	M
BE	StevensLiesbet	Stevens, Liesbet	-
BE	StormsAnnelies	Storms, Annelies	F
BE	SutterPetra	Sutter, Petra	F
BE	SwennenGuido	Swennen, Guido	M
BE	TSijenKoen	T'Sijen, Koen	M
BE	TaelmanMartine	Taelman, Martine	F
BE	TamelliniJeanFrançois	Tamellini, Jean-François	-
BE	TantIlse	Tant, Ilse	-
BE	TantPaul	Tant, Paul	M
BE	TaquinCaroline	Taquin, Caroline	F
BE	TasiauxDeNeysIsabelle	Tasiaux-De Neys, Isabelle	F
BE	TastenhoyeGuido	Tastenhoye, Guido	M
BE	TeitelbaumViviane	Teitelbaum, Viviane	-
BE	TemmermanKarin	Temmerman, Karin	F
BE	TemsamaniAnissa	Temsamani, Anissa	F
BE	TerrynHerman	Terryn, Herman	-
BE	TerwingenRaf	Terwingen, Raf	M
BE	ThibautCécile	Thibaut, Cécile	F
BE	ThiébautEric	Thiébaut, Eric	M
BE	ThiéryDamien	Thiéry, Damien	M
BE	ThompsonMark	Thompson, Mark	-
BE	ThoronStéphanie	Thoron, Stéphanie	F
BE	ThysMarc	Thys, Marc	-
BE	ThyssenMarianne	Thyssen, Marianne	-
BE	ThémontSophie	Thémont, Sophie	F
BE	TillieuxEliane	Tillieux, Eliane	F
BE	TilmansDominique	Tilmans, Dominique	F
BE	TimmermansFrans	Timmermans, Frans	-
BE	TirezAndreas	Tirez, Andreas	-
BE	TisonPhilippe	Tison, Philippe	M
BE	TobbackBruno	Tobback, Bruno	M
BE	TommeleinBart	Tommelein, Bart	M
BE	TopAlain	Top, Alain	M
BE	TromontAlex	Tromont, Alex	M
BE	TroostersFrank	Troosters, Frank	M
BE	TurtelboomAnnemie	Turtelboom, Annemie	F
BE	TuybensBruno	Tuybens, Bruno	M
BE	UlensMiranda	Ulens, Miranda	-
BE	UyttersprotGoedele	Uyttersprot, Goedele	F
BE	UyttersprotIlse	Uyttersprot, Ilse	F
BE	UyttersprotKarel	Uyttersprot, Karel	M
BE	VajdaOlivier	Vajda, Olivier	M
BE	ValentinOlivier	Valentin, Olivier	-
BE	ValkeniersBruno	Valkeniers, Bruno	M
BE	VanBellingenWouter	Van Bellingen, Wouter	-
BE	VanBiesenLuk	Van Biesen, Luk	M
BE	VanBossuytAnneleen	Van Bossuyt, Anneleen	F
BE	VanBroeckhovenChristine	Van Broeckhoven, Christine	F
BE	VanCalsterAnnick	Van Calster, Annick	-
BE	VanCampYoleen	Van Camp, Yoleen	F
BE	VanCampenhoutLudo	Van Campenhout, Ludo	M
BE	VanCauterCarina	Van Cauter, Carina	F
BE	VanDaeleLieve	Van Daele, Lieve	F
BE	VanDenEndeAnnick	Van Den Ende, Annick	F
BE	VanDerMeerschEddy	Van Der Meersch, Eddy	-
BE	VanEeckhoutteDries	Van Eeckhoutte, Dries	-
BE	VanEetveldeMiranda	Van Eetvelde, Miranda	F
BE	VanEsbroeckJan	Van Esbroeck, Jan	M
BE	VanGoolGreet	Van Gool, Greet	F
BE	VanGoolNik	Van Gool, Nik	F
BE	VanGramberenMieke	Van Gramberen, Mieke	-
BE	VanGriekenTom	Van Grieken, Tom	M
BE	VanGrootenbrulleBruno	Van Grootenbrulle, Bruno	M
BE	VanHeckeStefaan	Van Hecke, Stefaan	M
BE	VanHeesMarco	Van Hees, Marco	M
BE	VanHoofEls	Van Hoof, Els	F
BE	VanLaerErik	Van Laer, Erik	-
BE	VanLangenhoveDries	Van Langenhove, Dries	M
BE	VanLeeuwFrédéric	Van Leeuw, Frédéric	-
BE	VanLombeekJacobsDanielle	Van Lombeek-Jacobs, Danielle	F
BE	VanLommelReccino	Van Lommel, Reccino	M
BE	VanMechelenDirk	Van Mechelen, Dirk	M
BE	VanMoerReinilde	Van Moer, Reinilde	F
BE	VanNoppenFlor	Van Noppen, Flor	M
BE	VanNuffelNicolas	Van Nuffel, Nicolas	-
BE	VanOvermeireKarim	Van Overmeire, Karim	-
BE	VanOvertveldtJohan	Van Overtveldt, Johan	-
BE	VanOvertveldtSerge	Van Overtveldt, Serge	M
BE	VanParysTony	Van Parys, Tony	M
BE	VanPeeHarold	Van Pee, Harold	-
BE	VanPeelValerie	Van Peel, Valerie	F
BE	VanPeteghemVincent	Van Peteghem, Vincent	M
BE	VanQuickenborneVincent	Van Quickenborne, Vincent	M
BE	VanRompuyEric	Van Rompuy, Eric	M
BE	VanRompuyHerman	Van Rompuy, Herman	M
BE	VanRoyDominique	Van Roy, Dominique	M
BE	VanSteenbergeGerda	Van Steenberge, Gerda	F
BE	VanThemscheFrieda	Van Themsche, Frieda	F
BE	VanTigcheltPaul	Van Tigchelt, Paul	-
BE	VanVaerenberghKristien	Van Vaerenbergh, Kristien	F
BE	VanWeertEls	Van Weert, Els	F
BE	VanWonterghemFrederik	Van Wonterghem, Frederik	-
BE	VanackereSteven	Vanackere, Steven	M
BE	VanbesienDieter	Vanbesien, Dieter	M
BE	VandaeleWilfried	Vandaele, Wilfried	-
BE	VandammeBart	Vandamme, Bart	-
BE	VandammeLien	Vandamme, Lien	-
BE	VandeLanotteJohan	Vande Lanotte, Johan	M
BE	VandeVeldeRobert	Van de Velde, Robert	M
BE	VandeVoordeClaude	Van de Voorde, Claude	-
BE	VandenBerghJef	Van den Bergh, Jef	M
BE	VandenBoschMarc	Van den Bosch, Marc	-
BE	VandenBosscheFreya	Van den Bossche, Freya	F
BE	VandenBroeckJaak	Van den Broeck, Jaak	M
BE	VandenBroeckPhilippe	Vanden Broeck, Philippe	-
BE	VandenBulckDirk	Van den Bulck, Dirk	-
BE	VandenBurreGilles	Vanden Burre, Gilles	M
BE	VandenEyndeFrancis	Van den Eynde, Francis	M
BE	VandenPutPhilippe	Van den Put, Philippe	-
BE	VandenbergheFrank	Vandenberghe, Frank	-
BE	VandenbergheIna	Vandenberghe, Ina	-
BE	VandenbergheRik	Vandenberghe, Rik	-
BE	VandenbrouckeFrank	Vandenbroucke, Frank	M
BE	VandenbrouckeJoris	Vandenbroucke, Joris	M
BE	VandenhoveLudwig	Vandenhove, Ludwig	M
BE	VandenputTim	Vandenput, Tim	M
BE	VandeputSteven	Vandeput, Steven	M
BE	VanderAuweraLiesbeth	Van der Auwera, Liesbeth	F
BE	VanderBekenTom	Vander Beken, Tom	-
BE	VanderDoncktWim	Van der Donckt, Wim	M
BE	VanderMaelenDirk	Van der Maelen, Dirk	M
BE	VanderStraetenTinne	Van der Straeten, Tinne	F
BE	VanderhovenMarieNoëlle	Vanderhoven, Marie-Noëlle	-
BE	VandeurzenJo	Vandeurzen, Jo	M
BE	VandewoudeKoenraad	Vandewoude, Koenraad	-
BE	VanhengelGuy	Vanhengel, Guy	M
BE	VanhesteAnn	Vanheste, Ann	F
BE	VanhiePaul	Vanhie, Paul	M
BE	VanlerbergheMyriam	Vanlerberghe, Myriam	F
BE	VanpeborghGitta	Vanpeborgh, Gitta	F
BE	VanrobaeysAnja	Vanrobaeys, Anja	F
BE	VansinaFrederik	Vansina, Frederik	-
BE	VanvelthovenPeter	Vanvelthoven, Peter	M
BE	VautmansHilde	Vautmans, Hilde	F
BE	VelkeniersBrigitte	Velkeniers, Brigitte	-
BE	VercamerStefaan	Vercamer, Stefaan	M
BE	VercammenJan	Vercammen, Jan	M
BE	VerduycktKris	Verduyckt, Kris	M
BE	VergiliFehmiTony	Vergili, Fehmi Tony	-
BE	VerhaegenMark	Verhaegen, Mark	M
BE	VerhaertInga	Verhaert, Inga	F
BE	VerhaertMarianne	Verhaert, Marianne	F
BE	VerhelstKathleen	Verhelst, Kathleen	F
BE	VerherstraetenServais	Verherstraeten, Servais	M
BE	VerjansMathieu	Verjans, Mathieu	-
BE	VerkinFrederik	Verkin, Frederik	-
BE	VerlindenAnnelies	Verlinden, Annelies	F
BE	VermeerschCatherine	Vermeersch, Catherine	-
BE	VermeerschWouter	Vermeersch, Wouter	M
BE	VermeulenBrecht	Vermeulen, Brecht	M
BE	VerreytHans	Verreyt, Hans	M
BE	VersnickGeert	Versnick, Geert	M
BE	VerstraetenAnetta	Verstraeten, Anetta	-
BE	VervotteInge	Vervotte, Inge	F
BE	VerwilghenMarc	Verwilghen, Marc	M
BE	VeysTanguy	Veys, Tanguy	M
BE	VicaireAlbert	Vicaire, Albert	M
BE	ViellePascale	Vielle, Pascale	-
BE	VienneChristiane	Vienne, Christiane	F
BE	VijnckDirk	Vijnck, Dirk	M
BE	VindevoghelMaria	Vindevoghel, Maria	F
BE	ViseurJeanJacques	Viseur, Jean-Jacques	M
BE	VissersLinda	Vissers, Linda	F
BE	VrijdaghsLaurent	Vrijdaghs, Laurent	-
BE	VuyeHendrik	Vuye, Hendrik	M
BE	WarmoesThierry	Warmoes, Thierry	M
BE	WarouxVéronique	Waroux, Véronique	-
BE	WarzéeCaverenneValérie	Warzée-Caverenne, Valérie	F
BE	WaterschootKristof	Waterschoot, Kristof	M
BE	WaterschootVéronique	Waterschoot, Véronique	F
BE	WatheletMelchior	Wathelet, Melchior	M
BE	WeaverMichael	Weaver, Michael	-
BE	WerbrouckUlla	Werbrouck, Ulla	F
BE	WertelaersAn	Wertelaers, An	-
BE	WeytsBen	Weyts, Ben	M
BE	WiauxBrigitte	Wiaux, Brigitte	F
BE	WierinckLieve	Wierinck, Lieve	F
BE	WillaertEvita	Willaert, Evita	F
BE	WilmèsSophie	Wilmès, Sophie	F
BE	WilrycxFrank	Wilrycx, Frank	M
BE	WinckelFabienne	Winckel, Fabienne	F
BE	WittoeckPeter	Wittoeck, Peter	-
BE	WollantsBert	Wollants, Bert	M
BE	WoutersJan	Wouters, Jan	-
BE	WoutersVeerle	Wouters, Veerle	F
BE	YalçinHilâl	Yalçin, Hilâl	F
BE	YzerbytDamien	Yzerbyt, Damien	M
BE	YükselVeli	Yüksel, Veli	M
BE	ZanchettaLaurence	Zanchetta, Laurence	F
BE	dArgentPierre	d'Argent, Pierre	-
BE	deCosterBauchauSybille	de Coster-Bauchau, Sybille	F
BE	deDonneaFrançoisXavier	de Donnea, François-Xavier	M
BE	deFaysMichel	de Fays, Michel	-
BE	deLamotteMichel	de Lamotte, Michel	M
BE	deLaveleyeSéverine	de Laveleye, Séverine	F
BE	dellaFailledeLeverghemKatia	della Faille de Leverghem, Katia	F
BE	vanDalenEverhard	van Dalen, Everhard	-
BE	vanLeijenhorstSjaak	van Leijenhorst, Sjaak	-
BE	vanYperseleJeanPascal	van Ypersele, Jean-Pascal	-
BE	ÖzenÖzlem	Özen, Özlem	F
