Country	SpeakerID	Name	Sex
IT	AbateRosaSilvana	Abate, Rosa Silvana	F
IT	AbbadoClaudio	Abbado, Claudio	M
IT	AccotoRossella	Accoto, Rossella	F
IT	AgeaLaura	Agea, Laura	F
IT	AgostinelliDonatella	Agostinelli, Donatella	F
IT	AielloPiero	Aiello, Piero	M
IT	AimiEnrico	Aimi, Enrico	M
IT	AirolaAlberto	Airola, Alberto	M
IT	AlbanoDonatella	Albano, Donatella	F
IT	AlbertiCasellatiMariaElisabetta	Alberti Casellati, Maria Elisabetta	F
IT	AlbertiniGabriele	Albertini, Gabriele	M
IT	AlderisiFrancesca	Alderisi, Francesca	F
IT	AlessandriniValeria	Alessandrini, Valeria	F
IT	AlfanoAngelino	Alfano, Angelino	M
IT	AlfanoGioacchino	Alfano, Gioacchino	M
IT	AlfieriAlessandro	Alfieri, Alessandro	M
IT	AlicataBruno	Alicata, Bruno	M
IT	AmatiSilvana	Amati, Silvana	F
IT	AmendolaVincenzo	Amendola, Vincenzo	M
IT	AmiciSesa	Amici, Sesa	F
IT	AmideiBartolomeo	Amidei, Bartolomeo	M
IT	AmorusoFrancescoMaria	Amoruso, Francesco Maria	M
IT	AnastasiCristiano	Anastasi, Cristiano	M
IT	AndreottiGiulio	Andreotti, Giulio	M
IT	AngioniIgnazio	Angioni, Ignazio	M
IT	AngrisaniLuisa	Angrisani, Luisa	F
IT	AnitoriFabiola	Anitori, Fabiola	F
IT	AracriFrancesco	Aracri, Francesco	M
IT	ArchiBruno	Archi, Bruno	M
IT	ArrigoniPaolo	Arrigoni, Paolo	M
IT	AscaniAnna	Ascani, Anna	F
IT	AstorreBruno	Astorre, Bruno	M
IT	AuddinoGiuseppe	Auddino, Giuseppe	M
IT	AugelloAndrea	Augello, Andrea	M
IT	AugussoriLuigi	Augussori, Luigi	M
IT	AuricchioDomenico	Auricchio, Domenico	M
IT	AzzolinaLucia	Azzolina, Lucia	F
IT	AzzolliniAntonio	Azzollini, Antonio	M
IT	BagnaiAlberto	Bagnai, Alberto	M
IT	BalboniAlberto	Balboni, Alberto	M
IT	BalduzziRenato	Balduzzi, Renato	M
IT	BarachiniAlberto	Barachini, Alberto	M
IT	BaraniLucio	Barani, Lucio	M
IT	BarbaroClaudio	Barbaro, Claudio	M
IT	BarboniAntonio	Barboni, Antonio	M
IT	BarcaFabrizio	Barca, Fabrizio	M
IT	BarettaPierPaolo	Baretta, Pier Paolo	M
IT	BarozzinoGiovanni	Barozzino, Giovanni	M
IT	BarraCaraccioloLuciano	Barra Caracciolo, Luciano	M
IT	BarracciuFrancesca	Barracciu, Francesca	F
IT	BartolazziArmando	Bartolazzi, Armando	M
IT	BattistaLorenzo	Battista, Lorenzo	M
IT	BattistoniFrancesco	Battistoni, Francesco	M
IT	BellanovaTeresa	Bellanova, Teresa	F
IT	BellotRaffaela	Bellot, Raffaela	F
IT	BenciniAlessandra	Bencini, Alessandra	F
IT	BerardiRoberto	Berardi, Roberto	M
IT	BergaminiDeborah	Bergamini, Deborah	F
IT	BergerHans	Berger, Hans	M
IT	BergesioGiorgioMaria	Bergesio, Giorgio Maria	M
IT	BerlusconiSilvio	Berlusconi, Silvio	M
IT	BerniniAnnaMaria	Bernini, Anna Maria	F
IT	BerrettaGiuseppe	Berretta, Giuseppe	F
IT	BertaccoStefano	Bertacco, Stefano	M
IT	BertorottaOrnella	Bertorotta, Ornella	F
IT	BertuzziMariaTeresa	Bertuzzi, Maria Teresa	F
IT	BeruttiMassimoVittorio	Berutti, Massimo Vittorio	M
IT	BianchiDorina	Bianchi, Dorina	F
IT	BianchiPatrizio	Bianchi, Patrizio	M
IT	BiancoAmedeo	Bianco, Amedeo	M
IT	BianconiLaura	Bianconi, Laura	F
IT	BiasottiSandroMario	Biasotti, Sandro Mario	M
IT	BignamiLaura	Bignami, Laura	F
IT	BilardiGiovanni	Bilardi, Giovanni	M
IT	BinettiPaola	Binetti, Paola	F
IT	BiniCaterina	Bini, Caterina	F
IT	BiondelliFranca	Biondelli, Franca	F
IT	BisinellaPatrizia	Bisinella, Patrizia	F
IT	BitiCaterina	Biti, Caterina	F
IT	BitonciMassimo	Bitonci, Massimo	M
IT	BlundoRosettaEnza	Blundo, Rosetta Enza	F
IT	BobbaLuigi	Bobba, Luigi	M
IT	BoccaBernabo	Bocca, Bernabo'	M
IT	BoccardiMichele	Boccardi, Michele	M
IT	BocchinoFabrizio	Bocchino, Fabrizio	M
IT	BocciGianpiero	Bocci, Gianpiero	M
IT	BocciaFrancesco	Boccia, Francesco	M
IT	BogoDeleddaVittoriaFrancescaMaria	Bogo Deledda, Vittoria Francesca Maria	F
IT	BoldriniPaola	Boldrini, Paola	F
IT	BonafedeAlfonso	Bonafede, Alfonso	M
IT	BonaiutiPaolo	Bonaiuti, Paolo	M
IT	BondiSandro	Bondi, Sandro	M
IT	BonettiElena	Bonetti, Elena	F
IT	BonfriscoAnnaCinzia	Bonfrisco, Anna Cinzia	F
IT	BongiornoGiulia	Bongiorno, Giulia	F
IT	BonifaziFrancesco	Bonifazi, Francesco	M
IT	BoninoEmma	Bonino, Emma	F
IT	BonisoliAlberto	Bonisoli, Alberto	M
IT	BorghesiStefano	Borghesi, Stefano	M
IT	BorgonzoniLucia	Borgonzoni, Lucia	F
IT	BorioliDanieleGaetano	Borioli, Daniele Gaetano	M
IT	BorlettiDellAcquaBuitoniIlaria	Borletti Dell'Acqua Buitoni, Ilaria	F
IT	BoschiMariaElena	Boschi, Maria Elena	F
IT	BossiSimone	Bossi, Simone	M
IT	BossiUmberto	Bossi, Umberto	M
IT	BotticiLaura	Bottici, Laura	F
IT	BottoElena	Botto, Elena	F
IT	BrayMassimo	Bray, Massimo	M
IT	BressaGianclaudio	Bressa, Gianclaudio	M
IT	BriziarelliLuca	Briziarelli, Luca	M
IT	BrogliaClaudio	Broglia, Claudio	M
IT	BrunettaRenato	Brunetta, Renato	M
IT	BruniFrancesco	Bruni, Francesco	M
IT	BrunoDonato	Bruno, Donato	M
IT	BruzzoneFrancesco	Bruzzone, Francesco	M
IT	BubbicoFilippo	Bubbico, Filippo	M
IT	BuccarellaMaurizio	Buccarella, Maurizio	M
IT	BuemiEnrico	Buemi, Enrico	M
IT	BuffagniStefano	Buffagni, Stefano	M
IT	BulgarelliElisa	Bulgarelli, Elisa	F
IT	BussettiMarco	Bussetti, Marco	M
IT	CalandriniNicola	Calandrini, Nicola	M
IT	CalderoliRoberto	Calderoli, Roberto	M
IT	CalendaCarlo	Calenda, Carlo	M
IT	CaleoMassimo	Caleo, Massimo	M
IT	CaliendoGiacomo	Caliendo, Giacomo	M
IT	CaligiuriFulviaMichela	Caligiuri, Fulvia Michela	F
IT	CampagnaAntonella	Campagna, Antonella	F
IT	CampanellaFrancesco	Campanella, Francesco	M
IT	CampariMaurizio	Campari, Maurizio	M
IT	CancelleriGiancarlo	Cancelleri, Giancarlo	M
IT	CancellieriAnnaMaria	Cancellieri, Anna Maria	F
IT	CandianiStefano	Candiani, Stefano	M
IT	CanduraMassimo	Candura, Massimo	M
IT	CanginiAndrea	Cangini, Andrea	M
IT	CantiniLaura	Cantini, Laura	F
IT	CantuMariaCristina	Cantu', Maria Cristina	F
IT	CapacchioneRosaria	Capacchione, Rosaria	F
IT	CappellettiEnrico	Cappelletti, Enrico	M
IT	CarboneVincenzo	Carbone, Vincenzo	M
IT	CardielloFranco	Cardiello, Franco	M
IT	CardinaliValeria	Cardinali, Valeria	F
IT	CarfagnaMariaRosaria	Carfagna, Maria Rosaria	F
IT	CaridiAntonioStefano	Caridi, Antonio Stefano	M
IT	CarioAdriano	Cario, Adriano	M
IT	CarraroFranco	Carraro, Franco	M
IT	CarrozzaMariaChiara	Carrozza, Maria Chiara	F
IT	CartabiaMarta	Cartabia, Marta	F
IT	CasalettoMonica	Casaletto, Monica	F
IT	CaseroLuigi	Casero, Luigi	M
IT	CasiniPierFerdinando	Casini, Pier Ferdinando	M
IT	CasolatiMarzia	Casolati, Marzia	F
IT	CassanoMassimo	Cassano, Massimo	M
IT	CassinelliRoberto	Cassinelli, Roberto	M
IT	CassonFelice	Casson, Felice	M
IT	CastaldiGianluca	Castaldi, Gianluca	M
IT	CastelliLaura	Castelli, Laura	F
IT	CastelloneMariaDomenica	Castellone, Maria Domenica	F
IT	CastielloFrancesco	Castiello, Francesco	M
IT	CastiglioneGiuseppe	Castiglione, Giuseppe	M
IT	CatalfoNunzia	Catalfo, Nunzia	F
IT	CatricalàAntonio	Catricalà, Antonio	M
IT	CattaneoElena	Cattaneo, Elena	F
IT	CausinAndrea	Causin, Andrea	M
IT	CentinaioGianMarco	Centinaio, Gian Marco	M
IT	CernoTommaso	Cerno, Tommaso	M
IT	CeroniRemigio	Ceroni, Remigio	M
IT	CervelliniMassimo	Cervellini, Massimo	M
IT	CesaroAntimo	Cesaro, Antimo	M
IT	CesaroLuigi	Cesaro, Luigi	M
IT	ChiavaroliFederica	Chiavaroli, Federica	F
IT	ChitiVannino	Chiti, Vannino	M
IT	CiampiCarloAzeglio	Ciampi, Carlo Azeglio	M
IT	CiampolilloLello	Ciampolillo, Lello	M
IT	CingolaniRoberto	Cingolani, Roberto	M
IT	CioffiAndrea	Cioffi, Andrea	M
IT	CirianiLuca	Ciriani, Luca	M
IT	CirilloMarcoFlavio	Cirillo, Marco Flavio	M
IT	CirinnaMonica	Cirinna', Monica	F
IT	CociancichRoberto	Cociancich, Roberto	M
IT	ColaoVittorio	Colao, Vittorio	M
IT	ColettoLuca	Coletto, Luca	M
IT	CollinaStefano	Collina, Stefano	M
IT	ColomboEmilio	Colombo, Emilio	M
IT	ColtortiMauro	Coltorti, Mauro	M
IT	ColucciFrancesco	Colucci, Francesco	M
IT	ComaroliSilvanaAndreina	Comaroli, Silvana Andreina	F
IT	CominardiClaudio	Cominardi, Claudio	M
IT	CominciniEugenio	Comincini, Eugenio	M
IT	CompagnaLuigi	Compagna, Luigi	M
IT	CompagnoneGiuseppe	Compagnone, Giuseppe	M
IT	ConsiglioNunziante	Consiglio, Nunziante	M
IT	ConteFranco	Conte, Franco	M
IT	ConteGiuseppe	Conte, Giuseppe	M
IT	ContiRiccardo	Conti, Riccardo	M
IT	ConzattiDonatella	Conzatti, Donatella	F
IT	CorbettaGianmarco	Corbetta, Gianmarco	M
IT	CorradoMargherita	Corrado, Margherita	F
IT	CorsiniPaolo	Corsini, Paolo	M
IT	CortiStefano	Corti, Stefano	M
IT	CostaAndrea	Costa, Andrea	M
IT	CostaEnrico	Costa, Enrico	M
IT	CostaSergio	Costa, Sergio	M
IT	CottiRoberto	Cotti, Roberto	M
IT	CraxiStefaniaGabriellaAnastasia	Craxi, Stefania Gabriella Anastasia	F
IT	CrimiVitoClaudio	Crimi, Vito Claudio	M
IT	CrippaDavide	Crippa, Davide	M
IT	CroattiMarco	Croatti, Marco	M
IT	CrosioJonny	Crosio, Jonny	M
IT	CrucioliMattia	Crucioli, Mattia	M
IT	CuccaGiuseppeLuigiSalvatore	Cucca, Giuseppe Luigi Salvatore	M
IT	CuomoVincenzo	Cuomo, Vincenzo	M
IT	DAddaErica	D'Adda, Erica	F
IT	DAlfonsoLuciano	D'Alfonso, Luciano	M
IT	DAliAntonio	D'Ali', Antonio	M
IT	DAliaGianpiero	D'Alia, Gianpiero	M
IT	DAmbrosioLettieriLuigi	D'Ambrosio Lettieri, Luigi	M
IT	DAngelisErasmo	D'Angelis, Erasmo	M
IT	DAngeloGrazia	D'Angelo, Grazia	F
IT	DAnnaVincenzo	D'Anna, Vincenzo	M
IT	DApuzzoMario	D'Apuzzo, Mario	M
IT	DArienzoVincenzo	D'Arienzo, Vincenzo	M
IT	DAscolaNico	D'Ascola, Nico	M
IT	DIncàFederico	D'Incà, Federico	M
IT	DOnghiaAngela	D'Onghia, Angela	F
IT	DadoneFabiana	Dadone, Fabiana	F
IT	DalMasFranco	Dal Mas, Franco	M
IT	DallaTorMario	Dalla Tor, Mario	M
IT	DallaZuannaGianpiero	Dalla Zuanna, Gianpiero	M
IT	DamianiDario	Damiani, Dario	M
IT	DassùMarta	Dassù, Marta	F
IT	DavicoMichelino	Davico, Michelino	M
IT	DeAngelisFausto	De Angelis, Fausto	M
IT	DeBiasiEmiliaGrazia	De Biasi, Emilia Grazia	F
IT	DeBonisSaverio	De Bonis, Saverio	M
IT	DeCamillisSabrina	De Camillis, Sabrina	F
IT	DeCarloLuca	De Carlo, Luca	M
IT	DeCristofaroPeppe	De Cristofaro, Peppe	M
IT	DeFalcoGregorio	De Falco, Gregorio	M
IT	DeFilippoVito	De Filippo, Vito	M
IT	DeGirolamoNunzia	De Girolamo, Nunzia	F
IT	DeLuciaDanila	De Lucia, Danila	F
IT	DeMicheliPaola	De Micheli, Paola	F
IT	DeMisturaStaffan	De Mistura, Staffan	M
IT	DeMonteIsabella	De Monte, Isabella	F
IT	DePetrisLoredana	De Petris, Loredana	F
IT	DePietroCristina	De Pietro, Cristina	F
IT	DePinPaola	De Pin, Paola	F
IT	DePoliAntonio	De Poli, Antonio	M
IT	DeSianoDomenico	De Siano, Domenico	M
IT	DeVecchisWilliam	De Vecchis, William	M
IT	DeVincentiClaudio	De Vincenti, Claudio	M
IT	DeganiBarbara	Degani, Barbara	F
IT	DelBarbaMauro	Del Barba, Mauro	M
IT	DelBassoDeCaroUmberto	Del Basso De Caro, Umberto	M
IT	DelReEmanuelaClaudia	Del Re, Emanuela Claudia	F
IT	DellAringaCarlo	Dell'Aringa, Carlo	M
IT	DellOlioGianmauro	Dell'Olio, Gianmauro	M
IT	DellOrcoMichele	Dell'Orco, Michele	M
IT	DellaVedovaBenedetto	Della Vedova, Benedetto	M
IT	DelrioGraziano	Delrio, Graziano	M
IT	DessiEmanuele	Dessi', Emanuele	M
IT	DiBiagioAldo	Di Biagio, Aldo	M
IT	DiGiacomoUlisse	Di Giacomo, Ulisse	M
IT	DiGiorgiRosaMaria	Di Giorgi, Rosa Maria	F
IT	DiGirolamoGabriella	Di Girolamo, Gabriella	F
IT	DiMaggioSalvatoreTito	Di Maggio, Salvatore Tito	M
IT	DiMaioLuigi	Di Maio, Luigi	M
IT	DiMarzioLuigi	Di Marzio, Luigi	M
IT	DiMiccoFabio	Di Micco, Fabio	M
IT	DiNicolaPrimo	Di Nicola, Primo	M
IT	DiPiazzaStanislao	Di Piazza, Stanislao	M
IT	DiStefanoManlio	Di Stefano, Manlio	M
IT	DirindinNerina	Dirindin, Nerina	F
IT	DivinaSergio	Divina, Sergio	M
IT	DonnoDaniela	Donno, Daniela	F
IT	DoriaCarlo	Doria, Carlo	M
IT	DraghiMario	Draghi, Mario	M
IT	DragoTizianaCarmelaRosaria	Drago, Tiziana Carmela Rosaria	F
IT	DurigonClaudio	Durigon, Claudio	M
IT	DurnwalderMeinhard	Durnwalder, Meinhard	M
IT	EndrizziGiovanni	Endrizzi, Giovanni	M
IT	ErraniVasco	Errani, Vasco	M
IT	EspositoGiuseppe	Esposito, Giuseppe	M
IT	EspositoLucia	Esposito, Lucia	F
IT	EspositoStefano	Esposito, Stefano	M
IT	EvangelistaElviraLucia	Evangelista, Elvira Lucia	F
IT	FabbriCamilla	Fabbri, Camilla	F
IT	FaddaPaolo	Fadda, Paolo	M
IT	FaggiAntonella	Faggi, Antonella	F
IT	FalangaCiro	Falanga, Ciro	M
IT	FantettiRaffaele	Fantetti, Raffaele	M
IT	FantinatiMattia	Fantinati, Mattia	M
IT	FaraoneDavide	Faraone, Davide	M
IT	FasanoEnzo	Fasano, Enzo	M
IT	FasioloLaura	Fasiolo, Laura	F
IT	FassinaStefano	Fassina, Stefano	M
IT	FattoriElena	Fattori, Elena	F
IT	FattoriniEmma	Fattorini, Emma	F
IT	FaveroNicoletta	Favero, Nicoletta	F
IT	FazzolariGiovanbattista	Fazzolari, Giovanbattista	M
IT	FazzoneClaudio	Fazzone, Claudio	M
IT	FedeGiorgio	Fede, Giorgio	M
IT	FedeliValeria	Fedeli, Valeria	F
IT	FenuEmiliano	Fenu, Emiliano	M
IT	FerraraElena	Ferrara, Elena	F
IT	FerraraGianluca	Ferrara, Gianluca	M
IT	FerraraMario	Ferrara, Mario	M
IT	FerraresiVittorio	Ferraresi, Vittorio	M
IT	FerrariAlan	Ferrari, Alan	M
IT	FerrazziAndrea	Ferrazzi, Andrea	M
IT	FerreroRoberta	Ferrero, Roberta	F
IT	FerriCosimoMaria	Ferri, Cosimo Maria	M
IT	FerroMassimo	Ferro, Massimo	M
IT	FilippiMarco	Filippi, Marco	M
IT	FilippinRosanna	Filippin, Rosanna	F
IT	FinocchiaroAnna	Finocchiaro, Anna	F
IT	FissoreElena	Fissore, Elena	F
IT	FloridiaBarbara	Floridia, Barbara	F
IT	FlorisEmilio	Floris, Emilio	M
IT	FontanaIlaria	Fontana, Ilaria	F
IT	FontanaLorenzo	Fontana, Lorenzo	M
IT	FormigoniRoberto	Formigoni, Roberto	M
IT	FornaroFederico	Fornaro, Federico	M
IT	FraccaroRiccardo	Fraccaro, Riccardo	M
IT	FranceschiniDario	Franceschini, Dario	M
IT	FrancoDaniele	Franco, Daniele	M
IT	FravezziVittorio	Fravezzi, Vittorio	M
IT	FregolentSonia	Fregolent, Sonia	F
IT	FreniFederico	Freni, Federico	M
IT	FucksiaSerenella	Fucksia, Serenella	F
IT	FugattiMaurizio	Fugatti, Maurizio	M
IT	FuscoUmberto	Fusco, Umberto	M
IT	GabrielliFranco	Gabrielli, Franco	M
IT	GaettiLuigi	Gaetti, Luigi	M
IT	GalimbertiPaolo	Galimberti, Paolo	M
IT	GallettiGianLuca	Galletti, Gian Luca	M
IT	GalliDario	Galli, Dario	M
IT	GallianiAdriano	Galliani, Adriano	M
IT	GallicchioAgnese	Gallicchio, Agnese	F
IT	GalloneMariaAlessandra	Gallone, Maria Alessandra	F
IT	GambaroAdele	Gambaro, Adele	F
IT	GaravagliaMassimo	Garavaglia, Massimo	M
IT	GaraviniLaura	Garavini, Laura	F
IT	GarneroSantancheDaniela	Garnero Santanche', Daniela	F
IT	GarofoliRoberto	Garofoli, Roberto	M
IT	GarrutiVincenzo	Garruti, Vincenzo	M
IT	GasparriMaurizio	Gasparri, Maurizio	M
IT	GattiMariaGrazia	Gatti, Maria Grazia	F
IT	GaudianoFelicia	Gaudiano, Felicia	F
IT	GavaVannia	Gava, Vannia	F
IT	GelminiMariastella	Gelmini, Mariastella	F
IT	GentileAntonio	Gentile, Antonio	M
IT	GentiloniSilveriPaolo	Gentiloni Silveri, Paolo	M
IT	GeraciMichele	Geraci, Michele	M
IT	GhediniNiccolo	Ghedini, Niccolo'	M
IT	GhediniRita	Ghedini, Rita	F
IT	GiacobbeFrancesco	Giacobbe, Francesco	M
IT	GiacomelliAntonello	Giacomelli, Antonello	M
IT	GiammancoGabriella	Giammanco, Gabriella	F
IT	GianniniStefania	Giannini, Stefania	F
IT	GiannuzziSilvana	Giannuzzi, Silvana	F
IT	GiarrussoMarioMichele	Giarrusso, Mario Michele	M
IT	GibiinoVincenzo	Gibiino, Vincenzo	M
IT	GinettiNadia	Ginetti, Nadia	F
IT	GiordaniSimonetta	Giordani, Simonetta	F
IT	GiorgettiAlberto	Giorgetti, Alberto	M
IT	GiorgettiGiancarlo	Giorgetti, Giancarlo	M
IT	GiorgisAndrea	Giorgis, Andrea	M
IT	GiovanardiCarlo	Giovanardi, Carlo	M
IT	GiovanniniEnrico	Giovannini, Enrico	M
IT	GirlandaRocco	Girlanda, Rocco	M
IT	GiroFrancescoMaria	Giro, Francesco Maria	M
IT	GiroMario	Giro, Mario	M
IT	GirottoGianniPietro	Girotto, Gianni Pietro	M
IT	GiulianoSalvatore	Giuliano, Salvatore	M
IT	GotorMiguel	Gotor, Miguel	M
IT	GoziSandro	Gozi, Sandro	M
IT	GranaiolaManuela	Granaiola, Manuela	F
IT	GranatoBiancaLaura	Granato, Bianca Laura	F
IT	GrassiUgo	Grassi, Ugo	M
IT	GrassoPietro	Grasso, Pietro	M
IT	GrilliVittorioUmberto	Grilli, Vittorio Umberto	M
IT	GrilloGiulia	Grillo, Giulia	F
IT	GrimaniLeonardo	Grimani, Leonardo	M
IT	GualdaniMarcello	Gualdani, Marcello	M
IT	GualtieriRoberto	Gualtieri, Roberto	M
IT	GueriniLorenzo	Guerini, Lorenzo	M
IT	GuerraMariaCecilia	Guerra, Maria Cecilia	F
IT	GuerrieriPaleottiPaolo	Guerrieri Paleotti, Paolo	M
IT	GuidesiGuido	Guidesi, Guido	M
IT	GuidiFederica	Guidi, Federica	F
IT	GuidolinBarbara	Guidolin, Barbara	F
IT	IannoneAntonio	Iannone, Antonio	M
IT	IchinoPietro	Ichino, Pietro	M
IT	IdemJosefa	Idem, Josefa	F
IT	IoriVanna	Iori, Vanna	F
IT	IurlaroPietro	Iurlaro, Pietro	M
IT	IwobiTonyChike	Iwobi, Tony Chike	M
IT	KyengeCecile	Kyenge, Cecile	F
IT	LAbbateGiuseppe	L'Abbate, Giuseppe	M
IT	LAbbatePatty	L'Abbate, Patty	F
IT	LaMuraVirginia	La Mura, Virginia	F
IT	LaPietraPatrizioGiacomo	La Pietra, Patrizio Giacomo	M
IT	LaRussaIgnazio	La Russa, Ignazio	M
IT	LaforgiaFrancesco	Laforgia, Francesco	M
IT	LaiBachisioSilvio	Lai, Bachisio Silvio	M
IT	LamorgeseLuciana	Lamorgese, Luciana	F
IT	LangellaPietro	Langella, Pietro	M
IT	LanieceAlbert	Laniece, Albert	M
IT	LannuttiElio	Lannutti, Elio	M
IT	LanziGabriele	Lanzi, Gabriele	M
IT	LanzillottaLinda	Lanzillotta, Linda	F
IT	LatorreNicola	Latorre, Nicola	M
IT	LausMauroAntonioDonato	Laus, Mauro Antonio Donato	M
IT	LegniniGiovanni	Legnini, Giovanni	M
IT	LeoneCinzia	Leone, Cinzia	F
IT	LepriStefano	Lepri, Stefano	M
IT	LettaEnrico	Letta, Enrico	M
IT	LezziBarbara	Lezzi, Barbara	F
IT	LicheriEttoreAntonio	Licheri, Ettore Antonio	M
IT	LiuzziPietro	Liuzzi, Pietro	M
IT	LoGiudiceSergio	Lo Giudice, Sergio	M
IT	LoMoroDoris	Lo Moro, Doris	F
IT	LomutiArnaldo	Lomuti, Arnaldo	M
IT	LonardoAlessandrina	Lonardo, Alessandrina	F
IT	LongoEva	Longo, Eva	F
IT	LongoFausto	Longo, Fausto	M
IT	LoreficePietro	Lorefice, Pietro	M
IT	LorenzinBeatrice	Lorenzin, Beatrice	F
IT	LottiLuca	Lotti, Luca	F
IT	LucheriniCarlo	Lucherini, Carlo	M
IT	LucidiStefano	Lucidi, Stefano	M
IT	LumiaGiuseppe	Lumia, Giuseppe	M
IT	LunesuMichelina	Lunesu, Michelina	F
IT	LupiMaurizio	Lupi, Maurizio	M
IT	LupoGiulia	Lupo, Giulia	F
IT	MacinaAnna	Macina, Anna	F
IT	MadiaMariaAnna	Madia, Maria Anna	F
IT	MaffoniGianpietro	Maffoni, Gianpietro	M
IT	MagoniLara	Magoni, Lara	F
IT	MagornoErnesto	Magorno, Ernesto	M
IT	MaiorinoAlessandra	Maiorino, Alessandra	F
IT	MalanLucio	Malan, Lucio	M
IT	MallegniMassimo	Mallegni, Massimo	M
IT	MalpezziSimonaFlavia	Malpezzi, Simona Flavia	F
IT	ManasseroPatrizia	Manassero, Patrizia	F
IT	MancaDaniele	Manca, Daniele	M
IT	ManconiLuigi	Manconi, Luigi	M
IT	MancusoBruno	Mancuso, Bruno	M
IT	MandelliAndrea	Mandelli, Andrea	M
IT	ManfrediGaetano	Manfredi, Gaetano	M
IT	MangialavoriGiuseppeTommasoVincenzo	Mangialavori, Giuseppe Tommaso Vincenzo	M
IT	MangiliGiovanna	Mangili, Giovanna	F
IT	ManteroMatteo	Mantero, Matteo	M
IT	MantovaniMariaLaura	Mantovani, Maria Laura	F
IT	MantovaniMario	Mantovani, Mario	M
IT	ManzatoFranco	Manzato, Franco	M
IT	ManzioneDomenico	Manzione, Domenico	M
IT	MaranAlessandro	Maran, Alessandro	M
IT	MarcucciAndrea	Marcucci, Andrea	M
IT	MargiottaSalvatore	Margiotta, Salvatore	M
IT	MarilottiGianni	Marilotti, Gianni	M
IT	MarinMarco	Marin, Marco	M
IT	MarinRaffaellaFiormaria	Marin, Raffaella Fiormaria	F
IT	MarinelloGaspareAntonio	Marinello, Gaspare Antonio	M
IT	MarinelloGiuseppeFrancescoMaria	Marinello, Giuseppe Francesco Maria	M
IT	MarinoIgnazio	Marino, Ignazio	M
IT	MarinoLuigi	Marino, Luigi	M
IT	MarinoMauroMaria	Marino, Mauro Maria	M
IT	MarsilioMarco	Marsilio, Marco	M
IT	MartelliCarlo	Martelli, Carlo	M
IT	MartiRoberto	Marti, Roberto	M
IT	MartinaMaurizio	Martina, Maurizio	M
IT	MartiniClaudio	Martini, Claudio	M
IT	MartonBruno	Marton, Bruno	M
IT	MasiniBarbara	Masini, Barbara	F
IT	MastrangeliMarinoGermano	Mastrangeli, Marino Germano	M
IT	MatriscianoSusy	Matrisciano, Susy	F
IT	MatteoliAltero	Matteoli, Altero	M
IT	MattesiniDonella	Mattesini, Donella	F
IT	MaturaniGiuseppina	Maturani, Giuseppina	F
IT	MauroGiovanni	Mauro, Giovanni	M
IT	MauroMario	Mauro, Mario	M
IT	MautoneRaffaele	Mautone, Raffaele	M
IT	MazzoniRiccardo	Mazzoni, Riccardo	M
IT	MerloRicardoAntonio	Merlo, Ricardo Antonio	M
IT	MerloniMariaPaola	Merloni, Maria Paola	F
IT	MessaMariaCristina	Messa, Maria Cristina	F
IT	MessinaAlfredo	Messina, Alfredo	M
IT	MessinaAssuntela	Messina, Assuntela	F
IT	MicheloniClaudio	Micheloni, Claudio	M
IT	MigliavaccaMaurizio	Migliavacca, Maurizio	M
IT	MiglioreGennaro	Migliore, Gennaro	M
IT	MiloAntonio	Milo, Antonio	M
IT	MinasiTilde	Minasi, Tilde	F
IT	MineoCorradino	Mineo, Corradino	M
IT	MininnoCataldo	Mininno, Cataldo	M
IT	MinnitiMarco	Minniti, Marco	M
IT	MinutoAnnaCarmela	Minuto, Anna Carmela	F
IT	MinzoliniAugusto	Minzolini, Augusto	M
IT	MirabelliFranco	Mirabelli, Franco	M
IT	MisianiAntonio	Misiani, Antonio	M
IT	MoaveroMilanesiEnzo	Moavero Milanesi, Enzo	M
IT	ModenaFiammetta	Modena, Fiammetta	F
IT	MogheriniFederica	Mogherini, Federica	F
IT	MolesGiuseppe	Moles, Giuseppe	M
IT	MolinariFrancesco	Molinari, Francesco	M
IT	MollameFrancesco	Mollame, Francesco	M
IT	MolteniNicola	Molteni, Nicola	M
IT	MontaniEnrico	Montani, Enrico	M
IT	MontevecchiMichela	Montevecchi, Michela	F
IT	MontiMario	Monti, Mario	M
IT	MorandoEnrico	Morando, Enrico	M
IT	MorassutRoberto	Morassut, Roberto	M
IT	MorelliAlessandro	Morelli, Alessandro	M
IT	MorgoniMario	Morgoni, Mario	M
IT	MoroneseVilma	Moronese, Vilma	F
IT	MorraNicola	Morra, Nicola	M
IT	MorroneJacopo	Morrone, Jacopo	M
IT	MoscardelliClaudio	Moscardelli, Claudio	M
IT	MucchettiMassimo	Mucchetti, Massimo	M
IT	MugnaiFranco	Mugnai, Franco	M
IT	MulèGiorgio	Mulè, Giorgio	M
IT	MuneratoEmanuela	Munerato, Emanuela	F
IT	MussiniMaria	Mussini, Maria	F
IT	MussoliniAlessandra	Mussolini, Alessandra	F
IT	NaccaratoPaolo	Naccarato, Paolo	M
IT	NanniciniTommaso	Nannicini, Tommaso	M
IT	NapolitanoGiorgio	Napolitano, Giorgio	M
IT	NastriGaetano	Nastri, Gaetano	M
IT	NaturaleGisella	Naturale, Gisella	F
IT	NenciniRiccardo	Nencini, Riccardo	M
IT	NesciDalila	Nesci, Dalila	F
IT	NisiniTiziana	Nisini, Tiziana	F
IT	NocerinoSimonaNunzia	Nocerino, Simona Nunzia	F
IT	NugnesPaola	Nugnes, Paola	F
IT	OliveroAndrea	Olivero, Andrea	M
IT	OrellanaLuisAlberto	Orellana, Luis Alberto	M
IT	OrlandoAndrea	Orlando, Andrea	M
IT	OrricoAnnaLaura	Orrico, Anna Laura	F
IT	OrruPamelaGiacomaGiovanna	Orru', Pamela Giacoma Giovanna	F
IT	OrtisFabrizio	Ortis, Fabrizio	M
IT	OrtolaniFranco	Ortolani, Franco	M
IT	OstellariAndrea	Ostellari, Andrea	M
IT	PacificoMarinella	Pacifico, Marinella	F
IT	PadoanPietroCarlo	Padoan, Pietro Carlo	M
IT	PaduaVenera	Padua, Venera	F
IT	PaganoNazario	Pagano, Nazario	M
IT	PaganoPippo	Pagano, Pippo	M
IT	PagliariGiorgio	Pagliari, Giorgio	M
IT	PagliniSara	Paglini, Sara	F
IT	PagnoncelliLionelloMarco	Pagnoncelli, Lionello Marco	M
IT	PalermoFrancesco	Palermo, Francesco	M
IT	PalmaNittoFrancesco	Palma, Nitto Francesco	M
IT	PanizzaFranco	Panizza, Franco	M
IT	PapaevangeliuKristaliaRachele	Papaevangeliu, Kristalia Rachele	F
IT	PapatheuUraniaGiuliaRosina	Papatheu, Urania Giulia Rosina	F
IT	ParagoneGianluigi	Paragone, Gianluigi	M
IT	ParenteAnnamaria	Parente, Annamaria	F
IT	ParoliAdriano	Paroli, Adriano	M
IT	ParriniDario	Parrini, Dario	M
IT	PatriarcaEdoardo	Patriarca, Edoardo	M
IT	PatroniGriffiFilippo	Patroni Griffi, Filippo	M
IT	PatuanelliStefano	Patuanelli, Stefano	M
IT	PavanelliEmma	Pavanelli, Emma	F
IT	PazzagliniGiuliano	Pazzaglini, Giuliano	M
IT	PegorerCarlo	Pegorer, Carlo	M
IT	PelinoPaola	Pelino, Paola	F
IT	PellegriniEmanuele	Pellegrini, Emanuele	M
IT	PellegriniMarco	Pellegrini, Marco	M
IT	PepeBartolomeo	Pepe, Bartolomeo	M
IT	PepePasquale	Pepe, Pasquale	M
IT	PergreffiSimona	Pergreffi, Simona	F
IT	PerilliGianluca	Perilli, Gianluca	M
IT	PerosinoMarco	Perosino, Marco	M
IT	PerroneLuigi	Perrone, Luigi	M
IT	PesceAlessandra	Pesce, Alessandra	F
IT	PescoDaniele	Pesco, Daniele	M
IT	PetragliaAlessia	Petraglia, Alessia	F
IT	PetrengaGiovanna	Petrenga, Giovanna	F
IT	PetrocelliVitoRosario	Petrocelli, Vito Rosario	M
IT	PezzopaneStefania	Pezzopane, Stefania	F
IT	PianassoCesare	Pianasso, Cesare	M
IT	PianoRenzo	Piano, Renzo	M
IT	PiarulliAngelaAnnaBruna	Piarulli, Angela Anna Bruna	F
IT	PicchiGuglielmo	Picchi, Guglielmo	M
IT	PiccinelliEnrico	Piccinelli, Enrico	M
IT	PiccoliGiovanni	Piccoli, Giovanni	M
IT	PichettoFratinGilberto	Pichetto Fratin, Gilberto	M
IT	PignedoliLeana	Pignedoli, Leana	F
IT	PillonSimone	Pillon, Simone	M
IT	PinottiRoberta	Pinotti, Roberta	F
IT	PirovanoDaisy	Pirovano, Daisy	F
IT	PirroElisa	Pirro, Elisa	F
IT	PisaniGiuseppe	Pisani, Giuseppe	M
IT	PisaniPietro	Pisani, Pietro	M
IT	PisanoPaola	Pisano, Paola	F
IT	PistelliLapo	Pistelli, Lapo	M
IT	PittellaGianni	Pittella, Gianni	M
IT	PittoniMario	Pittoni, Mario	M
IT	PizzettiLuciano	Pizzetti, Luciano	M
IT	PizzolNadia	Pizzol, Nadia	F
IT	PolettiGiuliano	Poletti, Giuliano	M
IT	PolilloGianfranco	Polillo, Gianfranco	M
IT	PortaFabio	Porta, Fabio	M
IT	PresuttoVincenzo	Presutto, Vincenzo	M
IT	PucciarelliStefania	Pucciarelli, Stefania	F
IT	PugliaSergio	Puglia, Sergio	M
IT	PuglisiFrancesca	Puglisi, Francesca	F
IT	PuppatoLaura	Puppato, Laura	F
IT	QuagliarielloGaetano	Quagliariello, Gaetano	M
IT	QuartoRuggiero	Quarto, Ruggiero	M
IT	RampiRoberto	Rampi, Roberto	M
IT	RanucciRaffaele	Ranucci, Raffaele	M
IT	RautiIsabella	Rauti, Isabella	F
IT	RazziAntonio	Razzi, Antonio	M
IT	ReggiRoberto	Reggi, Roberto	M
IT	RenziMatteo	Renzi, Matteo	M
IT	RepettiManuela	Repetti, Manuela	F
IT	RiccardiAlessandra	Riccardi, Alessandra	F
IT	RicchiutiLucrezia	Ricchiuti, Lucrezia	F
IT	RicciardiSabrina	Ricciardi, Sabrina	F
IT	RichettiMatteo	Richetti, Matteo	M
IT	RipamontiPaolo	Ripamonti, Paolo	M
IT	RivoltaErica	Rivolta, Erica	F
IT	RixiEdoardo	Rixi, Edoardo	M
IT	RizzottiMaria	Rizzotti, Maria	F
IT	RojcTatjana	Rojc, Tatjana	F
IT	RomagnoliSergio	Romagnoli, Sergio	M
IT	RomaniMaurizio	Romani, Maurizio	M
IT	RomaniPaolo	Romani, Paolo	M
IT	RomanoIunioValerio	Romano, Iunio Valerio	M
IT	RomanoLucio	Romano, Lucio	M
IT	RomeoMassimiliano	Romeo, Massimiliano	M
IT	RonzulliLicia	Ronzulli, Licia	F
IT	RossiDomenico	Rossi, Domenico	M
IT	RossiDoriaMarco	Rossi Doria, Marco	M
IT	RossiGianluca	Rossi, Gianluca	M
IT	RossiLuciano	Rossi, Luciano	M
IT	RossiMariarosaria	Rossi, Mariarosaria	F
IT	RossiMaurizio	Rossi, Maurizio	M
IT	RossomandoAnna	Rossomando, Anna	F
IT	RubbiaCarlo	Rubbia, Carlo	M
IT	RufaGianfranco	Rufa, Gianfranco	M
IT	RughettiAngelo	Rughetti, Angelo	M
IT	RuotoloSandro	Ruotolo, Sandro	M
IT	RuspandiniMassimo	Ruspandini, Massimo	M
IT	RussoFrancesco	Russo, Francesco	M
IT	RussoLoredana	Russo, Loredana	F
IT	RutaRoberto	Ruta, Roberto	M
IT	RuvoloGiuseppe	Ruvolo, Giuseppe	M
IT	SaccomanniFabrizio	Saccomanni, Fabrizio	M
IT	SacconeAntonio	Saccone, Antonio	M
IT	SacconiMaurizio	Sacconi, Maurizio	M
IT	SaggeseAngelica	Saggese, Angelica	F
IT	SalviniMatteo	Salvini, Matteo	M
IT	SangalliGianCarlo	Sangalli, Gian Carlo	M
IT	SantangeloVincenzo	Santangelo, Vincenzo	M
IT	SantelliJole	Santelli, Jole	F
IT	SantilloAgostino	Santillo, Agostino	M
IT	SantiniGiorgio	Santini, Giorgio	M
IT	SaponaraMaria	Saponara, Maria	F
IT	SartoreAlessandra	Sartore, Alessandra	F
IT	SassoRossano	Sasso, Rossano	M
IT	SavianePaolo	Saviane, Paolo	M
IT	SavonaPaolo	Savona, Paolo	M
IT	SbranaRosellina	Sbrana, Rosellina	F
IT	SbrolliniDaniela	Sbrollini, Daniela	F
IT	ScalfarottoIvan	Scalfarotto, Ivan	M
IT	ScaliaFrancesco	Scalia, Francesco	M
IT	ScavoneAntonio	Scavone, Antonio	M
IT	SchifaniRenato	Schifani, Renato	M
IT	SciasciaSalvatore	Sciascia, Salvatore	M
IT	ScibonaMarco	Scibona, Marco	M
IT	ScilipotiIsgroDomenico	Scilipoti Isgro', Domenico	M
IT	ScomaFrancesco	Scoma, Francesco	M
IT	SegreLiliana	Segre, Liliana	F
IT	SerafiniGiancarlo	Serafini, Giancarlo	M
IT	SereniMarina	Sereni, Marina	F
IT	SerraManuela	Serra, Manuela	F
IT	SibiliaCarlo	Sibilia, Carlo	M
IT	SibiliaCosimo	Sibilia, Cosimo	M
IT	SiclariMarco	Siclari, Marco	M
IT	SileriPierpaolo	Sileri, Pierpaolo	M
IT	SilvestroAnnalisa	Silvestro, Annalisa	F
IT	SimeoniIvana	Simeoni, Ivana	F
IT	SiriArmando	Siri, Armando	M
IT	SistoFrancescoPaolo	Sisto, Francesco Paolo	M
IT	SolinasChristian	Solinas, Christian	M
IT	SolloPasquale	Sollo, Pasquale	M
IT	SonegoLodovico	Sonego, Lodovico	M
IT	SpadaforaVincenzo	Spadafora, Vincenzo	M
IT	SperanzaRoberto	Speranza, Roberto	M
IT	SpilabotteMaria	Spilabotte, Maria	F
IT	SposettiUgo	Sposetti, Ugo	M
IT	StabileLaura	Stabile, Laura	F
IT	StancanelliRaffaele	Stancanelli, Raffaele	M
IT	StefaniErika	Stefani, Erika	F
IT	StefanoDario	Stefano, Dario	M
IT	StegerDieter	Steger, Dieter	M
IT	StucchiGiacomo	Stucchi, Giacomo	M
IT	SudanoValeria	Sudano, Valeria	F
IT	SustaGianluca	Susta, Gianluca	M
IT	TabacciBruno	Tabacci, Bruno	M
IT	TariccoMino	Taricco, Mino	M
IT	TarquinioLucio	Tarquinio, Lucio	M
IT	TavernaPaola	Taverna, Paola	F
IT	TeseiDonatella	Tesei, Donatella	F
IT	TestorElena	Testor, Elena	F
IT	TiraboschiMariaVirginia	Tiraboschi, Maria Virginia	F
IT	ToccafondiGabriele	Toccafondi, Gabriele	M
IT	TocciWalter	Tocci, Walter	M
IT	ToddeAlessandra	Todde, Alessandra	F
IT	TofaloAngelo	Tofalo, Angelo	M
IT	ToffaninRoberta	Toffanin, Roberta	F
IT	TomaselliSalvatore	Tomaselli, Salvatore	M
IT	ToninelliDanilo	Toninelli, Danilo	M
IT	ToniniGiorgio	Tonini, Giorgio	M
IT	TorrisiSalvatore	Torrisi, Salvatore	M
IT	TosatoPaolo	Tosato, Paolo	M
IT	TotaroAchille	Totaro, Achille	M
IT	TraversiRoberto	Traversi, Roberto	M
IT	TremontiGiulio	Tremonti, Giulio	M
IT	TrentaElisabetta	Trenta, Elisabetta	F
IT	TrentacosteFabrizio	Trentacoste, Fabrizio	M
IT	TriaGiovanni	Tria, Giovanni	M
IT	TrigiliaCarlo	Trigilia, Carlo	M
IT	TrontiMario	Tronti, Mario	M
IT	TuranoRenatoGuerino	Turano, Renato Guerino	M
IT	TurcoMario	Turco, Mario	M
IT	UnterbergerJulia	Unterberger, Julia	F
IT	UrasLuciano	Uras, Luciano	M
IT	UrraroFrancesco	Urraro, Francesco	M
IT	UrsoAdolfo	Urso, Adolfo	M
IT	VaccariStefano	Vaccari, Stefano	M
IT	VaccaroSergio	Vaccaro, Sergio	M
IT	VaccianoGiuseppe	Vacciano, Giuseppe	M
IT	ValdinosiMara	Valdinosi, Mara	F
IT	ValenteSimone	Valente, Simone	M
IT	ValenteValeria	Valente, Valeria	F
IT	ValentiniDaniela	Valentini, Daniela	F
IT	VallardiGianpaolo	Vallardi, Gianpaolo	M
IT	VaninOrietta	Vanin, Orietta	F
IT	VariatiAchille	Variati, Achille	M
IT	VattuoneVito	Vattuone, Vito	M
IT	VerdiniDenis	Verdini, Denis	M
IT	VerducciFrancesco	Verducci, Francesco	M
IT	VerroAntonio	Verro, Antonio	M
IT	VescoviManuel	Vescovi, Manuel	M
IT	VezzaliMariaValentina	Vezzali, Maria Valentina	F
IT	VicariSimona	Vicari, Simona	F
IT	ViceconteGuido	Viceconte, Guido	M
IT	VillariRiccardo	Villari, Riccardo	M
IT	VillarosaAlessioMattia	Villarosa, Alessio Mattia	M
IT	VitaliLuigi	Vitali, Luigi	M
IT	VolpiRaffaele	Volpi, Raffaele	M
IT	VonoGelsomina	Vono, Gelsomina	F
IT	ZaffiniFrancesco	Zaffini, Francesco	M
IT	ZandaLuigi	Zanda, Luigi	M
IT	ZanettiEnrico	Zanetti, Enrico	M
IT	ZanettinPierantonio	Zanettin, Pierantonio	M
IT	ZanonatoFlavio	Zanonato, Flavio	M
IT	ZanoniMagdaAngela	Zanoni, Magda Angela	F
IT	ZavoliSergio	Zavoli, Sergio	M
IT	ZellerKarl	Zeller, Karl	M
IT	ZinClaudio	Zin, Claudio	M
IT	ZizzaVittorio	Zizza, Vittorio	M
IT	ZuffadaSante	Zuffada, Sante	M
IT	ZulianiCristiano	Zuliani, Cristiano	M
IT	deBertoldiAndrea	de Bertoldi, Andrea	M
