Country	SpeakerID	Name	Sex
ES-CT	AbellaJeannine	Abella i Chica, Jeannine	F
ES-CT	AbellánConcepción	Abellán Carretero, Concepción	F
ES-CT	AcostaManuel	Acosta Elías, Manuel Jesús	M
ES-CT	AlamanyElisenda	Alamany Gutiérrez, Elisenda	F
ES-CT	AlbertJordi	Albert i Caballero, Jordi	M
ES-CT	AlbiachJèssica	Albiach Satorres, Jéssica	F
ES-CT	AlbóPere	Albó Marlés, Pere	M
ES-CT	AlcaláJudit	Alcalá González, Judit	F
ES-CT	Alonso-CuevillasJaume	Alonso-Cuevillas i Sayrol, Jaume	M
ES-CT	AlonsoMatías	Alonso Ruiz, Matías	M
ES-CT	AlsinaVictòria	Alsina i Burgués, Victòria	F
ES-CT	AmatJaume	Amat i Reyero, Jaume	M
ES-CT	AmatOriol	Amat i Salas, Oriol	M
ES-CT	AmellòHéctor	Amellò Montiu, Héctor	M
ES-CT	AmorósOriol	Amorós i March, Oriol	M
ES-CT	AparicioOscar	Aparicio Pedrosa, Oscar	M
ES-CT	AragonèsIrene	Aragonès Gràcia, Irene	F
ES-CT	AragonèsPere	Aragonès i Garcia, Pere	M
ES-CT	AragonésVidal	Aragonés Chicharro, Vidal	M
ES-CT	ArgimonJosep	Argimon Pallàs, Josep Maria	M
ES-CT	ArrimadasInés	Arrimadas García, Inés	F
ES-CT	ArtadiElsa	Artadi i Vila, Elsa	F
ES-CT	BaigetJordi	Baiget i Cantons, Jordi	M
ES-CT	BalaschAntoni	Balasch i Parisi, Antoni	M
ES-CT	BalseraAna	Balsera i Marín, Ana	F
ES-CT	BargallóGerard	Bargalló Boivin, Gerard	M
ES-CT	BargallóJosep	Bargalló Valls, Josep	M
ES-CT	BarraMartin	Barra López, Martín Eusebio	M
ES-CT	BarrufetRamona	Barrufet i Santacana, Ramona	F
ES-CT	BaróEva	Baró i Ramos, Eva	F
ES-CT	BassaDolors	Bassa i Coll, Dolors	F
ES-CT	BatallaAlbert	Batalla i Siscart, Albert	M
ES-CT	BatetAlbert	Batet Canadell, Albert	M
ES-CT	BatlleMariaAntònia	Batlle i Andreu, Maria Antònia	F
ES-CT	BayoHelena	Bayo Delgado, Helena	F
ES-CT	BayonaAntoni	Bayona Rocamora, Antoni	M
ES-CT	BañosAntonio	Baños Boncompain, Antonio	M
ES-CT	BelGermà	Bel Queralt, Germà	M
ES-CT	BelloAndrés	Bello Sanz, Andrés	M
ES-CT	BeltránSusana	Beltrán García, Susana	F
ES-CT	BenNajat	Ben Moussa, Najat Driouech	F
ES-CT	BertranDavid	Bertran Román, David	M
ES-CT	BonvehíDavid	Bonvehí i Torras, David	M
ES-CT	BorràsLaura	Borràs i Castanyer, Laura	F
ES-CT	BorràsMeritxell	Borràs i Solé, Meritxell	F
ES-CT	BoschAlfred	Bosch i Pascual, Alfred	M
ES-CT	BotranAlbert	Botran i Pahissa, Albert	M
ES-CT	BoyaMireia	Boya e Busquet, Mireia	F
ES-CT	BravoMarina	Bravo Sobrino, Marina	F
ES-CT	BrugueraRafel	Bruguera Batalla, Rafel	M
ES-CT	BuchMiquel	Buch i Moya, Miquel	M
ES-CT	BudóMeritxell	Budó Pla, Meritxell	F
ES-CT	BusquetaJosep	Busqueta i Franco, Josep Manel	M
ES-CT	ButinyàJaume	Butinyà i Sitjà, Jaume	M
ES-CT	CaballolJoan	Caballol i Angelats, Joan Antoni	M
ES-CT	CalatayudJoaquim	Calatayud Casals, Joaquim	M
ES-CT	CalvetDamià	Calvet i Valera, Damià	F
ES-CT	CampdepadrósEusebi	Campdepadrós i Pucurull, Eusebi	M
ES-CT	CampsAlba	Camps i Roca, Alba	F
ES-CT	CanadellJoan	Canadell i Bruguera, Joan	M
ES-CT	CandelaEva	Candela Lopez, Eva	F
ES-CT	CandiniMontserrat	Candini i Puig, Montserrat	F
ES-CT	CanoJose	Cano Navarro, José María	M
ES-CT	CapellaEster	Capella i Farré, Ester	F
ES-CT	CarbonellAurora	Carbonell i Abella, Aurora	F
ES-CT	CarrerasDolors	Carreras Casany, Dolors	F
ES-CT	CarrizosaCarlos	Carrizosa Torres, Carlos	M
ES-CT	CasalsMuriel	Casals i Couturier, Muriel	F
ES-CT	CasamitjanaMagdalena	Casamitjana i Aguilà, Magdalena	F
ES-CT	CasolCristina	Casol Segués, Cristina	F
ES-CT	CastelJean	Castel Sucarrat, Jean	M
ES-CT	CastellvíCarmina	Castellví i Vallverdú, Carmina	F
ES-CT	CastellàAntoni	Castellà i Clavè, Antoni	M
ES-CT	CastillejoPilar	Castillejo i Medina, Pilar	F
ES-CT	CastilloCarlos	Castillo Rosique, Carles	M
ES-CT	CaulaAnna	Caula i Paretas, Anna	F
ES-CT	CañadellRosa	Cañadell Pascual, Rosa	M
ES-CT	CerveraViolant	Cervera i Gòdia, Violant	F
ES-CT	ChangueBasha	Changue Canalejo, Basha	F
ES-CT	CidDavid	Cid Colomer, David	M
ES-CT	CiuróLourdes	Ciuró i Buldó, Lourdes	F
ES-CT	CivitFerran	Civit Martí, Ferran	M
ES-CT	ClaraNarcis	Clara i Lloret, Narcis	M
ES-CT	CompteBartomeu	Compte Masmitjà, Bartomeu	M
ES-CT	ComínAntoni	Comín i Oliveres, Antoni	M
ES-CT	CornellàDani	Cornellà Detrell, Dani	M
ES-CT	CorominasLluís	Corominas i Diaz, Lluís	M
ES-CT	CoscubielaJoan	Coscubiela i Conesa, Joan	M
ES-CT	CostaJosep	Costa i Rosselló, Josep	M
ES-CT	CrespoTeresa	Crespo, Teresa	F
ES-CT	CuminalJordi	Cuminal i Roquet, Jordi	M
ES-CT	DalmasesFrancesc	de Dalmases i Thió, Francesc	M
ES-CT	DanteAlbano	Fachin Pozzi, Albano Dante	M
ES-CT	DeJòdarJulià	de Jòdar i Muñoz, Julià	M
ES-CT	DePáramoFernando	de Páramo Goméz, Fernando	M
ES-CT	DeRiveraCarmen	de Rivera Pla, Carmen	F
ES-CT	DelaCalleNoemí	de la Calle Sifré, Noemí	F
ES-CT	DelgadoAdriana	Delgado i Herreros, Adriana	F
ES-CT	DiazJenn	Diaz Ruiz, Jenn	F
ES-CT	DionisioMireia	Dionisio Calé, Mireia	F
ES-CT	DomènechXavier	Domènech i Sampere, Xavier	M
ES-CT	DomínguezFrancisco	Domínguez Serrano, Francisco Javier	M
ES-CT	DriouechNajat	Driouech Ben Moussa, Najat	F
ES-CT	DíazElena	Díaz Torrevejano, Elena	F
ES-CT	ElGarbhiSawia	El Garbhi, Sawia	F
ES-CT	ElHomraniChakir	El Homrani Lesfar, Chakir	M
ES-CT	ErraAnna	Erra i Solà, Anna	F
ES-CT	EscarpAssumpta	Escarp Gibert, Assumpta	F
ES-CT	EscofetMercè	Escofet Sala, Mercè	F
ES-CT	EspadalerRamon	Espadaler i Parcerisas, Ramon	M
ES-CT	Espejo-Saavedra	Espejo-Saavedra Conesa, José María	M
ES-CT	EspigaresGemma	Espigares i Tribó, Gemma	M
ES-CT	EspinosaAntonio	Espinosa Cerrato, Antonio	M
ES-CT	EstevaGerard	Esteva i Viladecans, Gerard	M
ES-CT	EsteveMercè	Esteve i Pi, Mercè	F
ES-CT	EstradaLaia	Estrada Cañón, Laia	F
ES-CT	EstruchFerran	Estruch i Torrents, Ferran	M
ES-CT	FeijóoJorge	Feijóo Suñol, Jorge	M
ES-CT	FeliuAnna	Feliu Moragues, Anna	F
ES-CT	FernàndezJuli	Fernàndez i Olivares, Juli	M
ES-CT	FernándezAlejandro	Fernández Álvarez, Alejandro	M
ES-CT	FernándezMaialen	Fernández Cabezas, Maialen	F
ES-CT	FernándezMaria	Fernández Riol, Maria del Camino	F
ES-CT	FernándezMunia	Fernández-Jordán Celorio, Munia	F
ES-CT	FerrerMaria	Ferrer i Àlvarez, Maria Isabel	F
ES-CT	FerroLucas	Ferro Solé, Lucas Silvano	M
ES-CT	FiguerasAnna	Figueras i Ibañez, Anna	F
ES-CT	FiguerasNatàlia	Figueras i Pagès, Natàlia	F
ES-CT	FloresAntoni	Flores i Ardiaca, Antoni	M
ES-CT	FontLluís	Font i Espinós, Lluís	M
ES-CT	ForcadellCarme	Forcadell i Lluís, Carme	F
ES-CT	FornJoaquim	Forn i Chiariello, Joaquim	M
ES-CT	FornellsMontserrat	Fornells i Solé, Montserrat	F
ES-CT	FornéJosep	Forné i Febrer, Josep Maria	M
ES-CT	FornósIrene	Fornós Curto, Irene	F
ES-CT	FortMaria	Fort i Cisneros, Maria Elena	F
ES-CT	FrancoJosep	Franco Rabell, Josep Lluís	M
ES-CT	FreixaGlòria	Freixa i Vilardell, Glòria	F
ES-CT	FreixanetJordina	Freixanet i Pardo, Jordina	F
ES-CT	FàbregaJordi	Fàbrega i Sabaté, Jordi	M
ES-CT	GabrielAnna	Gabriel i Sabaté, Anna	F
ES-CT	GalianoJesús	Galiano Gutierrez, Jesús	M
ES-CT	GallardoImma	Gallardo Barceló, Imma	F
ES-CT	GallegoAntonio	Gallego Burgos, Antonio	M
ES-CT	GallegoJoan	Gallego i Herrera, Joan Carles	M
ES-CT	GarciaCarlesJoan	Garcia Guillamon, Joan Carles	M
ES-CT	GarciaRocio	Garcia Pérez, Rocio	F
ES-CT	GarcíaEsperanza	García González, Esperanza	F
ES-CT	GarcíaJoan	García González, Joan	M
ES-CT	GarcíaMJose	García Cuevas, Mª José	F
ES-CT	GarcíaMario	García Gómez, Mario	M
ES-CT	GarcíaMaría	García Fuster, María Elisa	F
ES-CT	GarcíaXavier	García Albiol, Xavier	M
ES-CT	GargantéSixte	Garganté Petit, Sixte	M
ES-CT	GarrigaDJoan	Garriga Doménech, Joan	M
ES-CT	GarrigaIgnacio	Garriga Vaz de Concicao, Ignacio	M
ES-CT	GarrigaJoan	Garriga i Quadres, Joan	M
ES-CT	GarrigaNatàlia	Garriga Ibáñez, Natàlia	F
ES-CT	GeisGemma	Geis i Carreras, Gemma	F
ES-CT	GeliAnna	Geli España, Anna	F
ES-CT	GibertPol	Gibert Horcas, Pol	M
ES-CT	GimenoCristòfol	Gimeno Iglesias, Cristòfol	M
ES-CT	GimenoMiguel	Gimeno Jubero, Miguel Ángel	M
ES-CT	GinerJoan	Giner Miguelez, Joan	M
ES-CT	GiróJaume	Giró i Ribas, Jaume	M
ES-CT	GomézGerard	Gómez del Moral i Fuster, Gerard	M
ES-CT	Gonzàlez-CambrayJosep	Gonzàlez-Cambray, Josep	M
ES-CT	GonzálezDavid	González Chanca, David	M
ES-CT	GonzálezJessica	González Herrera, Jessica	F
ES-CT	GordòGermà	Gordò i Aubarell, Germà	M
ES-CT	GrageraDimas	Gragera Velaz, Dimas	M
ES-CT	GranadosEva	Granados Galiano, Eva Maria	F
ES-CT	GrauAnna	Grau Arias, Anna	F
ES-CT	GrauHortènsia	Grau Juan, Hortènsia	F
ES-CT	GuilarteMaria	Guilarte Sánchez, Maria Luz	F
ES-CT	GuinóLluís	Guinó i Subirós, Lluís	M
ES-CT	GuàrdiaJudit	Guàrdia i Torrents, Judit	F
ES-CT	HervíasFran	Hervías Chirosa, Fran	M
ES-CT	IbarraRosa	Ibarra Ollé, Rosa M.	F
ES-CT	IcetaMiquel	Iceta i Llorens, Miquel	M
ES-CT	IgnasiJoan	Elena i Garcia, Joan Ignasi	M
ES-CT	IllaSalvador	Illa i Roca, Salvador	M
ES-CT	JanéJordi	Jané i Guasch, Jordi	M
ES-CT	JordanJordi	Jordan Farnós, Jordi	M
ES-CT	JordàTeresa	Jordà i Roura, Teresa	F
ES-CT	JovéJosep	Jové i Lladó, Josep Maria	M
ES-CT	JubertJoaquim	Jubert Montaperto, Joaquim	M
ES-CT	JunquerasOriol	Junqueras i Vies, Oriol	M
ES-CT	JuvillàPau	Juvillà Ballester, Pau	M
ES-CT	LaouajiSaloua	Laouaji Faridi, Saloua	F
ES-CT	LaïllaAssumpció	Laïlla i Jou, Assumpció	F
ES-CT	LevyAndrea	Levy Soler, Andrea	F
ES-CT	LienasGemma	Lienas i Massot, Gemma	F
ES-CT	LlachLluís	Llach i Grande, Lluís	M
ES-CT	LlauradóNoemi	Llauradó i Sans, Noemi	F
ES-CT	LliveÁngeles	Llive Cruz, Ángeles	F
ES-CT	LlopLluïsa	Llop i Fernàndez, Lluïsa	F
ES-CT	LloverasNeus	Lloveras i Massana, Neus	F
ES-CT	LoraMónica	Lora Cisquer, Mónica	F
ES-CT	LosadaManuel	Losada Seivane, Manuel	M
ES-CT	LázaroIsabel	Lázaro Pina, Isabel	F
ES-CT	LópezAntonio	López Gómez, Antonio Ramón	M
ES-CT	LópezYolanda	López Fernández, Yolanda	F
ES-CT	MaciàMontserrat	Macià Gou, Montserrat	F
ES-CT	MaciánSergio	Macián de Greef, Sergio	M
ES-CT	MadaulaAurora	Madaula i Giménez, Aurora	F
ES-CT	MadrenasMarta	Madrenas i Mir, Marta	F
ES-CT	MaragallErnest	Maragall i Mira, Ernest	M
ES-CT	MartínIgnacio	Martín Blanco, Ignacio	M
ES-CT	MartínezDavid	Martínez Oró, David	M
ES-CT	MartínezEva	Martínez Morales, Eva Maria	F
ES-CT	MartínezÀngels	Martínez i Castells, Àngels	F
ES-CT	MasArtur	Mas i Gavarró, Artur	M
ES-CT	MascarellFerran	Mascarell i Canalda, Ferran	M
ES-CT	MejíaDavid	Mejía Ayra, David	M
ES-CT	MetgeAlba	Metge i Climent, Alba	F
ES-CT	MilllanJuan	Millan Querol, Juan	M
ES-CT	MilloJosep	Millo i Rocher, Josep Enric	M
ES-CT	MohedanoFabian	Mohedano i Morales, Fabian	M
ES-CT	MontalàEngelbert	Montalà i Pla, Engelbert	M
ES-CT	MontserratAlfons	Montserrat Esteller, Alfons	M
ES-CT	MoralesPau	Morales i Romero, Pau	M
ES-CT	MorenoRaúl	Moreno Montaña, Raúl	M
ES-CT	MoretaMarta	Moreta Rovira, Marta	F
ES-CT	MorralAntoni	Morral i Berenguer, Antoni	M
ES-CT	MundóCarles	Mundó i Blanch, Carles	M
ES-CT	MunellJordi	Munell i Garcia, Jordi	M
ES-CT	MuntéNeus	Munté i Fernàndez, Neus	F
ES-CT	MuroXavier	Muro i Bas, Xavier	M
ES-CT	NavarroBlanca	Navarro Pacheco, Blanca Victoria	F
ES-CT	NdiayeNogay	Ndiaye i Mir, Nogay	F
ES-CT	NegreIrene	Negre i Estorach, Irene	F
ES-CT	NiubóEsther	Niubó Cindoncha, Esther	F
ES-CT	NuetJoan	Nuet i Pujals, Joan Josep	M
ES-CT	OrdeigÒscar	Ordeig Molist, Òscar	M
ES-CT	OrobitgJordi	Orobitg i Solé, Jordi	M
ES-CT	PachaméMartí	Pachamé Barrera, Martí	M
ES-CT	PalacinMònica	Palacín i París, Mònica	F
ES-CT	PaladellaJoaquim	Paladella Curto, Joaquim	M
ES-CT	PalauMontserrat	Palau Vergès, Montserrat	F
ES-CT	PallarèsTeresa	Pallarès Piqué, Teresa	F
ES-CT	PalomaresMiquel	Palomares, Miquel	M
ES-CT	PanequeSilvia	Paneque Sureda, Silvia	F
ES-CT	PareraEva	Parera i Escrichs, Eva	F
ES-CT	ParésMarc	Parés Franzi, Marc	M
ES-CT	PascalMarta	Pascal i Capdevila, Marta	F
ES-CT	PedretFerran	Pedret i Ramos, Ferran	M
ES-CT	PellicerXavier	Pellicer Pareja, Xavier	M
ES-CT	PellisaBernat	Pellisa i Sabaté, Bernat	M
ES-CT	PenalbaBorja	Penalba, Borja	M
ES-CT	PerisÒscar	Peris i Ròdenas, Òscar	M
ES-CT	PicasNúria	Picas i Albets, Núria	F
ES-CT	PinedaMontse	Pineda Lorenzo, Montse	F
ES-CT	PonsatiClara	Ponsatí i Obiols, Clara	F
ES-CT	PonsaÀngels	Ponsa i Roca, Àngels	F
ES-CT	PratsCarles	Prats i Cot, Carles	M
ES-CT	PuigJosep	Puig i Boix, Josep	M
ES-CT	PuigLluís	Puig i Gordi, Lluís	M
ES-CT	PuigdemontCarles	Puigdemont i Casamajó, Carles	M
ES-CT	PuigneróJordi	Puigneró i Ferrer, Jordi	M
ES-CT	PujolEduard	Pujol i Bonell, Eduard	M
ES-CT	PérezDavid	Pérez Ibáñez, David	M
ES-CT	QuinquillàXavier	Quinquillà Durich, Xavier	M
ES-CT	RamonJoan	Casals i Mata, Joan Ramon	M
ES-CT	ReguantEulàlia	Reguant Cura, Eulàlia	F
ES-CT	ReyesEduardo	Reyes i Pino, Eduardo	M
ES-CT	ReyesManuel	Reyes López, Manuel	M
ES-CT	RibaJordi	Riba Colom, Jordi	M
ES-CT	RibasMarta	Ribas Frías, Marta	F
ES-CT	RibasRut	Ribas i Martí, Rut	F
ES-CT	RibóRafael	Ribó i Massó, Rafael	M
ES-CT	RieraCarles	Riera i Albert, Carles	M
ES-CT	RieraJosep	Riera i Font, Josep	M
ES-CT	RigauIrene	Rigau i Oliver, Irene	F
ES-CT	RiusJosep	Rius i Alcaraz, Josep	M
ES-CT	RivasJavier	Rivas Escamilla, Javier	M
ES-CT	RodriguezJosé	Rodríguez Fernández, José	M
ES-CT	RodriguezManuel	Rodríguez de l'Hotellerie de Fallois, Manuel	M
ES-CT	RodríguezAlmudena	Rodríguez García, Almudena	F
ES-CT	RodríguezDavid	Rodríguez i González, David	M
ES-CT	RodríguezSanti	Rodríguez i Serra, Santi	M
ES-CT	RoigéMeritxell	Roigé i Pedrola, Meritxell	F
ES-CT	RoldánLorena	Roldán Suárez, Lorena	F
ES-CT	RomeroAlícia	Romero Llano, Alícia	F
ES-CT	RomeroSílvia	Romero Galera, Sílvia	F
ES-CT	RomevaRaül	Romeva i Rueda, Raül	M
ES-CT	RoquerFerran	Roquer Padrosa, Ferran	M
ES-CT	RosellMaria	Rosell i Medall, Maria Assumpta	F
ES-CT	RosellóAnna	Roselló i Albesa, Anna	F
ES-CT	RoviraMarta	Rovira i Vergés, Marta	F
ES-CT	RovirolaMaria	Rovirola i Coromí, Maria Dolors	F
ES-CT	RuizJuan	Ruiz López, Juan Luis	M
ES-CT	RuizMeritxell	Ruiz i Isern, Meritxell	F
ES-CT	RullJosep	Rull i Andreu, Josep	M
ES-CT	RíosMónica	Ríos García, Mónica	F
ES-CT	SabaterMaria	Sabater i Puig, Maria Dolors	F
ES-CT	SabriàSergi	Sabrià i Benito, Sergi	M
ES-CT	SafontXavier	Safont-Tria i Ramon, Xavier	M
ES-CT	SaladiéSergi	Saladié i Gil, Sergi	M
ES-CT	SaldoniDavid	Saldoni i de Tena, David	M
ES-CT	SalellasBenet	Salellas i Vilar, Benet	F
ES-CT	SalesMònica	Sales de la Cruz, Mònica	F
ES-CT	SalvadóJosep	Salvadó Tenesa, Josep Lluís	M
ES-CT	SanglasMarc	Sanglas i Alcantarilla, Marc	M
ES-CT	SansRaquel	Sans i Guerra, Raquel	F
ES-CT	SantamaríaSergio	Santamaría Santigosa, Sergio	M
ES-CT	SanzSergi	Sanz Jiménez, Sergi	M
ES-CT	SegoviaSusana	Segovia Sánchez, Susana	F
ES-CT	SelvaMaite	Selva i Huertas, Maite	F
ES-CT	SendraJordi	Sendra Vellvè, Jordi Miquel	M
ES-CT	SenserrichMaria	Senserrich i Guitart, Maria	F
ES-CT	SerraMaria	Serra i Frediani, Maria Gabriela	F
ES-CT	SerranoDaniel	Serrano Coronado, Daniel	M
ES-CT	SerretMeritxell	Serret i Aleu, Meritxell	F
ES-CT	SierraSonia	Sierra Infante, Sonia	F
ES-CT	SilvaBeatriz	Silva Gallardo, Beatriz	F
ES-CT	SimóAnna	Simó i Castelló, Anna	F
ES-CT	SirventMaria	Sirvent Escrig, Maria	F
ES-CT	SolerJorge	Soler González, Jorge	M
ES-CT	SolsonaMarc	Solsona i Aixalà, Marc	M
ES-CT	SoléBernat	Solé i Barril, Bernat	M
ES-CT	SàmperMiquel	Sàmper Rodríguez, Miquel	M
ES-CT	SànchezJordi	Sànchez i Picanyol, Jordi	M
ES-CT	SànchezNatàlia	Sànchez Dipp, Natàlia	F
ES-CT	SánchezAlfonso	Sánchez Fisac, Alfonso	M
ES-CT	SánchezCarlos	Sánchez Martín, Carlos	M
ES-CT	SánchezFernando	Sánchez Costa, Fernando	M
ES-CT	TarradasAlberto	Tarradas Paneque, Alberto	M
ES-CT	TarrésAnna	Tarrés i Campà, Anna	F
ES-CT	TenFrancesc	Ten i Costa, Francesc Xavier	M
ES-CT	TerradesJordi	Terrades i Santacreu, Jordi	M
ES-CT	ToronjoJudith	Toronjo Nofuentes, Judith	F
ES-CT	TorraJoaquim	Torra i Pla, Joaquim	M
ES-CT	TorrentRoger	Torrent i Ramió, Roger	M
ES-CT	TorrentalleMerce	Torrentallé, Mercè	F
ES-CT	TorrentàAnna	Torrentà Costa, Anna	F
ES-CT	TremosaRamon	Tremosa Balcells, Ramon	M
ES-CT	TurrullJordi	Turull Negre, Jordi	M
ES-CT	UsallRamon	Usall i Santa, Ramon	M
ES-CT	ValenciaElisabeth	Valencia Mimbrero, Elisabeth	F
ES-CT	ValleMaria	Valle Fuentes, Maria Francisca	F
ES-CT	VallverdúTeresa	Vallverdú Albornà, Teresa	F
ES-CT	VallèsEster	Vallès Pelay, Ester	F
ES-CT	VehíMireia	Vehí i Cantenys, Mireia	F
ES-CT	VergeTània	Verge Mestre, Tània	F
ES-CT	VergésAlba	Vergés i Bosch, Alba	F
ES-CT	VergésSalvador	Vergés i Tejero, Salvador	M
ES-CT	ViaplanaFrancesc	Viaplana i Manresa, Francesc	M
ES-CT	VidalMarc	Vidal i Pou, Marc	M
ES-CT	VilaSanti	Vila i Vicente, Santi	M
ES-CT	VilagràLaura	Vilagrà Pons, Laura	F
ES-CT	VilaltaMarta	Vilalta i Torres, Marta	F
ES-CT	VilanovaSantiago	Vilanova i Tané, Santiago	M
ES-CT	VilellaMontserrat	Vilella Cuadrada, Montserrat	F
ES-CT	VillagrasaAlberto	Villagrasa Gil, Alberto	M
ES-CT	VillalbíEugeni	Villalbí Godes, Eugeni	M
ES-CT	VillalongaÀngelaMaria	Vilallonga Vives, Maria Àngela	F
ES-CT	VinyetsMontserrat	Vinyets Pagès, Montserrat	F
ES-CT	ViñaMaria	Viña i Ariño, Maria Jesús	F
ES-CT	ViñualesRubén	Viñuales Elías, Rubén	M
ES-CT	VílchezLaura	Vílchez Sánchez, Laura	F
ES-CT	WagensbergRuben	Wagensberg Ramon, Ruben	M
ES-CT	XandriMarisa	Xandri Pujol, Marisa	F
ES-CT	ÀngelsChacón	Chacón i Feixas, Maria Àngels	F
