Country	SpeakerID	Name	Sex
PL	AdamAbramowicz	Abramowicz, Adam	M
PL	AdamAdruszkiewicz	Adruszkiewicz, Adam	M
PL	AdamAndruszkiewicz	Andruszkiewicz, Adam	M
PL	AdamBielan	Bielan, Adam	M
PL	AdamBodnar	Bodnar, Adam	M
PL	AdamCyrański	Cyrański, Adam	M
PL	AdamCzarnecki	Czarnecki, Adam	M
PL	AdamGawęda	Gawęda, Adam	M
PL	AdamGlapiński	Glapiński, Adam	M
PL	AdamGuibourgéCzetwertyński	Guibourgé-Czetwertyński, Adam	M
PL	AdamHamryszczak	Hamryszczak, Adam	M
PL	AdamKałaska	Kałaska, Adam	M
PL	AdamKorol	Korol, Adam	M
PL	AdamKwiatkowski	Kwiatkowski, Adam	M
PL	AdamLipiński	Lipiński, Adam	M
PL	AdamNiedzielski	Niedzielski, Adam	M
PL	AdamNiemczewski	Niemczewski, Adam	M
PL	AdamOłdakowski	Ołdakowski, Adam	M
PL	AdamPiotrowski	Piotrowski, Adam	M
PL	AdamSiwek	Siwek, Adam	M
PL	AdamSzejnfeld	Szejnfeld, Adam	M
PL	AdamSzłapka	Szłapka, Adam	M
PL	AdamTochmański	Tochmański, Adam	M
PL	AdamWoźniak	Woźniak, Adam	M
PL	AdamaGawęda	Gawęda, Adama	F
PL	AdamaSzejnfeld	Szejnfeld, Adama	F
PL	AdamŚnieżek	Śnieżek, Adam	M
PL	AdrianZandberg	Zandberg, Adrian	M
PL	AgataBorowiec	Borowiec, Agata	F
PL	AgataWojtyszek	Wojtyszek, Agata	F
PL	AgnieszkaDziemianowiczBąk	Dziemianowicz-Bąk, Agnieszka	F
PL	AgnieszkaGorgońKomor	Gorgoń-Komor, Agnieszka	F
PL	AgnieszkaGórska	Górska, Agnieszka	F
PL	AgnieszkaHanajczyk	Hanajczyk, Agnieszka	F
PL	AgnieszkaKołaczLeszczyńska	Kołacz-Leszczyńska, Agnieszka	F
PL	AgnieszkaPomaska	Pomaska, Agnieszka	F
PL	AgnieszkaRękas	Rękas, Agnieszka	F
PL	AgnieszkaSoin	Soin, Agnieszka	F
PL	AgnieszkaWideraWysoczańska	Widera-Wysoczańska, Agnieszka	F
PL	AgnieszkaŚcigaj	Ścigaj, Agnieszka	F
PL	AldonaMłyńczak	Młyńczak, Aldona	F
PL	AleksanderBobko	Bobko, Aleksander	M
PL	AleksanderMiszalski	Miszalski, Aleksander	M
PL	AleksanderMrówczyński	Mrówczyński, Aleksander	M
PL	AleksanderPociej	Pociej, Aleksander	M
PL	AleksanderStępkowski	Stępkowski, Aleksander	M
PL	AleksanderSzwed	Szwed, Aleksander	M
PL	AleksandraBanasiak	Banasiak, Aleksandra	F
PL	AleksandraGajewska	Gajewska, Aleksandra	F
PL	AleksandraSzczudło	Szczudło, Aleksandra	F
PL	AlfredBujara	Bujara, Alfred	M
PL	AlicjaAdamczak	Adamczak, Alicja	F
PL	AlicjaChybicka	Chybicka, Alicja	F
PL	AlicjaDąbrowska	Dąbrowska, Alicja	F
PL	AlicjaKaczorowska	Kaczorowska, Alicja	F
PL	AlicjaZając	Zając, Alicja	F
PL	AlinaNowak	Nowak, Alina	F
PL	AndrijDeszczyca	Deszczyca, Andrij	M
PL	AndrzejAdamczyk	Adamczyk, Andrzej	M
PL	AndrzejBittel	Bittel, Andrzej	M
PL	AndrzejCzerwiński	Czerwiński, Andrzej	M
PL	AndrzejDera	Dera, Andrzej	M
PL	AndrzejDuda	Duda, Andrzej	M
PL	AndrzejGawron	Gawron, Andrzej	M
PL	AndrzejGrzyb	Grzyb, Andrzej	M
PL	AndrzejGutMostowy	Gut-Mostowy, Andrzej	M
PL	AndrzejHalicki	Halicki, Andrzej	M
PL	AndrzejJaworski	Jaworski, Andrzej	M
PL	AndrzejKamiński	Kamiński, Andrzej	M
PL	AndrzejKobiak	Kobiak, Andrzej	M
PL	AndrzejKobylarz	Kobylarz, Andrzej	M
PL	AndrzejKonieczny	Konieczny, Andrzej	M
PL	AndrzejKosztowniak	Kosztowniak, Andrzej	M
PL	AndrzejKołodziej	Kołodziej, Andrzej	M
PL	AndrzejKryj	Kryj, Andrzej	M
PL	AndrzejKrólikowski	Królikowski, Andrzej	M
PL	AndrzejLesicki	Lesicki, Andrzej	M
PL	AndrzejMaciejewski	Maciejewski, Andrzej	M
PL	AndrzejMarianGrzyb	Grzyb, Andrzej Marian	M
PL	AndrzejMarkowski	Markowski, Andrzej	M
PL	AndrzejMatusiewicz	Matusiewicz, Andrzej	M
PL	AndrzejMelak	Melak, Andrzej	M
PL	AndrzejMioduszewski	Mioduszewski, Andrzej	M
PL	AndrzejMisiołek	Misiołek, Andrzej	M
PL	AndrzejPająk	Pająk, Andrzej	M
PL	AndrzejPiotrowski	Piotrowski, Andrzej	M
PL	AndrzejPorawski	Porawski, Andrzej	M
PL	AndrzejPozorski	Pozorski, Andrzej	M
PL	AndrzejRozenek	Rozenek, Andrzej	M
PL	AndrzejRzepliński	Rzepliński, Andrzej	M
PL	AndrzejSamborski	Samborski, Andrzej	M
PL	AndrzejSmirnow	Smirnow, Andrzej	M
PL	AndrzejSośnierz	Sośnierz, Andrzej	M
PL	AndrzejStanisławek	Stanisławek, Andrzej	M
PL	AndrzejSzejna	Szejna, Andrzej	M
PL	AndrzejSzewiński	Szewiński, Andrzej	M
PL	AndrzejSzlachta	Szlachta, Andrzej	M
PL	AndrzejSzwedaLewandowski	Szweda-Lewandowski, Andrzej	M
PL	AndrzejWojtyła	Wojtyła, Andrzej	M
PL	AndrzejŚliwka	Śliwka, Andrzej	M
PL	AndżelikaMożdżanowska	Możdżanowska, Andżelika	F
PL	AnitaCzerwińska	Czerwińska, Anita	F
PL	AnitaGwarek	Gwarek, Anita	F
PL	AnitaKucharskaDziedzic	Kucharska-Dziedzic, Anita	F
PL	AnitaSowińska	Sowińska, Anita	F
PL	AnnaBiałkowska	Białkowska, Anna	F
PL	AnnaChałupa	Chałupa, Anna	F
PL	AnnaCicholska	Cicholska, Anna	F
PL	AnnaCzech	Czech, Anna	F
PL	AnnaDalkowska	Dalkowska, Anna	F
PL	AnnaDąbrowskaBanaszek	Dąbrowska-Banaszek, Anna	F
PL	AnnaGembicka	Gembicka, Anna	F
PL	AnnaGoławska	Goławska, Anna	F
PL	AnnaKornecka	Kornecka, Anna	F
PL	AnnaKrupka	Krupka, Anna	F
PL	AnnaKuder	Kuder, Anna	F
PL	AnnaKwiecień	Kwiecień, Anna	F
PL	AnnaMariaAnders	Anders, Anna Maria	F
PL	AnnaMariaSiarkowska	Siarkowska, Anna Maria	F
PL	AnnaMariaŻukowska	Żukowska, Anna Maria	F
PL	AnnaMikuła	Mikuła, Anna	F
PL	AnnaMilczanowska	Milczanowska, Anna	F
PL	AnnaMoskwa	Moskwa, Anna	F
PL	AnnaNemś	Nemś, Anna	F
PL	AnnaPaluch	Paluch, Anna	F
PL	AnnaPieczarka	Pieczarka, Anna	F
PL	AnnaSchmidt	Schmidt, Anna	F
PL	AnnaSchmidtRodziewicz	Schmidt-Rodziewicz, Anna	F
PL	AnnaSiarkowska	Siarkowska, Anna	F
PL	AnnaSobecka	Sobecka, Anna	F
PL	AnnaSocha	Socha, Anna	F
PL	AnnaStreżyńska	Streżyńska, Anna	F
PL	AnnaSurówkaPasek	Surówka-Pasek, Anna	F
PL	AnnaTrzecińska	Trzecińska, Anna	F
PL	AnnaTyśkiewiczMazur	Tyśkiewicz-Mazur, Anna	F
PL	AnnaWasilewska	Wasilewska, Anna	F
PL	AnnaWojciechowska	Wojciechowska, Anna	F
PL	AnnaZalewska	Zalewska, Anna	F
PL	AntoniDuda	Duda, Antoni	M
PL	AntoniDudek	Dudek, Antoni	M
PL	AntoniKołakowski	Kołakowski, Antoni	M
PL	AntoniMacierewicz	Macierewicz, Antoni	M
PL	AntoniMężydło	Mężydło, Antoni	M
PL	AntoniSzymański	Szymański, Antoni	M
PL	AntoniiMężydło	Mężydło, Antonii	M
PL	ArkadiuszCzartoryski	Czartoryski, Arkadiusz	M
PL	ArkadiuszGrabowski	Grabowski, Arkadiusz	M
PL	ArkadiuszIwaniak	Iwaniak, Arkadiusz	M
PL	ArkadiuszMarchewka	Marchewka, Arkadiusz	M
PL	ArkadiuszMatyjasik	Matyjasik, Arkadiusz	M
PL	ArkadiuszMularczyk	Mularczyk, Arkadiusz	M
PL	ArkadiuszMyrcha	Myrcha, Arkadiusz	M
PL	ArturCezaryGórski	Górski, Artur Cezary	M
PL	ArturDunin	Dunin, Artur	M
PL	ArturDziambor	Dziambor, Artur	M
PL	ArturGierada	Gierada, Artur	M
PL	ArturGórski	Górski, Artur	M
PL	ArturMarciniszyn	Marciniszyn, Artur	M
PL	ArturSoboń	Soboń, Artur	M
PL	ArturSzałabawka	Szałabawka, Artur	M
PL	ArturWarzocha	Warzocha, Artur	M
PL	ArturZasada	Zasada, Artur	M
PL	ArturŁącki	Łącki, Artur	M
PL	BarbaraBartuś	Bartuś, Barbara	F
PL	BarbaraBorysDamięcka	Borys-Damięcka, Barbara	F
PL	BarbaraBubula	Bubula, Barbara	F
PL	BarbaraChrobak	Chrobak, Barbara	F
PL	BarbaraDolniak	Dolniak, Barbara	F
PL	BarbaraDziuk	Dziuk, Barbara	F
PL	BarbaraNowacka	Nowacka, Barbara	F
PL	BarbaraSocha	Socha, Barbara	F
PL	BarbaraZdrojewska	Zdrojewska, Barbara	F
PL	BartoszArłukowicz	Arłukowicz, Bartosz	M
PL	BartoszCichocki	Cichocki, Bartosz	M
PL	BartoszGrodecki	Grodecki, Bartosz	M
PL	BartoszJózwiak	Józwiak, Bartosz	M
PL	BartoszKownacki	Kownacki, Bartosz	M
PL	BartoszMarczuk	Marczuk, Bartosz	M
PL	BartłomiejChmielowiec	Chmielowiec, Bartłomiej	M
PL	BartłomiejDorywalski	Dorywalski, Bartłomiej	M
PL	BartłomiejGrabski	Grabski, Bartłomiej	M
PL	BartłomiejSienkiewicz	Sienkiewicz, Bartłomiej	M
PL	BartłomiejStawiarski	Stawiarski, Bartłomiej	M
PL	BartłomiejWróblewski	Wróblewski, Bartłomiej	M
PL	BeataKempa	Kempa, Beata	F
PL	BeataMaciejewska	Maciejewska, Beata	F
PL	BeataMarczak	Marczak, Beata	F
PL	BeataMateusiakPielucha	Mateusiak-Pielucha, Beata	F
PL	BeataMazurek	Mazurek, Beata	F
PL	BeataMałeckaLibera	Małecka-Libera, Beata	F
PL	BeataStrzałka	Strzałka, Beata	F
PL	BeataSzydło	Szydło, Beata	F
PL	BeataZawadowicz	Zawadowicz, Beata	F
PL	BenedyktZientarski	Zientarski, Benedykt	M
PL	BeniaminGodyla	Godyla, Beniamin	M
PL	BernadetaKasztelanŚwietlik	Kasztelan-Świetlik, Bernadeta	F
PL	BernadetaKrynicka	Krynicka, Bernadeta	F
PL	BogdanBorusewicz	Borusewicz, Bogdan	M
PL	BogdanKlich	Klich, Bogdan	M
PL	BogdanLatosiński	Latosiński, Bogdan	M
PL	BogdanRzońca	Rzońca, Bogdan	M
PL	BogdanZdrojewski	Zdrojewski, Bogdan	M
PL	BogdanŚwięczkowski	Święczkowski, Bogdan	M
PL	BogumiłaOrzechowska	Orzechowska, Bogumiła	F
PL	BogusławSonik	Sonik, Bogusław	M
PL	BogusławWontor	Wontor, Bogusław	M
PL	BogusławaOrzechowska	Orzechowska, Bogusława	F
PL	BohdanPaszkowski	Paszkowski, Bohdan	M
PL	BohdanZdziennicki	Zdziennicki, Bohdan	M
PL	BolesławPiecha	Piecha, Bolesław	M
PL	BorysBudka	Budka, Borys	M
PL	BożenaBorysSzopa	Borys-Szopa, Bożena	F
PL	BożenaHenczyca	Henczyca, Bożena	F
PL	BożenaKamińska	Kamińska, Bożena	F
PL	BożenaSzydłowska	Szydłowska, Bożena	F
PL	BożenaŻelazowska	Żelazowska, Bożena	F
PL	BożennaBukiewicz	Bukiewicz, Bożenna	F
PL	BłażejParda	Parda, Błażej	M
PL	BłażejPoboży	Poboży, Błażej	M
PL	CezaryGrabarczyk	Grabarczyk, Cezary	M
PL	CezaryTomczyk	Tomczyk, Cezary	M
PL	CorinaCreţu	Creţu, Corina	F
PL	CzesławHoc	Hoc, Czesław	M
PL	CzesławMroczek	Mroczek, Czesław	M
PL	CzesławRyszka	Ryszka, Czesław	M
PL	CzesławSiekierski	Siekierski, Czesław	M
PL	CzesławSobierajski	Sobierajski, Czesław	M
PL	DagmaraPawełczykWoicka	Pawełczyk-Woicka, Dagmara	F
PL	DanielGeorgeMilewski	Milewski, Daniel George	M
PL	DanielMilewski	Milewski, Daniel	M
PL	DanutaDmowskaAndrzejuk	Dmowska-Andrzejuk, Danuta	F
PL	DanutaJazłowiecka	Jazłowiecka, Danuta	F
PL	DanutaNowicka	Nowicka, Danuta	F
PL	DanutaPietraszewska	Pietraszewska, Danuta	F
PL	DariaGosekPopiołek	Gosek-Popiołek, Daria	F
PL	DariuszBąk	Bąk, Dariusz	M
PL	DariuszGwiazdowicz	Gwiazdowicz, Dariusz	M
PL	DariuszJoński	Joński, Dariusz	M
PL	DariuszKlimczak	Klimczak, Dariusz	M
PL	DariuszKubiak	Kubiak, Dariusz	M
PL	DariuszKurzawa	Kurzawa, Dariusz	M
PL	DariuszNieć	Nieć, Dariusz	M
PL	DariuszOlszewski	Olszewski, Dariusz	M
PL	DariuszPiontkowski	Piontkowski, Dariusz	M
PL	DariuszRogowski	Rogowski, Dariusz	M
PL	DariuszRosati	Rosati, Dariusz	M
PL	DariuszStarzycki	Starzycki, Dariusz	M
PL	DariuszStefaniuk	Stefaniuk, Dariusz	M
PL	DariuszSupeł	Supeł, Dariusz	M
PL	DariuszWieczorek	Wieczorek, Dariusz	M
PL	DariuszZawistowski	Zawistowski, Dariusz	M
PL	DawidJackiewicz	Jackiewicz, Dawid	M
PL	DawidLasek	Lasek, Dawid	M
PL	DawidStachurski	Stachurski, Dawid	M
PL	DobromirSośnierz	Sośnierz, Dobromir	M
PL	DobrosławDowiatUrbański	Dowiat-Urbański, Dobrosław	M
PL	DominikBorek	Borek, Dominik	M
PL	DominikRozkrut	Rozkrut, Dominik	M
PL	DominikTarczyński	Tarczyński, Dominik	M
PL	DominikWasiluk	Wasiluk, Dominik	M
PL	DominikaChorosińska	Chorosińska, Dominika	F
PL	DorotaArciszewskaMielewczyk	Arciszewska-Mielewczyk, Dorota	F
PL	DorotaCzudowska	Czudowska, Dorota	F
PL	DorotaGardias	Gardias, Dorota	F
PL	DorotaKarczewska	Karczewska, Dorota	F
PL	DorotaNiedziela	Niedziela, Dorota	F
PL	DorotaRutkowska	Rutkowska, Dorota	F
PL	DorotaTobiszowska	Tobiszowska, Dorota	F
PL	EdwardSiarka	Siarka, Edward	M
PL	EdytaBielakJomaa	Bielak-Jomaa, Edyta	F
PL	EdytaKubik	Kubik, Edyta	F
PL	ElizaWiśniewska	Wiśniewska, Eliza	F
PL	ElżbietaBojanowska	Bojanowska, Elżbieta	F
PL	ElżbietaBorowska	Borowska, Elżbieta	F
PL	ElżbietaDuda	Duda, Elżbieta	F
PL	ElżbietaGapińska	Gapińska, Elżbieta	F
PL	ElżbietaGelert	Gelert, Elżbieta	F
PL	ElżbietaKruk	Kruk, Elżbieta	F
PL	ElżbietaPłonka	Płonka, Elżbieta	F
PL	ElżbietaRadziszewska	Radziszewska, Elżbieta	F
PL	ElżbietaRafalska	Rafalska, Elżbieta	F
PL	ElżbietaSobecka	Sobecka, Elżbieta	F
PL	ElżbietaStępień	Stępień, Elżbieta	F
PL	ElżbietaWitek	Witek, Elżbieta	F
PL	ElżbietaZielińska	Zielińska, Elżbieta	F
PL	ErnestBejda	Bejda, Ernest	M
PL	ErnestWiśniewski	Wiśniewski, Ernest	M
PL	EugeniuszCzykwin	Czykwin, Eugeniusz	M
PL	EugeniuszGatnar	Gatnar, Eugeniusz	M
PL	EugeniuszKłopotek	Kłopotek, Eugeniusz	M
PL	EwaArent	Arent, Ewa	F
PL	EwaCicholska	Cicholska, Ewa	F
PL	EwaDrozd	Drozd, Ewa	F
PL	EwaFilipiak	Filipiak, Ewa	F
PL	EwaFlaszyńska	Flaszyńska, Ewa	F
PL	EwaGawęda	Gawęda, Ewa	F
PL	EwaKopacz	Kopacz, Ewa	F
PL	EwaKozanecka	Kozanecka, Ewa	F
PL	EwaKołodziej	Kołodziej, Ewa	F
PL	EwaKrajewska	Krajewska, Ewa	F
PL	EwaLech	Lech, Ewa	F
PL	EwaLeniart	Leniart, Ewa	F
PL	EwaLieder	Lieder, Ewa	F
PL	EwaMalik	Malik, Ewa	F
PL	EwaMarek	Marek, Ewa	F
PL	EwaMatecka	Matecka, Ewa	F
PL	EwaPolkowska	Polkowska, Ewa	F
PL	EwaSemeniuk	Semeniuk, Ewa	F
PL	EwaSzymańska	Szymańska, Ewa	F
PL	EwaTomaszewska	Tomaszewska, Ewa	F
PL	FilipGrzegorczyk	Grzegorczyk, Filip	M
PL	FilipKaczyński	Kaczyński, Filip	M
PL	FilipLibicki	Libicki, Filip	M
PL	FilipŚwitała	Świtała, Filip	M
PL	FranciszekSterczewski	Sterczewski, Franciszek	M
PL	FryderykKapinos	Kapinos, Fryderyk	M
PL	GabrielaLenartowicz	Lenartowicz, Gabriela	F
PL	GabrielaMasłowska	Masłowska, Gabriela	F
PL	GabrielaMorawskaStanecka	Morawska-Stanecka, Gabriela	F
PL	GabrielaMorwskaStanecka	Morwska-Stanecka, Gabriela	F
PL	GabrielaStaneckaMorawska	Stanecka-Morawska, Gabriela	F
PL	GenowefaTokarska	Tokarska, Genowefa	F
PL	GrażynaSztark	Sztark, Grażyna	F
PL	GrzegorzBierecki	Bierecki, Grzegorz	M
PL	GrzegorzBraun	Braun, Grzegorz	M
PL	GrzegorzCessak	Cessak, Grzegorz	M
PL	GrzegorzCzelej	Czelej, Grzegorz	M
PL	GrzegorzDostatni	Dostatni, Grzegorz	M
PL	GrzegorzDługi	Długi, Grzegorz	M
PL	GrzegorzFurgo	Furgo, Grzegorz	M
PL	GrzegorzGaża	Gaża, Grzegorz	M
PL	GrzegorzGąsior	Gąsior, Grzegorz	M
PL	GrzegorzHoffmann	Hoffmann, Grzegorz	M
PL	GrzegorzHudzik	Hudzik, Grzegorz	M
PL	GrzegorzJanik	Janik, Grzegorz	M
PL	GrzegorzKozera	Kozera, Grzegorz	M
PL	GrzegorzLang	Lang, Grzegorz	M
PL	GrzegorzLipiec	Lipiec, Grzegorz	M
PL	GrzegorzLorek	Lorek, Grzegorz	M
PL	GrzegorzMatusiak	Matusiak, Grzegorz	M
PL	GrzegorzNapieralski	Napieralski, Grzegorz	M
PL	GrzegorzPeczkis	Peczkis, Grzegorz	M
PL	GrzegorzPiechowiak	Piechowiak, Grzegorz	M
PL	GrzegorzPuda	Puda, Grzegorz	M
PL	GrzegorzRaczak	Raczak, Grzegorz	M
PL	GrzegorzRaniewicz	Raniewicz, Grzegorz	M
PL	GrzegorzRusiecki	Rusiecki, Grzegorz	M
PL	GrzegorzSchetyna	Schetyna, Grzegorz	M
PL	GrzegorzSchreiber	Schreiber, Grzegorz	M
PL	GrzegorzTobiszewski	Tobiszewski, Grzegorz	M
PL	GrzegorzTobiszowski	Tobiszowski, Grzegorz	M
PL	GrzegorzWitkowski	Witkowski, Grzegorz	M
PL	GrzegorzWojciechowski	Wojciechowski, Grzegorz	M
PL	GrzegorzWoźniak	Woźniak, Grzegorz	M
PL	GérardLarcher	Larcher, Gérard	M
PL	HalinaBieda	Bieda, Halina	F
PL	HalinaRozpondek	Rozpondek, Halina	F
PL	HalinaSzydełko	Szydełko, Halina	F
PL	HannaGillPiątek	Gill-Piątek, Hanna	F
PL	HannaMajszczyk	Majszczyk, Hanna	F
PL	HannaZdanowska	Zdanowska, Hanna	F
PL	HenrykBaranowski	Baranowski, Henryk	M
PL	HenrykKowalczyk	Kowalczyk, Henryk	M
PL	HenrykWnorowski	Wnorowski, Henryk	M
PL	HenrykaBochniarz	Bochniarz, Henryka	F
PL	HenrykaKrzywonosStrycharska	Krzywonos-Strycharska, Henryka	F
PL	IgnacyGóra	Góra, Ignacy	M
PL	IreneuszRaś	Raś, Ireneusz	M
PL	IreneuszZyska	Zyska, Ireneusz	M
PL	IwonaArent	Arent, Iwona	F
PL	IwonaHartwich	Hartwich, Iwona	F
PL	IwonaKozłowska	Kozłowska, Iwona	F
PL	IwonaKrawczyk	Krawczyk, Iwona	F
PL	IwonaMichałek	Michałek, Iwona	F
PL	IwonaŚledzińskaKatarasińska	Śledzińska-Katarasińska, Iwona	F
PL	IzabelaAntos	Antos, Izabela	F
PL	IzabelaKatarzynaMrzygłocka	Mrzygłocka, Izabela Katarzyna	F
PL	IzabelaKloc	Kloc, Izabela	F
PL	IzabelaLeszczyna	Leszczyna, Izabela	F
PL	IzabelaSzewczykKrzyżanowska	Szewczyk-Krzyżanowska, Izabela	F
PL	JacekBogucki	Bogucki, Jacek	M
PL	JacekBury	Bury, Jacek	M
PL	JacekCzaputowicz	Czaputowicz, Jacek	M
PL	JacekCzerniak	Czerniak, Jacek	M
PL	JacekFalfus	Falfus, Jacek	M
PL	JacekJaśkowiak	Jaśkowiak, Jacek	M
PL	JacekKarnowski	Karnowski, Jacek	M
PL	JacekKosecki	Kosecki, Jacek	M
PL	JacekKrajewski	Krajewski, Jacek	M
PL	JacekKurzępa	Kurzępa, Jacek	M
PL	JacekOsuch	Osuch, Jacek	M
PL	JacekOzdoba	Ozdoba, Jacek	M
PL	JacekProtas	Protas, Jacek	M
PL	JacekProtasiewicz	Protasiewicz, Jacek	M
PL	JacekSasin	Sasin, Jacek	M
PL	JacekTomczak	Tomczak, Jacek	M
PL	JacekWilk	Wilk, Jacek	M
PL	JacekWłosowicz	Włosowicz, Jacek	M
PL	JacekŚwiat	Świat, Jacek	M
PL	JacekŻalek	Żalek, Jacek	M
PL	JadwigaEmilewicz	Emilewicz, Jadwiga	F
PL	JadwigaRotnicka	Rotnicka, Jadwiga	F
PL	JagnaMarczułajtisWalczak	Marczułajtis-Walczak, Jagna	F
PL	JakubKulesza	Kulesza, Jakub	M
PL	JakubRutnicki	Rutnicki, Jakub	M
PL	JakubSkiba	Skiba, Jakub	M
PL	JakubZabielski	Zabielski, Jakub	M
PL	JanArdanowski	Ardanowski, Jan	M
PL	JanBiałkowski	Białkowski, Jan	M
PL	JanDobrzyński	Dobrzyński, Jan	M
PL	JanDraus	Draus, Jan	M
PL	JanDuda	Duda, Jan	M
PL	JanDworak	Dworak, Jan	M
PL	JanDziedziczak	Dziedziczak, Jan	M
PL	JanGrabiec	Grabiec, Jan	M
PL	JanHamerski	Hamerski, Jan	M
PL	JanKanthak	Kanthak, Jan	M
PL	JanKilian	Kilian, Jan	M
PL	JanKlawiter	Klawiter, Jan	M
PL	JanKrzysztofArdanowski	Ardanowski, Jan Krzysztof	M
PL	JanMariaJackowski	Jackowski, Jan Maria	M
PL	JanMazowiecki	Mazowiecki, Jan	M
PL	JanMosiński	Mosiński, Jan	M
PL	JanNowak	Nowak, Jan	M
PL	JanPiechota	Piechota, Jan	M
PL	JanRulewski	Rulewski, Jan	M
PL	JanSarnowski	Sarnowski, Jan	M
PL	JanSzewczak	Szewczak, Jan	M
PL	JanSzopiński	Szopiński, Jan	M
PL	JanSzyszko	Szyszko, Jan	M
PL	JanWarzecha	Warzecha, Jan	M
PL	JanWidera	Widera, Jan	M
PL	JanaSzostak	Szostak, Jana	F
PL	JaninaSagatowska	Sagatowska, Janina	F
PL	JanuszCichoń	Cichoń, Janusz	M
PL	JanuszCieszyński	Cieszyński, Janusz	M
PL	JanuszDaszczyński	Daszczyński, Janusz	M
PL	JanuszDrachal	Drachal, Janusz	M
PL	JanuszGromek	Gromek, Janusz	M
PL	JanuszKorwinMikke	Korwin-Mikke, Janusz	M
PL	JanuszKowalski	Kowalski, Janusz	M
PL	JanuszKozik	Kozik, Janusz	M
PL	JanuszPęcherz	Pęcherz, Janusz	M
PL	JanuszSanocki	Sanocki, Janusz	M
PL	JanuszSzewczak	Szewczak, Janusz	M
PL	JanuszŚniadek	Śniadek, Janusz	M
PL	JanŁopata	Łopata, Jan	M
PL	JanŻaryn	Żaryn, Jan	M
PL	JarosławDuda	Duda, Jarosław	M
PL	JarosławGonciar	Gonciar, Jarosław	M
PL	JarosławGonciarz	Gonciarz, Jarosław	M
PL	JarosławGowin	Gowin, Jarosław	M
PL	JarosławKaczyński	Kaczyński, Jarosław	M
PL	JarosławKrajewski	Krajewski, Jarosław	M
PL	JarosławMarciniak	Marciniak, Jarosław	M
PL	JarosławObremski	Obremski, Jarosław	M
PL	JarosławPinkas	Pinkas, Jarosław	M
PL	JarosławPorwich	Porwich, Jarosław	M
PL	JarosławRusiecki	Rusiecki, Jarosław	M
PL	JarosławRzepa	Rzepa, Jarosław	M
PL	JarosławSachajko	Sachajko, Jarosław	M
PL	JarosławSellin	Sellin, Jarosław	M
PL	JarosławStawiarski	Stawiarski, Jarosław	M
PL	JarosławSzajner	Szajner, Jarosław	M
PL	JarosławSzarek	Szarek, Jarosław	M
PL	JarosławSzatański	Szatański, Jarosław	M
PL	JarosławSzlachetka	Szlachetka, Jarosław	M
PL	JarosławSzymczyk	Szymczyk, Jarosław	M
PL	JarosławUrbaniak	Urbaniak, Jarosław	M
PL	JarosławWałęsa	Wałęsa, Jarosław	M
PL	JarosławWenderlich	Wenderlich, Jarosław	M
PL	JarosławZieliński	Zieliński, Jarosław	M
PL	JerzyBielecki	Bielecki, Jerzy	M
PL	JerzyBorowczak	Borowczak, Jerzy	M
PL	JerzyChróścikowski	Chróścikowski, Jerzy	M
PL	JerzyCzerwiński	Czerwiński, Jerzy	M
PL	JerzyFedorowicz	Fedorowicz, Jerzy	M
PL	JerzyGorzelik	Gorzelik, Jerzy	M
PL	JerzyGosiewski	Gosiewski, Jerzy	M
PL	JerzyHardieDouglas	Hardie-Douglas, Jerzy	M
PL	JerzyJachnik	Jachnik, Jerzy	M
PL	JerzyKozłowski	Kozłowski, Jerzy	M
PL	JerzyKropiwnicki	Kropiwnicki, Jerzy	M
PL	JerzyKwieciński	Kwieciński, Jerzy	M
PL	JerzyMaterna	Materna, Jerzy	M
PL	JerzyMałecki	Małecki, Jerzy	M
PL	JerzyMeysztowicz	Meysztowicz, Jerzy	M
PL	JerzyNaszkiewicz	Naszkiewicz, Jerzy	M
PL	JerzyPaul	Paul, Jerzy	M
PL	JerzyPolaczek	Polaczek, Jerzy	M
PL	JerzyPęcherz	Pęcherz, Jerzy	M
PL	JerzySzmit	Szmit, Jerzy	M
PL	JerzyWcisła	Wcisła, Jerzy	M
PL	JerzyWilk	Wilk, Jerzy	M
PL	JerzyŻyżyński	Żyżyński, Jerzy	M
PL	JoachimBrudziński	Brudziński, Joachim	M
PL	JoannaAugustynowska	Augustynowska, Joanna	F
PL	JoannaBanasiuk	Banasiuk, Joanna	F
PL	JoannaBeataBorowiak	Borowiak, Joanna Beata	F
PL	JoannaBek	Bek, Joanna	F
PL	JoannaBorowiak	Borowiak, Joanna	F
PL	JoannaFabisiak	Fabisiak, Joanna	F
PL	JoannaFrydrych	Frydrych, Joanna	F
PL	JoannaJaśkowiak	Jaśkowiak, Joanna	F
PL	JoannaKluzikRostkowska	Kluzik-Rostkowska, Joanna	F
PL	JoannaKopcińska	Kopcińska, Joanna	F
PL	JoannaLichocka	Lichocka, Joanna	F
PL	JoannaMihułka	Mihułka, Joanna	F
PL	JoannaMucha	Mucha, Joanna	F
PL	JoannaScheuringWielgus	Scheuring-Wielgus, Joanna	F
PL	JoannaSchmidt	Schmidt, Joanna	F
PL	JoannaSekuła	Sekuła, Joanna	F
PL	JoannaSenyszyn	Senyszyn, Joanna	F
PL	JolantaBaziakJankowska	Baziak-Jankowska, Jolanta	F
PL	JolantaFedak	Fedak, Jolanta	F
PL	JolantaHibner	Hibner, Jolanta	F
PL	JolantaRusiniak	Rusiniak, Jolanta	F
PL	JolantaSzczypińska	Szczypińska, Jolanta	F
PL	JuliaPrzyłębska	Przyłębska, Julia	F
PL	JustynaSkrzydło	Skrzydło, Justyna	F
PL	JózefBrynkus	Brynkus, Józef	M
PL	JózefKasprzyk	Kasprzyk, Józef	M
PL	JózefKról	Król, Józef	M
PL	JózefLassota	Lassota, Józef	M
PL	JózefLeśniak	Leśniak, Józef	M
PL	JózefZając	Zając, Józef	M
PL	JózefZych	Zych, Józef	M
PL	JózefaHrynkiewicz	Hrynkiewicz, Józefa	F
PL	JózefaSzczurekŻelazko	Szczurek-Żelazko, Józefa	F
PL	JózefŁyczak	Łyczak, Józef	M
PL	KacperPłażyński	Płażyński, Kacper	M
PL	KamilBortniczuk	Bortniczuk, Kamil	M
PL	KamilaGasiukPihowicz	Gasiuk-Pihowicz, Kamila	F
PL	KarolGzyl	Gzyl, Karol	M
PL	KarolKrzywicki	Krzywicki, Karol	M
PL	KarolNawrocki	Nawrocki, Karol	M
PL	KarolOkoński	Okoński, Karol	M
PL	KarolRabenda	Rabenda, Karol	M
PL	KarolinaPawliczak	Pawliczak, Karolina	F
PL	KarolinaPawłowska	Pawłowska, Karolina	F
PL	KatarzynaAugustynek	Augustynek, Katarzyna	F
PL	KatarzynaCzochara	Czochara, Katarzyna	F
PL	KatarzynaDutkiewicz	Dutkiewicz, Katarzyna	F
PL	KatarzynaFrydrych	Frydrych, Katarzyna	F
PL	KatarzynaGłowala	Głowala, Katarzyna	F
PL	KatarzynaKacperczyk	Kacperczyk, Katarzyna	F
PL	KatarzynaKotula	Kotula, Katarzyna	F
PL	KatarzynaKretkowska	Kretkowska, Katarzyna	F
PL	KatarzynaKłosińska	Kłosińska, Katarzyna	F
PL	KatarzynaLubnauer	Lubnauer, Katarzyna	F
PL	KatarzynaOsos	Osos, Katarzyna	F
PL	KatarzynaPiekarska	Piekarska, Katarzyna	F
PL	KatarzynaSzarkowska	Szarkowska, Katarzyna	F
PL	KatarzynaSójka	Sójka, Katarzyna	F
PL	KatarzynaUeberhan	Ueberhan, Katarzyna	F
PL	KatarzynaWojtyszek	Wojtyszek, Katarzyna	F
PL	KatarzynaŁażewskaHrycko	Łażewska-Hrycko, Katarzyna	F
PL	KazimierzBaszko	Baszko, Kazimierz	M
PL	KazimierzChoma	Choma, Kazimierz	M
PL	KazimierzGołojuch	Gołojuch, Kazimierz	M
PL	KazimierzGwiazdowski	Gwiazdowski, Kazimierz	M
PL	KazimierzKleina	Kleina, Kazimierz	M
PL	KazimierzKonieczny	Konieczny, Kazimierz	M
PL	KazimierzKotowski	Kotowski, Kazimierz	M
PL	KazimierzKuberski	Kuberski, Kazimierz	M
PL	KazimierzMatuszny	Matuszny, Kazimierz	M
PL	KazimierzMichałUjazdowski	Ujazdowski, Kazimierz Michał	M
PL	KazimierzMoskal	Moskal, Kazimierz	M
PL	KazimierzPlocke	Plocke, Kazimierz	M
PL	KazimierzSmoliński	Smoliński, Kazimierz	M
PL	KazimierzWiatr	Wiatr, Kazimierz	M
PL	KillionMunyama	Munyama, Killion	M
PL	KingaGajewska	Gajewska, Kinga	F
PL	KingaGajewskaPłochocka	Gajewska-Płochocka, Kinga	F
PL	KlaudiaJachira	Jachira, Klaudia	F
PL	KonradBerkowicz	Berkowicz, Konrad	M
PL	KonradFrysztak	Frysztak, Konrad	M
PL	KonradGłębocki	Głębocki, Konrad	M
PL	KonradRaczkowski	Raczkowski, Konrad	M
PL	KonradSzymański	Szymański, Konrad	M
PL	KonstantyRadziwiłł	Radziwiłł, Konstanty	M
PL	KornelMorawiecki	Morawiecki, Kornel	M
PL	KorneliaWróblewska	Wróblewska, Kornelia	F
PL	KrystianJarubas	Jarubas, Krystian	M
PL	KrystianKamiński	Kamiński, Krystian	M
PL	KrystianProbierz	Probierz, Krystian	M
PL	KrystynaLewkowicz	Lewkowicz, Krystyna	F
PL	KrystynaPawłowicz	Pawłowicz, Krystyna	F
PL	KrystynaSibińska	Sibińska, Krystyna	F
PL	KrystynaSkowrońska	Skowrońska, Krystyna	F
PL	KrystynaSzumilas	Szumilas, Krystyna	F
PL	KrystynaWróblewska	Wróblewska, Krystyna	F
PL	KrzysztofBosak	Bosak, Krzysztof	M
PL	KrzysztofBrejza	Brejza, Krzysztof	M
PL	KrzysztofCiebiada	Ciebiada, Krzysztof	M
PL	KrzysztofCiecióra	Ciecióra, Krzysztof	M
PL	KrzysztofCzabański	Czabański, Krzysztof	M
PL	KrzysztofCzarnecki	Czarnecki, Krzysztof	M
PL	KrzysztofGadowski	Gadowski, Krzysztof	M
PL	KrzysztofGawkowski	Gawkowski, Krzysztof	M
PL	KrzysztofGrabczuk	Grabczuk, Krzysztof	M
PL	KrzysztofGłuchowski	Głuchowski, Krzysztof	M
PL	KrzysztofJaneczko	Janeczko, Krzysztof	M
PL	KrzysztofJurgiel	Jurgiel, Krzysztof	M
PL	KrzysztofKamiński	Kamiński, Krzysztof	M
PL	KrzysztofKasprzak	Kasprzak, Krzysztof	M
PL	KrzysztofKozik	Kozik, Krzysztof	M
PL	KrzysztofKozłowski	Kozłowski, Krzysztof	M
PL	KrzysztofKubów	Kubów, Krzysztof	M
PL	KrzysztofKwiatkowski	Kwiatkowski, Krzysztof	M
PL	KrzysztofLipiec	Lipiec, Krzysztof	M
PL	KrzysztofLuft	Luft, Krzysztof	M
PL	KrzysztofMaciejewski	Maciejewski, Krzysztof	M
PL	KrzysztofMajewski	Majewski, Krzysztof	M
PL	KrzysztofMazur	Mazur, Krzysztof	M
PL	KrzysztofMichałkiewicz	Michałkiewicz, Krzysztof	M
PL	KrzysztofMieszkowski	Mieszkowski, Krzysztof	M
PL	KrzysztofMróz	Mróz, Krzysztof	M
PL	KrzysztofNowicki	Nowicki, Krzysztof	M
PL	KrzysztofOstrowski	Ostrowski, Krzysztof	M
PL	KrzysztofPaszyk	Paszyk, Krzysztof	M
PL	KrzysztofPietraszkiewicz	Pietraszkiewicz, Krzysztof	M
PL	KrzysztofPiątkowski	Piątkowski, Krzysztof	M
PL	KrzysztofSierak	Sierak, Krzysztof	M
PL	KrzysztofSilicki	Silicki, Krzysztof	M
PL	KrzysztofSitarski	Sitarski, Krzysztof	M
PL	KrzysztofSobolewski	Sobolewski, Krzysztof	M
PL	KrzysztofSzczucki	Szczucki, Krzysztof	M
PL	KrzysztofSzulowski	Szulowski, Krzysztof	M
PL	KrzysztofSłoń	Słoń, Krzysztof	M
PL	KrzysztofTchórzewski	Tchórzewski, Krzysztof	M
PL	KrzysztofTruskolaski	Truskolaski, Krzysztof	M
PL	KrzysztofTuduj	Tuduj, Krzysztof	M
PL	KrzysztofZaremba	Zaremba, Krzysztof	M
PL	KrzysztofŁanda	Łanda, Krzysztof	M
PL	KrzysztofŁapiński	Łapiński, Krzysztof	M
PL	KrzysztofŚmiszek	Śmiszek, Krzysztof	M
PL	LechKołakowski	Kołakowski, Lech	M
PL	LechSprawka	Sprawka, Lech	M
PL	LeonardKrasulski	Krasulski, Leonard	M
PL	LeszekCzarnobaj	Czarnobaj, Leszek	M
PL	LeszekDobrzyński	Dobrzyński, Leszek	M
PL	LeszekGalemba	Galemba, Leszek	M
PL	LeszekKorzeniowski	Korzeniowski, Leszek	M
PL	LeszekMazur	Mazur, Leszek	M
PL	LeszekPiechota	Piechota, Leszek	M
PL	LeszekRuszczyk	Ruszczyk, Leszek	M
PL	LeszekSirko	Sirko, Leszek	M
PL	LeszekSkiba	Skiba, Leszek	M
PL	LeszekSuski	Suski, Leszek	M
PL	LidiaBurzyńska	Burzyńska, Lidia	F
PL	LidiaGądek	Gądek, Lidia	F
PL	LidiaStaroń	Staroń, Lidia	F
PL	LucjanCichosz	Cichosz, Lucjan	M
PL	LudwikKotecki	Kotecki, Ludwik	M
PL	MaciejBadora	Badora, Maciej	M
PL	MaciejBando	Bando, Maciej	M
PL	MaciejFedorowicz	Fedorowicz, Maciej	M
PL	MaciejGdula	Gdula, Maciej	M
PL	MaciejGrubski	Grubski, Maciej	M
PL	MaciejGórski	Górski, Maciej	M
PL	MaciejKonieczny	Konieczny, Maciej	M
PL	MaciejKopeć	Kopeć, Maciej	M
PL	MaciejKopiec	Kopiec, Maciej	M
PL	MaciejLang	Lang, Maciej	M
PL	MaciejLasek	Lasek, Maciej	M
PL	MaciejMasłowski	Masłowski, Maciej	M
PL	MaciejMałecki	Małecki, Maciej	M
PL	MaciejMiłkowski	Miłkowski, Maciej	M
PL	MaciejMucha	Mucha, Maciej	M
PL	MaciejWarchoł	Warchoł, Maciej	M
PL	MaciejWąsik	Wąsik, Maciej	M
PL	MaciejŁopiński	Łopiński, Maciej	M
PL	MaciejŁuczak	Łuczak, Maciej	M
PL	MagdalenaBiejat	Biejat, Magdalena	F
PL	MagdalenaBłeńska	Błeńska, Magdalena	F
PL	MagdalenaFiliks	Filiks, Magdalena	F
PL	MagdalenaGawin	Gawin, Magdalena	F
PL	MagdalenaKochan	Kochan, Magdalena	F
PL	MagdalenaMaląg	Maląg, Magdalena	F
PL	MagdalenaMarek	Marek, Magdalena	F
PL	MagdalenaPietrzak	Pietrzak, Magdalena	F
PL	MagdalenaRzeczkowska	Rzeczkowska, Magdalena	F
PL	MagdalenaSroka	Sroka, Magdalena	F
PL	MagdalenaŁośko	Łośko, Magdalena	F
PL	MaksKraczkowski	Kraczkowski, Maks	M
PL	MarcelinaZawisza	Zawisza, Marcelina	F
PL	MarcinBanaś	Banaś, Marcin	M
PL	MarcinBosacki	Bosacki, Marcin	M
PL	MarcinCeliński	Celiński, Marcin	M
PL	MarcinCichy	Cichy, Marcin	M
PL	MarcinCzaja	Czaja, Marcin	M
PL	MarcinCzech	Czech, Marcin	M
PL	MarcinDuszek	Duszek, Marcin	M
PL	MarcinGajda	Gajda, Marcin	M
PL	MarcinGwóźdź	Gwóźdź, Marcin	M
PL	MarcinHorała	Horała, Marcin	M
PL	MarcinKierwiński	Kierwiński, Marcin	M
PL	MarcinKulasek	Kulasek, Marcin	M
PL	MarcinMartyniak	Martyniak, Marcin	M
PL	MarcinOciepa	Ociepa, Marcin	M
PL	MarcinPorzucek	Porzucek, Marcin	M
PL	MarcinPrzydacz	Przydacz, Marcin	M
PL	MarcinRomanowski	Romanowski, Marcin	M
PL	MarcinSerocki	Serocki, Marcin	M
PL	MarcinWarchoł	Warchoł, Marcin	M
PL	MarcinWiącek	Wiącek, Marcin	M
PL	MarcinZieleniecki	Zieleniecki, Marcin	M
PL	MarcinŚwięcicki	Święcicki, Marcin	M
PL	MarekAst	Ast, Marek	M
PL	MarekBiernacki	Biernacki, Marek	M
PL	MarekBorowski	Borowski, Marek	M
PL	MarekChodkiewicz	Chodkiewicz, Marek	M
PL	MarekChrzanowski	Chrzanowski, Marek	M
PL	MarekDyduch	Dyduch, Marek	M
PL	MarekDąbrowski	Dąbrowski, Marek	M
PL	MarekGróbarczyk	Gróbarczyk, Marek	M
PL	MarekHok	Hok, Marek	M
PL	MarekJackowski	Jackowski, Marek	M
PL	MarekJakubiak	Jakubiak, Marek	M
PL	MarekJurek	Jurek, Marek	M
PL	MarekKomorowski	Komorowski, Marek	M
PL	MarekKrząkała	Krząkała, Marek	M
PL	MarekKuchciński	Kuchciński, Marek	M
PL	MarekKwitek	Kwitek, Marek	M
PL	MarekMagierowski	Magierowski, Marek	M
PL	MarekMartynowski	Martynowski, Marek	M
PL	MarekMatuszewski	Matuszewski, Marek	M
PL	MarekMichalak	Michalak, Marek	M
PL	MarekNiechciał	Niechciał, Marek	M
PL	MarekNiedużak	Niedużak, Marek	M
PL	MarekOpioła	Opioła, Marek	M
PL	MarekPlura	Plura, Marek	M
PL	MarekPolak	Polak, Marek	M
PL	MarekPosobkiewicz	Posobkiewicz, Marek	M
PL	MarekPęk	Pęk, Marek	M
PL	MarekRocki	Rocki, Marek	M
PL	MarekRuciński	Ruciński, Marek	M
PL	MarekRutka	Rutka, Marek	M
PL	MarekRząsa	Rząsa, Marek	M
PL	MarekSawicki	Sawicki, Marek	M
PL	MarekSowa	Sowa, Marek	M
PL	MarekSuski	Suski, Marek	M
PL	MarekTombarkiewicz	Tombarkiewicz, Marek	M
PL	MarekTomkarkiewicz	Tomkarkiewicz, Marek	M
PL	MarekWaleśkiewicz	Waleśkiewicz, Marek	M
PL	MarekWesoły	Wesoły, Marek	M
PL	MarekWójcik	Wójcik, Marek	M
PL	MarekWąsik	Wąsik, Marek	M
PL	MarekZagórski	Zagórski, Marek	M
PL	MarekZiółkowski	Ziółkowski, Marek	M
PL	MarekŁapiński	Łapiński, Marek	M
PL	MargaretaBudner	Budner, Margareta	F
PL	MariaAncyparowicz	Ancyparowicz, Maria	F
PL	MariaDudzińska	Dudzińska, Maria	F
PL	MariaJanyska	Janyska, Maria	F
PL	MariaKoc	Koc, Maria	F
PL	MariaKozłowska	Kozłowska, Maria	F
PL	MariaKurowska	Kurowska, Maria	F
PL	MariaNowak	Nowak, Maria	F
PL	MariaPańczykPozdziej	Pańczyk-Pozdziej, Maria	F
PL	MariaPiekarska	Piekarska, Maria	F
PL	MariaZuba	Zuba, Maria	F
PL	MarianBanaś	Banaś, Marian	M
PL	MarianJagielski	Jagielski, Marian	M
PL	MarianPoślednik	Poślednik, Marian	M
PL	MarianWaligóra	Waligóra, Marian	M
PL	MarianZembala	Zembala, Marian	M
PL	MariuszBłaszczak	Błaszczak, Mariusz	M
PL	MariuszCichomski	Cichomski, Mariusz	M
PL	MariuszDzierżawski	Dzierżawski, Mariusz	M
PL	MariuszGajda	Gajda, Mariusz	M
PL	MariuszGojny	Gojny, Mariusz	M
PL	MariuszGolecki	Golecki, Mariusz	M
PL	MariuszGosek	Gosek, Mariusz	M
PL	MariuszGromko	Gromko, Mariusz	M
PL	MariuszHaładyj	Haładyj, Mariusz	M
PL	MariuszJedynak	Jedynak, Mariusz	M
PL	MariuszKamiński	Kamiński, Mariusz	M
PL	MariuszKałużny	Kałużny, Mariusz	M
PL	MariuszOrionJędrysek	Jędrysek, Mariusz Orion	M
PL	MariuszTrepka	Trepka, Mariusz	M
PL	MariuszWitczak	Witczak, Mariusz	M
PL	MariuszŁon	Łon, Mariusz	M
PL	MarlenaMaląg	Maląg, Marlena	F
PL	MartaGolbik	Golbik, Marta	F
PL	MartaKubiak	Kubiak, Marta	F
PL	MartaLempart	Lempart, Marta	F
PL	MartaWcisło	Wcisło, Marta	F
PL	MarzenaBartosiewicz	Bartosiewicz, Marzena	F
PL	MarzenaMachałek	Machałek, Marzena	F
PL	MarzenaOkłaDrewnowicz	Okła-Drewnowicz, Marzena	F
PL	MarzennaDrab	Drab, Marzenna	F
PL	MateuszBochenek	Bochenek, Mateusz	M
PL	MateuszMorawiecki	Morawiecki, Mateusz	M
PL	MateuszSzpytma	Szpytma, Mateusz	M
PL	MałgorzataChmiel	Chmiel, Małgorzata	F
PL	MałgorzataGersdorf	Gersdorf, Małgorzata	F
PL	MałgorzataGolińska	Golińska, Małgorzata	F
PL	MałgorzataGosiewska	Gosiewska, Małgorzata	F
PL	MałgorzataJanowska	Janowska, Małgorzata	F
PL	MałgorzataJanyska	Janyska, Małgorzata	F
PL	MałgorzataJarosińskaJedynak	Jarosińska-Jedynak, Małgorzata	F
PL	MałgorzataKidawaBłońsk	Kidawa-Błońsk, Małgorzata	F
PL	MałgorzataKidawaBłońska	Kidawa-Błońska, Małgorzata	F
PL	MałgorzataKopiczko	Kopiczko, Małgorzata	F
PL	MałgorzataNiemczyk	Niemczyk, Małgorzata	F
PL	MałgorzataPaprocka	Paprocka, Małgorzata	F
PL	MałgorzataProkopPaczkowska	Prokop-Paczkowska, Małgorzata	F
PL	MałgorzataPępek	Pępek, Małgorzata	F
PL	MałgorzataSadurska	Sadurska, Małgorzata	F
PL	MałgorzataSekułaSzmajdzińska	Sekuła-Szmajdzińska, Małgorzata	F
PL	MałgorzataStręciwilk	Stręciwilk, Małgorzata	F
PL	MałgorzataTracz	Tracz, Małgorzata	F
PL	MałgorzataWassermann	Wassermann, Małgorzata	F
PL	MałgorzataWypych	Wypych, Małgorzata	F
PL	MałgorzataZwiercan	Zwiercan, Małgorzata	F
PL	MichałBłeszyński	Błeszyński, Michał	M
PL	MichałChodkowski	Chodkowski, Michał	M
PL	MichałCieślak	Cieślak, Michał	M
PL	MichałDworczyk	Dworczyk, Michał	M
PL	MichałGraczyk	Graczyk, Michał	M
PL	MichałGramatyka	Gramatyka, Michał	M
PL	MichałHoleksa	Holeksa, Michał	M
PL	MichałJach	Jach, Michał	M
PL	MichałJaros	Jaros, Michał	M
PL	MichałJędrzejczyk	Jędrzejczyk, Michał	M
PL	MichałKamiński	Kamiński, Michał	M
PL	MichałKrawczyk	Krawczyk, Michał	M
PL	MichałKurtyka	Kurtyka, Michał	M
PL	MichałMazowiecki	Mazowiecki, Michał	M
PL	MichałPotoczny	Potoczny, Michał	M
PL	MichałSeweryński	Seweryński, Michał	M
PL	MichałStasiński	Stasiński, Michał	M
PL	MichałSzczerba	Szczerba, Michał	M
PL	MichałUrbaniak	Urbaniak, Michał	M
PL	MichałWiśniewski	Wiśniewski, Michał	M
PL	MichałWojtkiewicz	Wojtkiewicz, Michał	M
PL	MichałWoś	Woś, Michał	M
PL	MichałWypij	Wypij, Michał	M
PL	MichałWójcik	Wójcik, Michał	M
PL	MieczysławAugustyn	Augustyn, Mieczysław	M
PL	MieczysławBaszko	Baszko, Mieczysław	M
PL	MieczysławGolba	Golba, Mieczysław	M
PL	MieczysławKasprzak	Kasprzak, Mieczysław	M
PL	MieczysławMiazga	Miazga, Mieczysław	M
PL	MieczysławPogodziński	Pogodziński, Mieczysław	M
PL	MieczysławSeweryński	Seweryński, Mieczysław	M
PL	MikołajPawlak	Pawlak, Mikołaj	M
PL	MikołajWild	Wild, Mikołaj	M
PL	MirosławMaliszewski	Maliszewski, Mirosław	M
PL	MirosławPampuch	Pampuch, Mirosław	M
PL	MirosławSuchoń	Suchoń, Mirosław	M
PL	MirosławaNykiel	Nykiel, Mirosława	F
PL	MirosławaStachowiakRóżecka	Stachowiak-Różecka, Mirosława	F
PL	MonikaFalej	Falej, Monika	F
PL	MonikaPawłowska	Pawłowska, Monika	F
PL	MonikaRosa	Rosa, Monika	F
PL	MonikaSzostak	Szostak, Monika	F
PL	MonikaWielichowska	Wielichowska, Monika	F
PL	NataliaBroniarczyk	Broniarczyk, Natalia	F
PL	NorbertKaczmarczyk	Kaczmarczyk, Norbert	M
PL	NorbertObrycki	Obrycki, Norbert	M
PL	OlgaSemeniuk	Semeniuk, Olga	F
PL	OlgierdPankiewicz	Pankiewicz, Olgierd	M
PL	OlgierdŁukaszewicz	Łukaszewicz, Olgierd	M
PL	PatrykJaki	Jaki, Patryk	M
PL	PatrykWicher	Wicher, Patryk	M
PL	PaulinaHennigKloska	Hennig-Kloska, Paulina	F
PL	PaulinaMatysiak	Matysiak, Paulina	F
PL	PawełArndt	Arndt, Paweł	M
PL	PawełBańkowski	Bańkowski, Paweł	M
PL	PawełBejda	Bejda, Paweł	M
PL	PawełBrzezicki	Brzezicki, Paweł	M
PL	PawełChorąży	Chorąży, Paweł	M
PL	PawełCybulski	Cybulski, Paweł	M
PL	PawełGrabowski	Grabowski, Paweł	M
PL	PawełGruza	Gruza, Paweł	M
PL	PawełHreniak	Hreniak, Paweł	M
PL	PawełJabłoński	Jabłoński, Paweł	M
PL	PawełKobyliński	Kobyliński, Paweł	M
PL	PawełKowal	Kowal, Paweł	M
PL	PawełKrutul	Krutul, Paweł	M
PL	PawełKrężel	Krężel, Paweł	M
PL	PawełKukiz	Kukiz, Paweł	M
PL	PawełLewandowski	Lewandowski, Paweł	M
PL	PawełLisiecki	Lisiecki, Paweł	M
PL	PawełMajewski	Majewski, Paweł	M
PL	PawełMucha	Mucha, Paweł	M
PL	PawełOlszewski	Olszewski, Paweł	M
PL	PawełPapke	Papke, Paweł	M
PL	PawełPawlak	Pawlak, Paweł	M
PL	PawełPoncyljusz	Poncyljusz, Paweł	M
PL	PawełPudłowski	Pudłowski, Paweł	M
PL	PawełRabiej	Rabiej, Paweł	M
PL	PawełRychlik	Rychlik, Paweł	M
PL	PawełSałek	Sałek, Paweł	M
PL	PawełSelera	Selera, Paweł	M
PL	PawełSkutecki	Skutecki, Paweł	M
PL	PawełSoloch	Soloch, Paweł	M
PL	PawełStyrna	Styrna, Paweł	M
PL	PawełSuski	Suski, Paweł	M
PL	PawełSzałamacha	Szałamacha, Paweł	M
PL	PawełSzefernaker	Szefernaker, Paweł	M
PL	PawełSzramka	Szramka, Paweł	M
PL	PawełSzrot	Szrot, Paweł	M
PL	PawełWdówik	Wdówik, Paweł	M
PL	PawełZalewski	Zalewski, Paweł	M
PL	PiotrAdamowicz	Adamowicz, Piotr	M
PL	PiotrApel	Apel, Piotr	M
PL	PiotrBabinetz	Babinetz, Piotr	M
PL	PiotrBorys	Borys, Piotr	M
PL	PiotrBromber	Bromber, Piotr	M
PL	PiotrCieśliński	Cieśliński, Piotr	M
PL	PiotrDardziński	Dardziński, Piotr	M
PL	PiotrDuda	Duda, Piotr	M
PL	PiotrDziadzio	Dziadzio, Piotr	M
PL	PiotrDziedzic	Dziedzic, Piotr	M
PL	PiotrFlorek	Florek, Piotr	M
PL	PiotrGałązka	Gałązka, Piotr	M
PL	PiotrGliński	Gliński, Piotr	M
PL	PiotrGryza	Gryza, Piotr	M
PL	PiotrKaleta	Kaleta, Piotr	M
PL	PiotrKról	Król, Piotr	M
PL	PiotrKulerski	Kulerski, Piotr	M
PL	PiotrLiroyMarzec	Liroy-Marzec, Piotr	M
PL	PiotrMagda	Magda, Piotr	M
PL	PiotrMazurek	Mazurek, Piotr	M
PL	PiotrMisiło	Misiło, Piotr	M
PL	PiotrMüller	Müller, Piotr	M
PL	PiotrNaimski	Naimski, Piotr	M
PL	PiotrNowak	Nowak, Piotr	M
PL	PiotrOlszówka	Olszówka, Piotr	M
PL	PiotrPatkowski	Patkowski, Piotr	M
PL	PiotrPolak	Polak, Piotr	M
PL	PiotrPszczółkowski	Pszczółkowski, Piotr	M
PL	PiotrPyzik	Pyzik, Piotr	M
PL	PiotrSak	Sak, Piotr	M
PL	PiotrStomma	Stomma, Piotr	M
PL	PiotrTomaszewski	Tomaszewski, Piotr	M
PL	PiotrUruski	Uruski, Piotr	M
PL	PiotrUściński	Uściński, Piotr	M
PL	PiotrWach	Wach, Piotr	M
PL	PiotrWalczak	Walczak, Piotr	M
PL	PiotrWalkowski	Walkowski, Piotr	M
PL	PiotrWarczyński	Warczyński, Piotr	M
PL	PiotrWawrzyk	Wawrzyk, Piotr	M
PL	PiotrWoźny	Woźny, Piotr	M
PL	PiotrZgorzelski	Zgorzelski, Piotr	M
PL	PiotrZientarski	Zientarski, Piotr	M
PL	PiotrĆwik	Ćwik, Piotr	M
PL	PrzemysławBryksa	Bryksa, Przemysław	M
PL	PrzemysławBłaszczyk	Błaszczyk, Przemysław	M
PL	PrzemysławCzarnecki	Czarnecki, Przemysław	M
PL	PrzemysławCzarnek	Czarnek, Przemysław	M
PL	PrzemysławDrabek	Drabek, Przemysław	M
PL	PrzemysławKoperski	Koperski, Przemysław	M
PL	PrzemysławLitwiniuk	Litwiniuk, Przemysław	M
PL	PrzemysławTermiński	Termiński, Przemysław	M
PL	RadosławDomagalskiŁabędzki	Domagalski-Łabędzki, Radosław	M
PL	RadosławFogiel	Fogiel, Radosław	M
PL	RadosławLubczyk	Lubczyk, Radosław	M
PL	RafałAdamczyk	Adamczyk, Rafał	M
PL	RafałAmbrozik	Ambrozik, Rafał	M
PL	RafałBochenek	Bochenek, Rafał	M
PL	RafałDębowski	Dębowski, Rafał	M
PL	RafałGawin	Gawin, Rafał	M
PL	RafałGrupiński	Grupiński, Rafał	M
PL	RafałMikusiński	Mikusiński, Rafał	M
PL	RafałMucha	Mucha, Rafał	M
PL	RafałRogala	Rogala, Rafał	M
PL	RafałRomanowski	Romanowski, Rafał	M
PL	RafałSiemianowski	Siemianowski, Rafał	M
PL	RafałSura	Sura, Rafał	M
PL	RafałTrzaskowski	Trzaskowski, Rafał	M
PL	RafałWeber	Weber, Rafał	M
PL	RafałWójcikowski	Wójcikowski, Rafał	M
PL	RafałŚlusarz	Ślusarz, Rafał	M
PL	RafałŚwilski	Świlski, Rafał	M
PL	RajmundMiller	Miller, Rajmund	M
PL	RenataBronowska	Bronowska, Renata	F
PL	RenataSzczęch	Szczęch, Renata	F
PL	RiadHaidar	Haidar, Riad	M
PL	RikDaems	Daems, Rik	M
PL	RobertBąkiewicz	Bąkiewicz, Robert	M
PL	RobertDowhan	Dowhan, Robert	M
PL	RobertGaweł	Gaweł, Robert	M
PL	RobertGontarz	Gontarz, Robert	M
PL	RobertHernand	Hernand, Robert	M
PL	RobertKopydłowski	Kopydłowski, Robert	M
PL	RobertKołakowski	Kołakowski, Robert	M
PL	RobertKropiwnicki	Kropiwnicki, Robert	M
PL	RobertKwiatkowski	Kwiatkowski, Robert	M
PL	RobertMajka	Majka, Robert	M
PL	RobertMamątow	Mamątow, Robert	M
PL	RobertMordak	Mordak, Robert	M
PL	RobertNowicki	Nowicki, Robert	M
PL	RobertObaz	Obaz, Robert	M
PL	RobertTelus	Telus, Robert	M
PL	RobertTomanek	Tomanek, Robert	M
PL	RobertTyszkiewicz	Tyszkiewicz, Robert	M
PL	RobertWarwas	Warwas, Robert	M
PL	RobertWinnicki	Winnicki, Robert	M
PL	RomanGiedrojć	Giedrojć, Roman	M
PL	RomanKosecki	Kosecki, Roman	M
PL	RomanSasin	Sasin, Roman	M
PL	RomualdAjchler	Ajchler, Romuald	M
PL	RyszardBartosik	Bartosik, Ryszard	M
PL	RyszardBober	Bober, Ryszard	M
PL	RyszardBonisławski	Bonisławski, Ryszard	M
PL	RyszardGalla	Galla, Ryszard	M
PL	RyszardKamiński	Kamiński, Ryszard	M
PL	RyszardMajer	Majer, Ryszard	M
PL	RyszardPetru	Petru, Ryszard	M
PL	RyszardSzuster	Szuster, Ryszard	M
PL	RyszardTerlecki	Terlecki, Ryszard	M
PL	RyszardWilczyński	Wilczyński, Ryszard	M
PL	RyszardZarudzki	Zarudzki, Ryszard	M
PL	RyszardŚwilski	Świlski, Ryszard	M
PL	SebastianChwałek	Chwałek, Sebastian	M
PL	SebastianKaleta	Kaleta, Sebastian	M
PL	SebastianSkuza	Skuza, Sebastian	M
PL	StanisławBukowiec	Bukowiec, Stanisław	M
PL	StanisławGawłowski	Gawłowski, Stanisław	M
PL	StanisławGogacz	Gogacz, Stanisław	M
PL	StanisławHuskowski	Huskowski, Stanisław	M
PL	StanisławKarczewski	Karczewski, Stanisław	M
PL	StanisławKogut	Kogut, Stanisław	M
PL	StanisławKowalski	Kowalski, Stanisław	M
PL	StanisławLamczyk	Lamczyk, Stanisław	M
PL	StanisławOżóg	Ożóg, Stanisław	M
PL	StanisławPiotrowicz	Piotrowicz, Stanisław	M
PL	StanisławPięta	Pięta, Stanisław	M
PL	StanisławPłatek	Płatek, Stanisław	M
PL	StanisławSzwed	Szwed, Stanisław	M
PL	StanisławTrociuk	Trociuk, Stanisław	M
PL	StanisławTyszka	Tyszka, Stanisław	M
PL	StanisławZabłocki	Zabłocki, Stanisław	M
PL	StanisławaJanowskaMoniuszko	Janowska-Moniuszko, Stanisława	F
PL	StanisławŻmijan	Żmijan, Stanisław	M
PL	StanisławŻuk	Żuk, Stanisław	M
PL	StefanKrajewski	Krajewski, Stefan	M
PL	StefanNiesiołowski	Niesiołowski, Stefan	M
PL	StefanRomecki	Romecki, Stefan	M
PL	StefanStrzałkowski	Strzałkowski, Stefan	M
PL	SylwesterChruszcz	Chruszcz, Sylwester	M
PL	SylwesterTułajew	Tułajew, Sylwester	M
PL	SzymonGiżyński	Giżyński, Szymon	M
PL	SzymonPogoda	Pogoda, Szymon	M
PL	SzymonRuman	Ruman, Szymon	M
PL	SzymonSzynkowskivelSęk	Szynkowski vel Sęk, Szymon	M
PL	SzymonZiółkowski	Ziółkowski, Szymon	M
PL	SławomirBroniarz	Broniarz, Sławomir	M
PL	SławomirGadomski	Gadomski, Sławomir	M
PL	SławomirHajos	Hajos, Sławomir	M
PL	SławomirKłosowski	Kłosowski, Sławomir	M
PL	SławomirMazurek	Mazurek, Sławomir	M
PL	SławomirNeumann	Neumann, Sławomir	M
PL	SławomirNitras	Nitras, Sławomir	M
PL	SławomirPiechota	Piechota, Sławomir	M
PL	SławomirRybicki	Rybicki, Sławomir	M
PL	SławomirSiwy	Siwy, Sławomir	M
PL	SławomirSkwarek	Skwarek, Sławomir	M
PL	SławomirZawiślak	Zawiślak, Sławomir	M
PL	TadeuszAziewicz	Aziewicz, Tadeusz	M
PL	TadeuszChrzan	Chrzan, Tadeusz	M
PL	TadeuszCymański	Cymański, Tadeusz	M
PL	TadeuszDziuba	Dziuba, Tadeusz	M
PL	TadeuszKopeć	Kopeć, Tadeusz	M
PL	TadeuszKościński	Kościński, Tadeusz	M
PL	TadeuszRomańczuk	Romańczuk, Tadeusz	M
PL	TadeuszSkobel	Skobel, Tadeusz	M
PL	TadeuszTomaszewski	Tomaszewski, Tadeusz	M
PL	TadeuszWolsza	Wolsza, Tadeusz	M
PL	TadeuszWoźniak	Woźniak, Tadeusz	M
PL	TadeuszZwiefka	Zwiefka, Tadeusz	M
PL	TerasaWargocka	Wargocka, Terasa	F
PL	TeresaBochwic	Bochwic, Teresa	F
PL	TeresaCzerwińska	Czerwińska, Teresa	F
PL	TeresaGlenc	Glenc, Teresa	F
PL	TeresaHałas	Hałas, Teresa	F
PL	TeresaPamuła	Pamuła, Teresa	F
PL	TeresaPiotrowska	Piotrowska, Teresa	F
PL	TeresaPłonka	Płonka, Teresa	F
PL	TeresaWargocka	Wargocka, Teresa	F
PL	TerleckiDziękuję	Dziękuję, Terlecki:	M
PL	TomaszAniśko	Aniśko, Tomasz	M
PL	TomaszChróstny	Chróstny, Tomasz	M
PL	TomaszCimoszewicz	Cimoszewicz, Tomasz	M
PL	TomaszDybek	Dybek, Tomasz	M
PL	TomaszDąbrowski	Dąbrowski, Tomasz	M
PL	TomaszFranciszekZimoch	Zimoch, Tomasz Franciszek	M
PL	TomaszGrodzki	Grodzki, Tomasz	M
PL	TomaszGłogowski	Głogowski, Tomasz	M
PL	TomaszJaskóła	Jaskóła, Tomasz	M
PL	TomaszKostuś	Kostuś, Tomasz	M
PL	TomaszKucharski	Kucharski, Tomasz	M
PL	TomaszLatos	Latos, Tomasz	M
PL	TomaszLenz	Lenz, Tomasz	M
PL	TomaszNowak	Nowak, Tomasz	M
PL	TomaszOlichwer	Olichwer, Tomasz	M
PL	TomaszRobaczyński	Robaczyński, Tomasz	M
PL	TomaszRzymkowski	Rzymkowski, Tomasz	M
PL	TomaszSiemoniak	Siemoniak, Tomasz	M
PL	TomaszSzafrański	Szafrański, Tomasz	M
PL	TomaszSzatkowski	Szatkowski, Tomasz	M
PL	TomaszSzczegielniak	Szczegielniak, Tomasz	M
PL	TomaszSzymański	Szymański, Tomasz	M
PL	TomaszTomczykiewicz	Tomczykiewicz, Tomasz	M
PL	TomaszTrela	Trela, Tomasz	M
PL	TomaszZdzikot	Zdzikot, Tomasz	M
PL	TomaszZieliński	Zieliński, Tomasz	M
PL	TomaszZimoch	Zimoch, Tomasz	M
PL	TomaszŁawniczak	Ławniczak, Tomasz	M
PL	TomaszŻuchowski	Żuchowski, Tomasz	M
PL	UrszulaAugustyn	Augustyn, Urszula	F
PL	UrszulaGembicka	Gembicka, Urszula	F
PL	UrszulaGodek	Godek, Urszula	F
PL	UrszulaNowogórsk	Nowogórsk, Urszula	F
PL	UrszulaNowogórska	Nowogórska, Urszula	F
PL	UrszulaPasławska	Pasławska, Urszula	F
PL	UrszulaRusecka	Rusecka, Urszula	F
PL	UrszulaZielińska	Zielińska, Urszula	F
PL	VelSęk	Sęk, Vel	M
PL	ViktorasPranckietis	Pranckietis, Viktoras	M
PL	ViolettaPorowska	Porowska, Violetta	F
PL	WacławCzerkawski	Czerkawski, Wacław	M
PL	WadimTyszkiewicz	Tyszkiewicz, Wadim	M
PL	WaldemarAndzel	Andzel, Waldemar	M
PL	WaldemarBonkowski	Bonkowski, Waldemar	M
PL	WaldemarBuda	Buda, Waldemar	M
PL	WaldemarIzdebski	Izdebski, Waldemar	M
PL	WaldemarKraska	Kraska, Waldemar	M
PL	WaldemarOlejniczak	Olejniczak, Waldemar	M
PL	WaldemarPawlak	Pawlak, Waldemar	M
PL	WaldemarSługocki	Sługocki, Waldemar	M
PL	WaldyDzikowski	Dzikowski, Waldy	M
PL	WandaBuk	Buk, Wanda	F
PL	WandaNowicka	Nowicka, Wanda	F
PL	WandaZwinogrodzka	Zwinogrodzka, Wanda	F
PL	WiesławBuż	Buż, Wiesław	M
PL	WiesławDobkowski	Dobkowski, Wiesław	M
PL	WiesławJanczyk	Janczyk, Wiesław	M
PL	WiesławJasiński	Jasiński, Wiesław	M
PL	WiesławKilian	Kilian, Wiesław	M
PL	WiesławKrajewski	Krajewski, Wiesław	M
PL	WiesławSzczepański	Szczepański, Wiesław	M
PL	WiesławŁyszczek	Łyszczek, Wiesław	M
PL	WiktorDurlak	Durlak, Wiktor	M
PL	WitoldBańka	Bańka, Witold	M
PL	WitoldCzarnecki	Czarnecki, Witold	M
PL	WitoldKołodziejski	Kołodziejski, Witold	M
PL	WitoldSłowik	Słowik, Witold	M
PL	WitoldWaszczykowski	Waszczykowski, Witold	M
PL	WitoldZembaczyński	Zembaczyński, Witold	M
PL	WojciechBakun	Bakun, Wojciech	M
PL	WojciechBuczak	Buczak, Wojciech	M
PL	WojciechFałkowski	Fałkowski, Wojciech	M
PL	WojciechHermeliński	Hermeliński, Wojciech	M
PL	WojciechJasiński	Jasiński, Wojciech	M
PL	WojciechKaczmarczyk	Kaczmarczyk, Wojciech	M
PL	WojciechKolarski	Kolarski, Wojciech	M
PL	WojciechKonieczny	Konieczny, Wojciech	M
PL	WojciechKossakowski	Kossakowski, Wojciech	M
PL	WojciechKowalczyk	Kowalczyk, Wojciech	M
PL	WojciechKról	Król, Wojciech	M
PL	WojciechMaksymowicz	Maksymowicz, Wojciech	M
PL	WojciechMurdzek	Murdzek, Wojciech	M
PL	WojciechPiecha	Piecha, Wojciech	M
PL	WojciechPolak	Polak, Wojciech	M
PL	WojciechSaługa	Saługa, Wojciech	M
PL	WojciechSkurkiewicz	Skurkiewicz, Wojciech	M
PL	WojciechSzarama	Szarama, Wojciech	M
PL	WojciechWilk	Wilk, Wojciech	M
PL	WojciechZiemniak	Ziemniak, Wojciech	M
PL	WojciechZubowski	Zubowski, Wojciech	M
PL	WojciechŚlączka	Ślączka, Wojciech	M
PL	WysokaIzbo	Izbo, Wysoka	F
PL	WładysławBartoszewski	Bartoszewski, Władysław	M
PL	WładysławDajczak	Dajczak, Władysław	M
PL	WładysławKomarnicki	Komarnicki, Władysław	M
PL	WładysławKosiniakKamysz	Kosiniak-Kamysz, Władysław	M
PL	WładysławKurowski	Kurowski, Władysław	M
PL	WładysławTeofilBartoszewski	Bartoszewski, Władysław Teofil	M
PL	WłodzimierzBernacki	Bernacki, Włodzimierz	M
PL	WłodzimierzCzarzasty	Czarzasty, Włodzimierz	M
PL	WłodzimierzKarpiński	Karpiński, Włodzimierz	M
PL	WłodzimierzNykiel	Nykiel, Włodzimierz	M
PL	WłodzimierzTomaszewski	Tomaszewski, Włodzimierz	M
PL	ZbigniewAjchler	Ajchler, Zbigniew	M
PL	ZbigniewBabalski	Babalski, Zbigniew	M
PL	ZbigniewBiernat	Biernat, Zbigniew	M
PL	ZbigniewChmielowiec	Chmielowiec, Zbigniew	M
PL	ZbigniewCichoń	Cichoń, Zbigniew	M
PL	ZbigniewDolata	Dolata, Zbigniew	M
PL	ZbigniewGirzyński	Girzyński, Zbigniew	M
PL	ZbigniewGryglas	Gryglas, Zbigniew	M
PL	ZbigniewHoffmann	Hoffmann, Zbigniew	M
PL	ZbigniewKonwiński	Konwiński, Zbigniew	M
PL	ZbigniewKról	Król, Zbigniew	M
PL	ZbigniewPawłowicz	Pawłowicz, Zbigniew	M
PL	ZbigniewRau	Rau, Zbigniew	M
PL	ZbigniewSosnowski	Sosnowski, Zbigniew	M
PL	ZbigniewZiejewski	Ziejewski, Zbigniew	M
PL	ZbigniewZiobro	Ziobro, Zbigniew	M
PL	ZdzisławGawlik	Gawlik, Zdzisław	M
PL	ZdzisławPupa	Pupa, Zdzisław	M
PL	ZdzisławSipiera	Sipiera, Zdzisław	M
PL	ZdzisławWolski	Wolski, Zdzisław	M
PL	ZofiaCzernow	Czernow, Zofia	F
PL	ZofiaRomaszewska	Romaszewska, Zofia	F
PL	ZofiaŁawrynowicz	Ławrynowicz, Zofia	F
PL	ZygmuntFrankiewicz	Frankiewicz, Zygmunt	M
PL	ŁukaszBabiarz	Babiarz, Łukasz	M
PL	ŁukaszCzwojda	Czwojda, Łukasz	M
PL	ŁukaszKamiński	Kamiński, Łukasz	M
PL	ŁukaszMejza	Mejza, Łukasz	M
PL	ŁukaszMikołajczyk	Mikołajczyk, Łukasz	M
PL	ŁukaszPiebiak	Piebiak, Łukasz	M
PL	ŁukaszRzepecki	Rzepecki, Łukasz	M
PL	ŁukaszSchreiber	Schreiber, Łukasz	M
PL	ŁukaszSzumowski	Szumowski, Łukasz	M
PL	ŁukaszZbonikowski	Zbonikowski, Łukasz	M
