Country	SpeakerID	Name	Sex
ES	AdolfoPérezAbellás	Pérez Abellás, Adolfo	M
ES	AdolfoSuárezIllana	Suárez Illana, Adolfo	M
ES	AdrianaLastraFernández	Lastra Fernández, Adriana	F
ES	AgustínAlmodóbarBarceló	Almodóbar Barceló, Agustín	M
ES	AgustínCondeBajén	Conde Bajén, Agustín	M
ES	AgustínRosetyFernándezDeCastro	Rosety Fernández De Castro, Agustín	M
ES	AgustínZamarrónMoreno	Zamarrón Moreno, Agustín	M
ES	AinaVidalSáez	Vidal Sáez, Aina	F
ES	AitorEstebanBravo	Esteban Bravo, Aitor	M
ES	AlbaVergésiBosch	Vergés i Bosch, Alba	F
ES	AlbertBotranPahissa	Botran Pahissa, Albert	M
ES	AlbertRiveraDíaz	Rivera Díaz, Albert	M
ES	AlbertoAsartaCuevas	Asarta Cuevas, Alberto	M
ES	AlbertoCaseroÁvila	Casero Ávila, Alberto	M
ES	AlbertoGarzónEspinosa	Garzón Espinosa, Alberto	M
ES	AlbertoMonteroSoler	Montero Soler, Alberto	M
ES	AlbertoRodríguezRodríguez	Rodríguez Rodríguez, Alberto	M
ES	AlbertoRuizGallardón	Ruiz-Gallardón, Alberto	-
ES	AlejandroAlonsoNúñez	Alonso Núñez, Alejandro	M
ES	AlejandroFernándezÁlvarez	Fernández Álvarez, Alejandro	M
ES	AlejandroSolerMur	Soler Mur, Alejandro	M
ES	AlexandraFernándezGómez	Fernández Gómez, Alexandra	F
ES	AlfonsoAlonsoAranegui	Alonso Aranegui, Alfonso	M
ES	AlfonsoCandónAdán	Candón Adán, Alfonso	M
ES	AlfonsoMartínezBaños	Martínez Baños, Alfonso	M
ES	AlfonsoMaríaDastisQuecedo	Dastis Quecedo, Alfonso María	M
ES	AlfonsoRodríguezGómezDeCelis	Rodríguez Gómez De Celis, Alfonso	M
ES	AlfonsoSerranoSánchezCapuchino	Serrano Sánchez-Capuchino, Alfonso	M
ES	AlfredBoschiPascual	Bosch i Pascual, Alfred	M
ES	AlfredoSanchoGuardia	Sancho Guardia, Alfredo	M
ES	AliciaGarcíaRodríguez	García Rodríguez, Alicia	F
ES	AliciaPiquerSancho	Piquer Sancho, Alicia	F
ES	AliciaRamosJordán	Ramos Jordán, Alicia	F
ES	AliciaSánchezCamachoPérez	Sánchez-Camacho Pérez, Alicia	F
ES	AlmudenaNegroKonrad	Negro Konrad, Almudena	F
ES	AmparoBotejaraSanz	Botejara Sanz, Amparo	F
ES	AnVanessaRodríguezConcepción	Rodríguez Concepción, An Vanessa	F
ES	AnaBelénFernándezCasero	Fernández Casero, Ana Belén	F
ES	AnaBelénTerrónBerbel	Terrón Berbel, Ana Belén	F
ES	AnaBelénVázquezBlanco	Vázquez Blanco, Ana Belén	F
ES	AnaIsabelAlósLópez	Alós López, Ana Isabel	F
ES	AnaMarcelloSantos	Marcello Santos, Ana	F
ES	AnaMaríaBeltránVillalba	Beltrán Villalba, Ana María	F
ES	AnaMaríaBotellaGómez	Botella Gómez, Ana María	F
ES	AnaMaríaCastañoRey	Castaño Rey, Ana María	F
ES	AnaMaríaMadrazoDíaz	Madrazo Díaz, Ana María	F
ES	AnaMaríaOramasGonzálezMoro	Oramas González-Moro, Ana María	F
ES	AnaMaríaPastorJulián	Pastor Julián, Ana María	F
ES	AnaMaríaSurraSpadea	Surra Spadea, Ana María	F
ES	AnaMaríaZuritaExpósito	Zurita Expósito, Ana María	F
ES	AnaMato	Mato, Ana	-
ES	AnaPontónMondelo	Pontón Mondelo, Ana	F
ES	AnaPrietoNieto	Prieto Nieto, Ana	F
ES	AndreaFabraFernández	Fabra Fernández, Andrea	F
ES	AndreaFernándezBenéitez	Fernández Benéitez, Andrea	F
ES	AndrésAlbertoRodríguezAlmeida	Rodríguez Almeida, Andrés Alberto	M
ES	AndrésJoséAyalaSánchez	Ayala Sánchez, Andrés José	M
ES	AndrésLoriteLorite	Lorite Lorite, Andrés	M
ES	AndrésNúñezJiménez	Núñez Jiménez, Andrés	M
ES	AntidioFagúndezCampo	Fagúndez Campo, Antidio	M
ES	AntoniPicóiAzanza	Picó i Azanza, Antoni	M
ES	AntoniPostiusTerrado	Postius Terrado, Antoni	M
ES	AntoniSuchBotella	Such Botella, Antoni	M
ES	AntoniaJoverDíaz	Jover Díaz, Antonia	F
ES	AntonioCantóGarcíaDelMoral	Cantó García Del Moral, Antonio	M
ES	AntonioFranciscoPradasTorres	Pradas Torres, Antonio Francisco	M
ES	AntonioGallegoBurgos	Gallego Burgos, Antonio	M
ES	AntonioGonzálezTerol	González Terol, Antonio	M
ES	AntonioGutiérrezLimones	Gutiérrez Limones, Antonio	M
ES	AntonioGómezReinoVarela	Gómez-Reino Varela, Antonio	M
ES	AntonioHernandoVera	Hernando Vera, Antonio	M
ES	AntonioHurtadoZurera	Hurtado Zurera, Antonio	M
ES	AntonioLópezOlmo	López Olmo, Antonio	M
ES	AntonioPradasTorres	Pradas Torres, Antonio	M
ES	AntonioQuintanaMartínez	Quintana Martínez, Antonio	M
ES	AntonioRamónMaríaTrevínLombán	Trevín Lombán, Antonio Ramón María	M
ES	AntonioRoldánMonés	Roldán Monés, Antonio	M
ES	AntonioRománJasanada	Román Jasanada, Antonio	M
ES	AntonioSalváVerd	Salvá Verd, Antonio	M
ES	AntónSánchezGarcía	Sánchez García, Antón	M
ES	AranchaGonzálezLaya	Laya, Arancha González	-
ES	AriagonaGonzálezPérez	González Pérez, Ariagona	F
ES	ArnauRamírezCarner	Ramírez Carner, Arnau	M
ES	ArtemiRalloLombarte	Rallo Lombarte, Artemi	M
ES	ArturoGarcíaTizónLópez	García-Tizón López, Arturo	M
ES	AscensiónDeLasHerasLadera	De Las Heras Ladera, Ascensión	F
ES	AssumptaEscarpGibert	Escarp Gibert, Assumpta	F
ES	AurelioRomeroGirón	Romero Girón, Aurelio	M
ES	AvelinoBarrionuevoGener	Barrionuevo Gener, Avelino	M
ES	BaltasarOrtizGutiérrez	Ortiz Gutiérrez, Baltasar	M
ES	BeatrizGarcíaGonzález	García González, Beatriz	F
ES	BeatrizGimenoReinoso	Gimeno Reinoso, Beatriz	F
ES	BeatrizJiménezLinuesa	Jiménez Linuesa, Beatriz	F
ES	BeatrizMartaEscuderoBerzal	Escudero Berzal, Beatriz Marta	F
ES	BeatrizMicaelaCarrilloDeLosReyes	Carrillo De Los Reyes, Beatriz Micaela	F
ES	BeatrizRodríguezSalmonesCabeza	Rodríguez-Salmones Cabeza, Beatriz	F
ES	BegoñaNasarreOliva	Nasarre Oliva, Begoña	F
ES	BelénHoyoJuliá	Hoyo Juliá, Belén	F
ES	BicenteSerranoIzko	Serrano Izko, Bicente	M
ES	BienvenidoDeArribaSánchez	De Arriba Sánchez, Bienvenido	M
ES	BolañosGarcía	García, Bolaños	M
ES	CarinaMejíasSánchez	Mejías Sánchez, Carina	F
ES	CarlaToscanoDeBalbín	Toscano De Balbín, Carla	F
ES	CarlesCampuzanoiCanadés	Campuzano i Canadés, Carles	M
ES	CarlesPàramoiPonsetí	Pàramo i Ponsetí, Carles	M
ES	CarlosCasimiroSalvadorArmendáriz	Salvador Armendáriz, Carlos Casimiro	M
ES	CarlosGarcíaAdanero	García Adanero, Carlos	M
ES	CarlosHugoFernándezRocaSuárez	Fernández-Roca Suárez, Carlos Hugo	M
ES	CarlosJavierFlorianoCorrales	Floriano Corrales, Carlos Javier	M
ES	CarlosJoséZambranoGarcíaRáez	Zambrano García-Ráez, Carlos José	M
ES	CarlosMartínezGorriarán	Martínez Gorriarán, Carlos	M
ES	CarlosRojasGarcía	Rojas García, Carlos	M
ES	CarlotaMerchánMesón	Merchán Mesón, Carlota	F
ES	CarmeloRomeroHernández	Romero Hernández, Carmelo	M
ES	CarmenAndrésAñón	Andrés Añón, Carmen	F
ES	CarmenBañosRuiz	Baños Ruiz, Carmen	F
ES	CarmenCalvoPoyato	Calvo Poyato, Carmen	F
ES	CarmenCastellanoiFernández	Castellano i Fernández, Carmen	F
ES	CarmenMontónGiménez	Montón Giménez, Carmen	F
ES	CarmenNavarroLacoba	Navarro Lacoba, Carmen	F
ES	CarmenRiobolosRegadera	Riobolos Regadera, Carmen	F
ES	CarmenRiolobosRegadera	Riolobos Regadera, Carmen	U
ES	CarmenRocíoCuelloPérez	Cuello Pérez, Carmen Rocío	F
ES	CarmenValidoPérez	Valido Pérez, Carmen	F
ES	CarolinaBescansaHernández	Bescansa Hernández, Carolina	F
ES	CarolinaDariasSanSebastián	Darias San Sebastián, Carolina	F
ES	CarolinaEspañaReina	España Reina, Carolina	F
ES	CarolinaTelecheaiLozano	Telechea i Lozano, Carolina	F
ES	CayetanaÁlvarezDeToledoPeraltaRamos	Álvarez De Toledo Peralta-Ramos, Cayetana	F
ES	CayoLaraMoya	Lara Moya, Cayo	M
ES	CeliaAlbertoPérez	Alberto Pérez, Celia	F
ES	CeliaVillalobosTalero	Villalobos Talero, Celia	F
ES	CelsoLuisDelgadoArce	Delgado Arce, Celso Luis	M
ES	CipriàCíscarCasabán	Císcar Casabán, Ciprià	M
ES	ConcepCañadellSalvia	Cañadell Salvia, Concep	F
ES	ConcepcióVerayCama	Veray Cama, Concepció	F
ES	ConcepciónDeSantaAnaFernández	De Santa Ana Fernández, Concepción	F
ES	ConcepciónGamarraRuizClavijo	Gamarra Ruiz-Clavijo, Concepción	F
ES	ConradoEscobarLasHeras	Escobar Las Heras, Conrado	M
ES	CristinaAliciaEstebanCalonje	Esteban Calonje, Cristina Alicia	F
ES	CristinaLópezZamora	López Zamora, Cristina	F
ES	CristóbalRicardoMontoroRomero	Montoro Romero, Cristóbal Ricardo	M
ES	CésarJoaquínRamosEsteban	Ramos Esteban, César Joaquín	M
ES	CésarSánchezPérez	Sánchez Pérez, César	M
ES	DanielMaríRipa	Marí Ripa, Daniel	M
ES	DanielSenderosOraá	Senderos Oraá, Daniel	M
ES	DanielSerranoCoronado	Serrano Coronado, Daniel	M
ES	DanielVicenteViondi	Vicente Viondi, Daniel	M
ES	DavidSerradaPariente	Serrada Pariente, David	M
ES	DianaMorantRipoll	Morant Ripoll, Diana	F
ES	DiegoCalvoPouso	Calvo Pouso, Diego	M
ES	DiegoCañameroValle	Cañamero Valle, Diego	M
ES	DiegoClementeGiménez	Clemente Giménez, Diego	M
ES	DiegoConesaÁlvarez	Conesa Álvarez, Diego	M
ES	DiegoGagoBugarín	Gago Bugarín, Diego	M
ES	DiegoLópezGarrido	López Garrido, Diego	M
ES	DiegoMovellánLombilla	Movellán Lombilla, Diego	M
ES	DiegoTaiboMonelos	Taibo Monelos, Diego	M
ES	DoloresDelgadoGarcía	Delgado García, Dolores	F
ES	DolorsMontserratMontserrat	Montserrat Montserrat, Dolors	F
ES	DomingoJoséSegadoMartínez	Segado Martínez, Domingo José	M
ES	EbaBlancoDeAngulo	Blanco De Angulo, Eba	F
ES	EdmundoBalFrancés	Bal Francés, Edmundo	M
ES	EduardPujoliBonell	Pujol i Bonell, Eduard	M
ES	EduardoCarazoHermoso	Carazo Hermoso, Eduardo	M
ES	EduardoFernándezGarcía	Fernández García, Eduardo	M
ES	EduardoJavierMauraZorita	Maura Zorita, Eduardo Javier	M
ES	EduardoLuisRuizNavarro	Ruiz Navarro, Eduardo Luis	M
ES	EduardoMadinaMuñoz	Madina Muñoz, Eduardo	M
ES	EduardoSantosItoiz	Santos Itoiz, Eduardo	M
ES	EdurneUriarteBengoechea	Uriarte Bengoechea, Edurne	F
ES	ElenaCastilloLópez	Castillo López, Elena	F
ES	ElenaFabaDelaEncarnación	Faba De la Encarnación, Elena	F
ES	ElenaMaríaBastidasBono	Bastidas Bono, Elena María	F
ES	ElenaMáñezRodríguez	Máñez Rodríguez, Elena	F
ES	ElenaRiberaiGarijo	Ribera i Garijo, Elena	F
ES	EloySuárezLamata	Suárez Lamata, Eloy	M
ES	ElviraRamónUtrabo	Ramón Utrabo, Elvira	F
ES	ElviraVelascoMorillo	Velasco Morillo, Elvira	F
ES	EmilioBarbónMartínez	Barbón Martínez, Emilio	M
ES	EmilioDelRíoSanz	Del Río Sanz, Emilio	M
ES	EmilioJesúsDelValleRodríguez	Del Valle Rodríguez, Emilio Jesús	M
ES	EmilioOlabarríaMuñoz	Olabarría Muñoz, Emilio	M
ES	EncarnaciónJiménezMínguez	Jiménez Mínguez, Encarnación	F
ES	EnricBatalleriRuiz	Bataller i Ruiz, Enric	M
ES	EnricCasanovaPeiro	Casanova Peiro, Enric	M
ES	EnriqueFernandoSantiagoRomero	Santiago Romero, Enrique Fernando	M
ES	ErnestoAguiarRodríguez	Aguiar Rodríguez, Ernesto	M
ES	EsperançaEsteveOrtega	Esteve Ortega, Esperança	F
ES	EsterCapellaiFarré	Capella i Farré, Ester	F
ES	EstherPadillaRuiz	Padilla Ruiz, Esther	F
ES	EstherPeñaCamarero	Peña Camarero, Esther	F
ES	EvaBravoBarco	Bravo Barco, Eva	F
ES	EvaGarcíaSempere	García Sempere, Eva	F
ES	EvaPatriciaBuenoCampanario	Bueno Campanario, Eva Patricia	F
ES	EzequielGarcíaNieto	García Nieto, Ezequiel	M
ES	FedericoBuyoloGarcía	Buyolo García, Federico	M
ES	FedericoCabelloDeAlbaHernández	Cabello De Alba Hernández, Federico	M
ES	FelipeJesúsSiciliaAlférez	Sicilia Alférez, Felipe Jesús	M
ES	FeliuJoanGuillaumesiRàfols	Guillaumes i Ràfols, Feliu-Joan	M
ES	FernandoAdolfoGutiérrezDíazDeOtazu	Gutiérrez Díaz De Otazu, Fernando Adolfo	M
ES	FernandoGrandeMarlaskaGómez	Grande-Marlaska Gómez, Fernando	M
ES	FernandoLópezAmorGarcía	López-Amor García, Fernando	M
ES	FernandoMartínezMaílloToribio	Martínez-Maíllo Toribio, Fernando	M
ES	FernandoMauraBarandiarán	Maura Barandiarán, Fernando	M
ES	FernandoNavarroFernándezRodríguez	Navarro Fernández-Rodríguez, Fernando	M
ES	FerranBelAccensi	Bel Accensi, Ferran	M
ES	FerranPedretiSantos	Pedret i Santos, Ferran	M
ES	FrancescHomsMolist	Homs Molist, Francesc	M
ES	FrancescVallèsVives	Vallès Vives, Francesc	M
ES	FrancescXavierDomènechSampere	Domènech Sampere, Francesc Xavier	M
ES	FrancescXavierEritjaCiuró	Eritja Ciuró, Francesc Xavier	M
ES	FrancescXavierFerriFayos	Ferri Fayos, Francesc Xavier	M
ES	FrancescXavierSabatéIbarz	Sabaté Ibarz, Francesc Xavier	M
ES	FranciscoArandaVargas	Aranda Vargas, Francisco	M
ES	FranciscoDelaTorreDíaz	De la Torre Díaz, Francisco	M
ES	FranciscoDomingoCabreraGarcía	Cabrera García, Francisco Domingo	M
ES	FranciscoFernándezMarugán	Fernández Marugán, Francisco	M
ES	FranciscoGonzálezCabaña	González Cabaña, Francisco	M
ES	FranciscoIgeaArisqueta	Igea Arisqueta, Francisco	M
ES	FranciscoJavierCanoLeal	Cano Leal, Francisco Javier	M
ES	FranciscoJavierHervíasChirosa	Hervías Chirosa, Francisco Javier	M
ES	FranciscoJavierOrtegaSmithMolina	Ortega Smith-Molina, Francisco Javier	M
ES	FranciscoJavierRodríguezArgüeso	Rodríguez Argüeso, Francisco Javier	M
ES	FranciscoJesúsFernándezFerrera	Fernández Ferrera, Francisco Jesús	M
ES	FranciscoJoséAlcarazMartos	Alcaraz Martos, Francisco José	M
ES	FranciscoJoséContrerasPeláez	Contreras Peláez, Francisco José	M
ES	FranciscoMartínBernabéPérez	Bernabé Pérez, Francisco Martín	M
ES	FranciscoMartínezVázquez	Martínez Vázquez, Francisco	M
ES	FranciscoMolineroHoyos	Molinero Hoyos, Francisco	M
ES	FranciscoMárquezDelaRubia	Márquez De la Rubia, Francisco	M
ES	FranciscoVañóFerre	Vañó Ferre, Francisco	M
ES	FuensantaLimaCid	Lima Cid, Fuensanta	F
ES	FátimaBáñez	Báñez, Fátima	-
ES	FélixAlonsoCantorné	Alonso Cantorné, Félix	M
ES	FélixBolaños	Bolaños, Félix	-
ES	GabrielEchávarriFernández	Echávarri Fernández, Gabriel	M
ES	GabrielElorriagaPisarik	Elorriaga Pisarik, Gabriel	M
ES	GabrielRufiánRomero	Rufián Romero, Gabriel	M
ES	GasparLlamazaresTrigo	Llamazares Trigo, Gaspar	M
ES	GemaLópezSomoza	López Somoza, Gema	F
ES	GemmaAraujoMorales	Araujo Morales, Gemma	F
ES	GemmaCalvetiBarot	Calvet i Barot, Gemma	F
ES	GenísBoadellaEsteve	Boadella Esteve, Genís	M
ES	GeorginaTríasGil	Trías Gil, Georgina	F
ES	GerardGómezDelMoralFuster	Gómez Del Moral Fuster, Gerard	M
ES	GerardoCampsDevesa	Camps Devesa, Gerardo	M
ES	GerardoPisarelloPrados	Pisarello Prados, Gerardo	M
ES	GermánRenauMartínez	Renau Martínez, Germán	M
ES	GermánRodríguezSánchez	Rodríguez Sánchez, Germán	M
ES	GloriaSánchezMartín	Sánchez Martín, Gloria	F
ES	GonzaloCaballeroMiguez	Caballero Miguez, Gonzalo	M
ES	GonzaloJoséOrdóñezPuime	Ordóñez Puime, Gonzalo José	M
ES	GonzaloPalacínGuarné	Palacín Guarné, Gonzalo	M
ES	GraciaFernándezMoya	Fernández Moya, Gracia	F
ES	GregorioCámaraVillar	Cámara Villar, Gregorio	M
ES	GregorioJesúsBrizSánchez	Briz Sánchez, Gregorio Jesús	M
ES	GuillermoAntonioMeijónCouselo	Meijón Couselo, Guillermo Antonio	M
ES	GuillermoCollarteRodríguez	Collarte Rodríguez, Guillermo	M
ES	GuillermoDíazGómez	Díaz Gómez, Guillermo	M
ES	GuillermoMariscalAnaya	Mariscal Anaya, Guillermo	M
ES	HelenaCaballeroGutiérrez	Caballero Gutiérrez, Helena	F
ES	HelenaCastellanoRamón	Castellano Ramón, Helena	F
ES	HerickManuelCamposArteseros	Campos Arteseros, Herick Manuel	M
ES	HerminioRufinoSanchoÍñiguez	Sancho Íñiguez, Herminio Rufino	M
ES	HéctorGómezHernández	Gómez Hernández, Héctor	M
ES	HéctorIlluecaBallester	Illueca Ballester, Héctor	M
ES	IdoiaSagastizabalUnzetabarrenetxea	Sagastizabal Unzetabarrenetxea, Idoia	F
ES	IgnacioGarrigaVazDeConcicao	Garriga Vaz De Concicao, Ignacio	M
ES	IgnacioGilLázaro	Gil Lázaro, Ignacio	M
ES	IgnacioLópezCano	López Cano, Ignacio	M
ES	IgnacioMagañaSierra	Magaña Sierra, Ignacio	M
ES	IgnacioTremiñoGómez	Tremiño Gómez, Ignacio	M
ES	IgnacioUrquizuSancho	Urquizu Sancho, Ignacio	M
ES	IgnasiCandelaSerna	Candela Serna, Ignasi	M
ES	IkerUrbinaFernández	Urbina Fernández, Iker	M
ES	IldefonsoRPastorGonzález	Pastor González, Ildefonso R.	M
ES	InakiÁlvaroLavandera	Álvaro Lavandera, Inaki	M
ES	IndalecioGutiérrezSalinas	Gutiérrez Salinas, Indalecio	M
ES	InmaculadaRieraiReñé	Riera i Reñé, Inmaculada	F
ES	InésArrimadasGarcía	Arrimadas García, Inés	F
ES	InésGranollersCunillera	Granollers Cunillera, Inés	F
ES	InésMaríaCañizaresPacheco	Cañizares Pacheco, Inés María	F
ES	InésSabanésNadal	Sabanés Nadal, Inés	F
ES	IoneBelarraUrteaga	Belarra Urteaga, Ione	F
ES	IreneLozanoDomingo	Lozano Domingo, Irene	F
ES	IreneMaríaMonteroGil	Montero Gil, Irene María	F
ES	IreneRiveraAndrés	Rivera Andrés, Irene	F
ES	IsabelBonigTrigueros	Bonig Trigueros, Isabel	F
ES	IsabelCabezasRegaño	Cabezas Regaño, Isabel	F
ES	IsabelCelaáDiéguez	Celaá Diéguez, Isabel	F
ES	IsabelFrancoCarmona	Franco Carmona, Isabel	F
ES	IsabelGarcíaTejerina	García Tejerina, Isabel	F
ES	IsabelGemaPérezRecuerda	Pérez Recuerda, Isabel Gema	F
ES	IsabelMaríaBorregoCortés	Borrego Cortés, Isabel María	F
ES	IsabelPozuetaFernández	Pozueta Fernández, Isabel	F
ES	IsabelRodríguezGarcía	Rodríguez García, Isabel	F
ES	IsabelSánchezRobles	Sánchez Robles, Isabel	F
ES	IsauraLealFernández	Leal Fernández, Isaura	F
ES	IsidroManuelMartínezOblanca	Martínez Oblanca, Isidro Manuel	M
ES	IsmaelCortésGómez	Cortés Gómez, Ismael	M
ES	IvánEspinosaDeLosMonterosDeSimón	Espinosa De Los Monteros De Simón, Iván	M
ES	IñakiRuizDePinedoUndiano	Ruiz De Pinedo Undiano, Iñaki	M
ES	JaimeDeOlanoVela	De Olano Vela, Jaime	M
ES	JaimeEduardoDeOlanoVela	Olano Vela, Jaime Eduardo De	M
ES	JaimeJavierBarreroLópez	Barrero López, Jaime Javier	M
ES	JaimeMiguelMateuIstúriz	Mateu Istúriz, Jaime Miguel	M
ES	JaumeAlonsoCuevillasiSayrol	Alonso-Cuevillas i Sayrol, Jaume	M
ES	JaumeAsensLlodrà	Asens Llodrà, Jaume	M
ES	JaumeMoyaMatas	Moya Matas, Jaume	M
ES	JavierAlfonsoCendón	Alfonso Cendón, Javier	M
ES	JavierAntónCacho	Antón Cacho, Javier	M
ES	JavierBasCorugeira	Bas Corugeira, Javier	M
ES	JavierCalventeGallego	Calvente Gallego, Javier	M
ES	JavierCerqueiroGonzález	Cerqueiro González, Javier	M
ES	JavierMarotoAranzábal	Maroto Aranzábal, Javier	M
ES	JavierMerinoMartínez	Merino Martínez, Javier	M
ES	JavierRuanoGarcía	Ruano García, Javier	M
ES	JavierSánchezSerna	Sánchez Serna, Javier	M
ES	JessicaAlbiachSatorres	Albiach Satorres, Jessica	F
ES	JesúsCalderaSánchezCapitán	Caldera Sánchez-Capitán, Jesús	M
ES	JesúsMaríaFernándezDíaz	Fernández Díaz, Jesús María	M
ES	JesúsPosadaMoreno	Posada Moreno, Jesús	M
ES	JesúsPostigoQuintana	Postigo Quintana, Jesús	M
ES	JesúsÁngelGarridoMartínez	Garrido Martínez, Jesús Ángel	M
ES	JoanBaldovíRoda	Baldoví Roda, Joan	M
ES	JoanCanongiaGerona	Canongia Gerona, Joan	M
ES	JoanCapdevilaiEsteve	Capdevila i Esteve, Joan	M
ES	JoanCoscubielaConesa	Coscubiela Conesa, Joan	M
ES	JoanJosepNuetPujals	Nuet Pujals, Joan Josep	M
ES	JoanManelMartíiLlufriu	Martí i Llufriu, Joan Manel	M
ES	JoanMargallSastre	Margall Sastre, Joan	M
ES	JoanMenaArca	Mena Arca, Joan	M
ES	JoanMesquidaFerrando	Mesquida Ferrando, Joan	M
ES	JoanOlòrizSerra	Olòriz Serra, Joan	M
ES	JoanRangelTarrés	Rangel Tarrés, Joan	M
ES	JoanRuiziCarbonell	Ruiz i Carbonell, Joan	M
ES	JoanSauraLaporta	Saura Laporta, Joan	M
ES	JoanSubiratsHumet	Subirats Humet, Joan	M
ES	JoanTardàiComa	Tardà i Coma, Joan	M
ES	JoaquínAlbaladejoMartínez	Albaladejo Martínez, Joaquín	M
ES	JoaquínFranciscoPuigFerrer	Puig Ferrer, Joaquín Francisco	M
ES	JoaquínLópezPagán	López Pagán, Joaquín	M
ES	JoaquínMaríaGarcíaDíez	García Díez, Joaquín María	M
ES	JoaquínRoblesLópez	Robles López, Joaquín	M
ES	JonAiartzaZallo	Aiartza Zallo, Jon	M
ES	JonIñarrituGarcía	Iñarritu García, Jon	M
ES	JordiJanéiGuasch	Jané i Guasch, Jordi	M
ES	JordiRocaMas	Roca Mas, Jordi	M
ES	JordiSalvadoriDuch	Salvador i Duch, Jordi	M
ES	JordiXuclàiCosta	Xuclà i Costa, Jordi	M
ES	JorgeBellverCasaña	Bellver Casaña, Jorge	M
ES	JorgeFernándezDíaz	Fernández Díaz, Jorge	M
ES	JosebaAndoniAgirretxeaUrresti	Agirretxea Urresti, Joseba Andoni	M
ES	JosefaAndrésBarea	Andrés Barea, Josefa	F
ES	JosefaInmaculadaGonzálezBayo	González Bayo, Josefa Inmaculada	F
ES	JosepAntoniDurániLleida	Durán i Lleida, Josep Antoni	M
ES	JosepAntoniSantamaríaiMateo	Santamaría i Mateo, Josep Antoni	M
ES	JosepBorrellFontelles	Borrell Fontelles, Josep	M
ES	JosepCastellsBaró	Castells Baró, Josep	M
ES	JosepLluisGrauValles	Grau Valles, Josep Lluis	M
ES	JosepMeliàiQues	Melià i Ques, Josep	M
ES	JosepPagèsiMassó	Pagès i Massó, Josep	M
ES	JosepPérezMoya	Pérez Moya, Josep	M
ES	JosepSáncheziLlibre	Sánchez i Llibre, Josep	M
ES	JosepVendrellGardeñes	Vendrell Gardeñes, Josep	M
ES	JosuneGorospeElezcano	Gorospe Elezcano, Josune	F
ES	JoséAlbertoHerreroBono	Herrero Bono, José Alberto	M
ES	JoséAlbertoMartínToledanoSuárez	Martín-Toledano Suárez, José Alberto	M
ES	JoséAndrésTorresMora	Torres Mora, José Andrés	M
ES	JoséAntonioBermúdezDeCastroFernández	Bermúdez De Castro Fernández, José Antonio	M
ES	JoséAntonioNietoBallesteros	Nieto Ballesteros, José Antonio	M
ES	JoséAntonioRodríguezSala	Rodríguez Sala, José Antonio	M
ES	JoséArturoAliagaLópez	Aliaga López, José Arturo	M
ES	JoséCanoFuster	Cano Fuster, José	M
ES	JoséCarlosDuránPeralta	Durán Peralta, José Carlos	M
ES	JoséCarlosDíazRodríguez	Díaz Rodríguez, José Carlos	M
ES	JoséCruzPérezLapazarán	Pérez Lapazarán, José Cruz	M
ES	JoséDavidCarracedoVerde	Carracedo Verde, José David	M
ES	JoséEnriqueFernándezDeMoyaRomero	Fernández De Moya Romero, José Enrique	M
ES	JoséEnriqueSerranoMartínez	Serrano Martínez, José Enrique	M
ES	JoséFranciscoDuqueMorán	Duque Morán, José Francisco	M
ES	JoséGuiraoCabrera	Guirao Cabrera, José	M
ES	JoséIgnacioEchánizSalgado	Echániz Salgado, José Ignacio	M
ES	JoséIgnacioLlorensTorres	Llorens Torres, José Ignacio	M
ES	JoséIgnacioPrendesPrendes	Prendes Prendes, José Ignacio	M
ES	JoséIgnacioRomaníCantera	Romaní Cantera, José Ignacio	M
ES	JoséIgnacioSánchezAmor	Sánchez Amor, José Ignacio	M
ES	JoséIgnacioWertOrtega	Wert Ortega, José Ignacio	M
ES	JoséJaimeAlonsoDíazGuerra	Alonso Díaz-Guerra, José Jaime	M
ES	JoséJavierLasarteIribarren	Lasarte Iribarren, José Javier	M
ES	JoséJuanDíazTrillo	Díaz Trillo, José Juan	M
ES	JoséLosadaFernández	Losada Fernández, José	M
ES	JoséLuisAcevesGalindo	Aceves Galindo, José Luis	M
ES	JoséLuisBuenoPinto	Bueno Pinto, José Luis	M
ES	JoséLuisCentellaGómez	Centella Gómez, José Luis	M
ES	JoséLuisEscriváBelmonte	Escrivá Belmonte, José Luis	M
ES	JoséLuisMartínezGonzález	Martínez González, José Luis	M
ES	JoséLuisRamosRodríguez	Ramos Rodríguez, José Luis	M
ES	JoséLuisÁbalosMeco	Ábalos Meco, José Luis	M
ES	JoséLópezGarrido	López Garrido, José	M
ES	JoséManuelAlbaresBueno	Albares Bueno, José Manuel	M
ES	JoséManuelFrancoPardo	Franco Pardo, José Manuel	M
ES	JoséManuelGarcíaMargallo	García-Margallo, José Manuel	-
ES	JoséManuelGarcíaMargalloMarfil	García-Margallo Marfil, José Manuel	M
ES	JoséManuelGarcíaMargalloyMarfil	García-Margallo y Marfil, José Manuel	M
ES	JoséManuelGirelaDelaFuente	Girela De la Fuente, José Manuel	M
ES	JoséManuelRodríguezUribes	Rodríguez Uribes, José Manuel	M
ES	JoséManuelSoriaLópez	Soria López, José Manuel	M
ES	JoséManuelVillegasPérez	Villegas Pérez, José Manuel	M
ES	JoséMartínezOlmos	Martínez Olmos, José	M
ES	JoséMaríaBarredaFontes	Barreda Fontes, José María	M
ES	JoséMaríaBarriosTejero	Barrios Tejero, José María	M
ES	JoséMaríaBeneytoPérez	Beneyto Pérez, José María	M
ES	JoséMaríaChiquilloBarber	Chiquillo Barber, José María	M
ES	JoséMaríaEspejoSaavedraConesa	Espejo-Saavedra Conesa, José María	M
ES	JoséMaríaFerraTerrasa	Ferra Terrasa, José María	M
ES	JoséMaríaFigaredoÁlvarezSala	Figaredo Álvarez-Sala, José María	M
ES	JoséMaríaGarcíaUrbano	García Urbano, José María	M
ES	JoséMaríaMazónRamos	Mazón Ramos, José María	M
ES	JoséMaríaSánchezGarcía	Sánchez García, José María	M
ES	JoséMiguelCamachoSánchez	Camacho Sánchez, José Miguel	M
ES	JoséMiguelCastilloCalvín	Castillo Calvín, José Miguel	M
ES	JoséMiguelRuanoLeón	Ruano León, José Miguel	M
ES	JoséMiñones	Miñones, José	-
ES	JoséOrtizGalván	Ortiz Galván, José	M
ES	JoséRamírezDelRío	Ramírez Del Río, José	M
ES	JoséRamónGarcíaCañal	García Cañal, José Ramón	M
ES	JoséRamónGarcíaHernández	García Hernández, José Ramón	M
ES	JoséRamónOrtegaDomínguez	Ortega Domínguez, José Ramón	M
ES	JoséSeguraClavell	Segura Clavell, José	M
ES	JoséVicenteMaríBosó	Marí Bosó, José Vicente	M
ES	JoséZaragozaAlonso	Zaragoza Alonso, José	M
ES	JoséÁngelAlonsoPérez	Alonso Pérez, José Ángel	M
ES	JuanAntonioCallejasCano	Callejas Cano, Juan Antonio	M
ES	JuanAntonioDelgadoRamos	Delgado Ramos, Juan Antonio	M
ES	JuanAntonioLópezDeUraldeGarmendia	López De Uralde Garmendia, Juan Antonio	M
ES	JuanBernardoFuentesCurbelo	Fuentes Curbelo, Juan Bernardo	M
ES	JuanBertomeuBertomeu	Bertomeu Bertomeu, Juan	M
ES	JuanBravoBaena	Bravo Baena, Juan	M
ES	JuanCarlosCampoMoreno	Campo Moreno, Juan Carlos	M
ES	JuanCarlosCorcueraPlaza	Corcuera Plaza, Juan Carlos	M
ES	JuanCarlosGirautaVidal	Girauta Vidal, Juan Carlos	M
ES	JuanCarlosGrauReinés	Grau Reinés, Juan Carlos	M
ES	JuanCarlosSeguraJust	Segura Just, Juan Carlos	M
ES	JuanCarlosVeraPró	Vera Pró, Juan Carlos	M
ES	JuanCuatrecasasAsua	Cuatrecasas Asua, Juan	M
ES	JuanDeDiosRuanoGómez	Ruano Gómez, Juan De Dios	M
ES	JuanDiegoRequenaRuiz	Requena Ruiz, Juan Diego	M
ES	JuanIgnacioLópezBasValero	López-Bas Valero, Juan Ignacio	M
ES	JuanIgnacioZoidoÁlvarez	Zoido Álvarez, Juan Ignacio	M
ES	JuanJiménezTortosa	Jiménez Tortosa, Juan	M
ES	JuanJoséAizcorbeTorra	Aizcorbe Torra, Juan José	M
ES	JuanJoséMataríSáez	Matarí Sáez, Juan José	M
ES	JuanJoséMolinaGallardo	Molina Gallardo, Juan José	M
ES	JuanLuisGordoPérez	Gordo Pérez, Juan Luis	M
ES	JuanLuisPedreñoMolina	Pedreño Molina, Juan Luis	M
ES	JuanLuisSotoBurillo	Soto Burillo, Juan Luis	M
ES	JuanLuisSteegmannOlmedillas	Steegmann Olmedillas, Juan Luis	M
ES	JuanManuelAlbendeaPabón	Albendea Pabón, Juan Manuel	M
ES	JuanManuelConstenlaCarbón	Constenla Carbón, Juan Manuel	M
ES	JuanManuelDelOlmoIbáñez	Del Olmo Ibáñez, Juan Manuel	M
ES	JuanManuelJuncalRodríguez	Juncal Rodríguez, Juan Manuel	M
ES	JuanManuelLafuenteMir	Lafuente Mir, Juan Manuel	M
ES	JuanMoscosoDelPradoHernández	Moscoso Del Prado Hernández, Juan	M
ES	JuanPedroYllanesSuárez	Yllanes Suárez, Juan Pedro	M
ES	JuanVicentePérezAras	Pérez Aras, Juan Vicente	M
ES	JuanaAmaliaRodríguezHernández	Rodríguez Hernández, Juana Amalia	F
ES	JuliDalmauDeMata	Dalmau De Mata, Juli	M
ES	JulioDelValleDeIscar	Del Valle De Iscar, Julio	M
ES	JulioJesúsDíazRobledo	Díaz Robledo, Julio Jesús	M
ES	JulioLleonartCrespo	Lleonart Crespo, Julio	M
ES	JulioNavalpotroGómez	Navalpotro Gómez, Julio	M
ES	JulioUtrillaCano	Utrilla Cano, Julio	M
ES	JulioVillarrubiaMediavilla	Villarrubia Mediavilla, Julio	M
ES	JuliánLópezMilla	López Milla, Julián	M
ES	KissyChandiramaniRamesh	Chandiramani Ramesh, Kissy	F
ES	KoldoMartínezUrionabarrenetxea	Martínez Urionabarrenetxea, Koldo	M
ES	LaiaCañigueralOlivé	Cañigueral Olivé, Laia	F
ES	LaiaOrtizCastellví	Ortiz Castellví, Laia	F
ES	LauraBerjaVega	Berja Vega, Laura	F
ES	LauraBorràsCastanyer	Borràs Castanyer, Laura	F
ES	LauraCarmenSearaSobrado	Seara Sobrado, Laura Carmen	F
ES	LauraLópezDomínguez	López Domínguez, Laura	F
ES	LeireIglesiasSantiago	Iglesias Santiago, Leire	F
ES	LeopoldoBarredaDeLosRíos	Barreda De Los Ríos, Leopoldo	M
ES	LlanosDeLunaTobarra	De Luna Tobarra, Llanos	F
ES	LolyDeJuanMiguel	De Juan Miguel, Loly	F
ES	LorieLorie	Lorie, Lorie	U
ES	LourdesCiuróiBuldó	Ciuró i Buldó, Lourdes	F
ES	LourdesMuñozSantamaría	Muñoz Santamaría, Lourdes	F
ES	LourdesMéndezMonasterio	Méndez Monasterio, Lourdes	F
ES	LucAndreDioufDioh	Diouf Dioh, Luc Andre	M
ES	LucilaCorralRuiz	Corral Ruiz, Lucila	F
ES	LucíaMartínGonzález	Martín González, Lucía	F
ES	LucíaMuñozDalda	Muñoz Dalda, Lucía	F
ES	LuisBail	Bail, Luis	M
ES	LuisCarlosSahuquilloGarcía	Sahuquillo García, Luis Carlos	M
ES	LuisDeGuindosJurado	Guindos Jurado, Luis De	M
ES	LuisGestosoDeMiguel	Gestoso De Miguel, Luis	M
ES	LuisManuelÁlvarezMartínez	Álvarez Martínez, Luis Manuel	M
ES	LuisMiguelSalvadorGarcía	Salvador García, Luis Miguel	M
ES	LuisPlanasPuchades	Planas Puchades, Luis	M
ES	LuisSantamaríaRuiz	Santamaría Ruiz, Luis	M
ES	LuisdeGuindos	Guindos, Luis de	-
ES	LázaroAzorínSalar	Azorín Salar, Lázaro	M
ES	LídiaGuinartMoreno	Guinart Moreno, Lídia	F
ES	MacarenaMontesinosDeMiguel	Montesinos De Miguel, Macarena	F
ES	MacarenaOlonaChoclán	Olona Choclán, Macarena	F
ES	MagdalenaValerioCordero	Valerio Cordero, Magdalena	F
ES	MaitaneIpiñazarMiranda	Ipiñazar Miranda, Maitane	F
ES	MaiteArizteguiLarrañaga	Ariztegui Larrañaga, Maite	F
ES	ManuelAndrésGonzálezRivera	González Rivera, Manuel Andrés	M
ES	ManuelArribasMaroto	Arribas Maroto, Manuel	M
ES	ManuelBlascoMarqués	Blasco Marqués, Manuel	M
ES	ManuelCastellsOliván	Castells Oliván, Manuel	M
ES	ManuelCruzRodríguez	Cruz Rodríguez, Manuel	M
ES	ManuelDelaRochaRubí	De la Rocha Rubí, Manuel	M
ES	ManuelGabrielGonzálezRamos	González Ramos, Manuel Gabriel	M
ES	ManuelLuisTorresHerrera	Torres Herrera, Manuel Luis	M
ES	ManuelMariscalZabala	Mariscal Zabala, Manuel	M
ES	ManuelMataGómez	Mata Gómez, Manuel	M
ES	ManuelMestreBarea	Mestre Barea, Manuel	M
ES	ManuelMonereoPérez	Monereo Pérez, Manuel	M
ES	ManuelPezziCereto	Pezzi Cereto, Manuel	M
ES	ManuelTorresFernández	Torres Fernández, Manuel	M
ES	MarCoteloBalmaseda	Cotelo Balmaseda, Mar	F
ES	MarcLamuàEstañol	Lamuà Estañol, Marc	M
ES	MarcSolsonaAixalà	Solsona Aixalà, Marc	M
ES	MarceloExpósitoPrieto	Expósito Prieto, Marcelo	M
ES	MarcialGómezBalsera	Gómez Balsera, Marcial	M
ES	MarcosDeQuintoRomero	De Quinto Romero, Marcos	M
ES	MargaritaProhensRigo	Prohens Rigo, Margarita	F
ES	MargaritaPérezHerraiz	Pérez Herraiz, Margarita	F
ES	MargaritaRoblesFernández	Robles Fernández, Margarita	F
ES	MariaCarmeSayósiMotilla	Sayós i Motilla, Maria Carme	F
ES	MarianBeitialarrangoitiaLizarralde	Beitialarrangoitia Lizarralde, Marian	F
ES	MarianaDeGraciaCanalesDuque	Canales Duque, Mariana De Gracia	F
ES	MarianoPérezHickmanSilván	Pérez-Hickman Silván, Mariano	M
ES	MarianoRajoyBrey	Rajoy Brey, Mariano	M
ES	MarianoSánchezEscobar	Sánchez Escobar, Mariano	M
ES	MaribelGarcíaLópez	García López, Maribel	F
ES	MarioBederaBravo	Bedera Bravo, Mario	M
ES	MarioCortésCarballo	Cortés Carballo, Mario	M
ES	MarioFranciscoJoséFloresLanuza	Flores Lanuza, Mario Francisco José	M
ES	MarioGarcésSanagustín	Garcés Sanagustín, Mario	M
ES	MarioMingoZapatero	Mingo Zapatero, Mario	M
ES	MarionaIllamolaDausà	Illamola Dausà, Mariona	F
ES	MarisaDeSimónCaballero	De Simón Caballero, Marisa	F
ES	MarisaSaavedraMuñoz	Saavedra Muñoz, Marisa	F
ES	MarisolSánchezJódar	Sánchez Jódar, Marisol	F
ES	MartaGonzálezVázquez	González Vázquez, Marta	F
ES	MartaMartínLlaguno	Martín Llaguno, Marta	F
ES	MartaMaríaRiveraDelaCruz	Rivera De la Cruz, Marta María	F
ES	MartaRibasFrías	Ribas Frías, Marta	F
ES	MartaRosiqueiSaltor	Rosique i Saltor, Marta	F
ES	MartaSibinaCamps	Sibina Camps, Marta	F
ES	MartaSorlíFresquet	Sorlí Fresquet, Marta	F
ES	MartaTorradoDeCastro	Torrado De Castro, Marta	F
ES	MartinaVelardeGómez	Velarde Gómez, Martina	F
ES	MartíBarberàiMontserrat	Barberà i Montserrat, Martí	M
ES	MartínFernándezPrado	Fernández Prado, Martín	M
ES	MaríaAngelinaCostaPalacios	Costa Palacios, María Angelina	F
ES	MaríaArenalesSerranoArgüello	Serrano Argüello, María Arenales	F
ES	MaríaAránzazuGonzálezLaya	González Laya, María Aránzazu	F
ES	MaríaAránzazuMiguélezPariente	Miguélez Pariente, María Aránzazu	F
ES	MaríaAscensiónCarreñoFernández	Carreño Fernández, María Ascensión	F
ES	MaríaAscensiónFigueresGórriz	Figueres Górriz, María Ascensión	F
ES	MaríaAsunciónJacobaPíaDelaConchaGarcíaMauriño	De la Concha García-Mauriño, María Asunción Jacoba Pía	F
ES	MaríaAuroraFlórezRodríguez	Flórez Rodríguez, María Aurora	F
ES	MaríaAuxiliadoraHonoratoChulián	Honorato Chulián, María Auxiliadora	F
ES	MaríaAuxiliadoraPérezDíaz	Pérez Díaz, María Auxiliadora	F
ES	MaríaCaridadGarcíaÁlvarez	García Álvarez, María Caridad	F
ES	MaríaCarmenIglesiasCamarero	Iglesias Camarero, María Carmen	F
ES	MaríaCarmenMartínezGranados	Martínez Granados, María Carmen	F
ES	MaríaCarmenSánchezDíaz	Sánchez Díaz, María Carmen	F
ES	MaríaCarvalhoDantas	Carvalho Dantas, María	F
ES	MaríaConcepcióTarruellaTomás	Tarruella Tomás, María Concepció	F
ES	MaríaConsueloRumíIbáñez	Rumí Ibáñez, María Consuelo	F
ES	MaríaDeLaCabezaRuizSolás	Ruiz Solás, María De La Cabeza	F
ES	MaríaDeLaORedondoCalvillo	Redondo Calvillo, María De La O	F
ES	MaríaDeLaPazDelMoralMilla	Del Moral Milla, María, De La Paz	F
ES	MaríaDeLasMercedesGámezGarcía	Gámez García, María De Las Mercedes	F
ES	MaríaDeLosReyesRomeroVilches	Romero Vilches, María De Los Reyes	F
ES	MaríaDelCarmenDueñasMartínez	Dueñas Martínez, María Del Carmen	F
ES	MaríaDelCarmenDuquePalacios	Duque Palacios, María Del Carmen	F
ES	MaríaDelCarmenGonzálezGuinda	González Guinda, María Del Carmen	F
ES	MaríaDelCarmenHernándezBento	Hernández Bento, María Del Carmen	F
ES	MaríaDelCarmenNavarroCruz	Navarro Cruz, María Del Carmen	F
ES	MaríaDelCarmenPitaCárdenes	Pita Cárdenes, María Del Carmen	F
ES	MaríaDelCarmenQuintanillaBarba	Quintanilla Barba, María Del Carmen	F
ES	MaríaDelCarmenRodríguezManiega	Rodríguez Maniega, María Del Carmen	F
ES	MaríaDelCarmenSilvaRego	Silva Rego, María Del Carmen	F
ES	MaríaDelMarArnaizGarcía	Arnaiz García, María Del Mar	F
ES	MaríaDelMarGarcíaPuig	García Puig, María Del Mar	F
ES	MaríaDelMarRomingueraSalazar	Rominguera Salazar, María Del Mar	F
ES	MaríaDelMarSánchezMuñoz	Sánchez Muñoz, María Del Mar	F
ES	MaríaDelMarVaqueroPeriánez	Vaquero Periánez, María Del Mar	F
ES	MaríaDelPuertoGallegoArriola	Gallego Arriola, María Del Puerto	F
ES	MaríaDelRocíoDeFrutosMadrazo	De Frutos Madrazo, María Del Rocío	F
ES	MaríaDoloresAlbaMullor	Alba Mullor, María Dolores	F
ES	MaríaDoloresArteagaEspinosaDeLosMonteros	Arteaga Espinosa De Los Monteros, María Dolores	F
ES	MaríaDoloresBolarínSánchez	Bolarín Sánchez, María Dolores	F
ES	MaríaDoloresCarcedoGarcía	Carcedo García, María Dolores	F
ES	MaríaDoloresDeCospedalGarcía	De Cospedal García, María Dolores	F
ES	MaríaDoloresGalovartCarrera	Galovart Carrera, María Dolores	F
ES	MaríaDoloresMarcosMoyano	Marcos Moyano, María Dolores	F
ES	MaríaDoloresNarváezBandera	Narváez Bandera, María Dolores	F
ES	MaríaElviraRodríguezHerrer	Rodríguez Herrer, María Elvira	F
ES	MaríaEugeniaRomeroRodríguez	Romero Rodríguez, María Eugenia	F
ES	MaríaFelicidadRodríguezSánchez	Rodríguez Sánchez, María Felicidad	F
ES	MaríaFernándezPérez	Fernández Pérez, María	M
ES	MaríaFreixanetMateo	Freixanet Mateo, María	F
ES	MaríaFátimaBáñezGarcía	Báñez García, María Fátima	F
ES	MaríaGloriaElizoSerrano	Elizo Serrano, María Gloria	F
ES	MaríaGonzálezVeracruz	González Veracruz, María	F
ES	MaríaGuadalupeGonzálezTaño	González Taño, María Guadalupe	F
ES	MaríaGuadalupeMartínGonzález	Martín González, María Guadalupe	F
ES	MaríaGuijarroCeballos	Guijarro Ceballos, María	F
ES	MaríaHerreroHerrero	Herrero Herrero, María	F
ES	MaríaInmaculadaOriaLópez	Oria López, María Inmaculada	F
ES	MaríaIsabelLópeziChamosa	López i Chamosa, María Isabel	F
ES	MaríaIsabelPozueloMeño	Pozuelo Meño, María Isabel	F
ES	MaríaIsabelSaludAreste	Salud Areste, María Isabel	F
ES	MaríaJesúsBonillaDomínguez	Bonilla Domínguez, María Jesús	F
ES	MaríaJesúsMonteroCuadrado	Montero Cuadrado, María Jesús	F
ES	MaríaJesúsMoroAlmaraz	Moro Almaraz, María Jesús	F
ES	MaríaJesúsSerranoJiménez	Serrano Jiménez, María Jesús	F
ES	MaríaJesúsSusinosTarrero	Susinos Tarrero, María Jesús	F
ES	MaríaJoséGarcíaPelayoJurado	García-Pelayo Jurado, María José	F
ES	MaríaJoséRodríguezRamírez	Rodríguez Ramírez, María José	F
ES	MaríaJoséVázquezMorillo	Vázquez Morillo, María José	F
ES	MaríaLuisaCarcedoRoces	Carcedo Roces, María Luisa	F
ES	MaríaLuisaDomínguezGonzález	Domínguez González, María Luisa	F
ES	MaríaLuisaFanecaLópez	Faneca López, María Luisa	F
ES	MaríaLuisaGarcíaGurrutxaga	García Gurrutxaga, María Luisa	F
ES	MaríaLuisaSánchezTrancoso	Sánchez Trancoso, María Luisa	F
ES	MaríaLuisaVilchesRuiz	Vilches Ruiz, María Luisa	F
ES	MaríaLuzBajoPrieto	Bajo Prieto, María Luz	F
ES	MaríaLuzMartínezSeijo	Martínez Seijo, María Luz	F
ES	MaríaLuzRodríguezFernández	Rodríguez Fernández, María Luz	F
ES	MaríaMagdalenaNevadoDelCampo	Nevado Del Campo, María Magdalena	F
ES	MaríaMarBlancoGarrido	Blanco Garrido, María Mar	F
ES	MaríaMaríMartínez	Marí Martínez, María	F
ES	MaríaMercedesPérezMerino	Pérez Merino, María Mercedes	F
ES	MaríaMercèPereaiConillas	Perea i Conillas, María Mercè	F
ES	MaríaMontserratGarcíaChavarría	García Chavarría, María Montserrat	F
ES	MaríaMuñozVidal	Muñoz Vidal, María	F
ES	MaríaMárquezGuerrero	Márquez Guerrero, María	F
ES	MaríaMárquezRomero	Márquez Romero, María	F
ES	MaríaNuriaRieraiMartos	Riera i Martos, María Nuria	F
ES	MaríaOlaiaFernándezDavila	Fernández Davila, María Olaia	F
ES	MaríaOlgaAlonsoSuárez	Alonso Suárez, María Olga	F
ES	MaríaPazLagoMartínez	Lago Martínez, María Paz	F
ES	MaríaPilarAlegríaContinente	Alegría Continente, María Pilar	F
ES	MaríaPilarArdanzaUribarren	Ardanza Uribarren, María Pilar	F
ES	MaríaPilarBarreiroÁlvarez	Barreiro Álvarez, María Pilar	F
ES	MaríaPilarLucioCarrasco	Lucio Carrasco, María Pilar	F
ES	MaríaRosaMartínezRodríguez	Martínez Rodríguez, María Rosa	F
ES	MaríaSandraJuliàJulià	Julià Julià, María Sandra	F
ES	MaríaSandraMoneoDíez	Moneo Díez, María Sandra	F
ES	MaríaSoledadCruzGuzmánGarcía	Cruz-Guzmán García, María Soledad	F
ES	MaríaSoledadPérezDomínguez	Pérez Domínguez, María Soledad	F
ES	MaríaSorayaRodríguezRamos	Rodríguez Ramos, María Soraya	F
ES	MaríaSorayaSáenzDeSantamaríaAntón	Sáenz De Santamaría Antón, María Soraya	F
ES	MaríaSuchPalomares	Such Palomares, María	F
ES	MaríaTamaraRayaRodríguez	Raya Rodríguez, María Tamara	F
ES	MaríaTeresaAnguloRomero	Angulo Romero, María Teresa	F
ES	MaríaTeresaArévaloCaraballo	Arévalo Caraballo, María Teresa	F
ES	MaríaTeresaDeLaraCarbó	De Lara Carbó, María Teresa	F
ES	MaríaTeresaJiménezBecerrilBarrios	Jiménez-Becerril Barrios, María Teresa	F
ES	MaríaTeresaLópezÁlvarez	López Álvarez, María Teresa	F
ES	MaríaTeresaMalladaDeCastro	Mallada De Castro, María Teresa	F
ES	MaríaTeresaMartínPozo	Martín Pozo, María Teresa	F
ES	MaríaTeresaRodríguezBarahona	Rodríguez Barahona, María Teresa	F
ES	MaríaTorresTejada	Torres Tejada, María	F
ES	MaríaValentinaMartínezFerro	Martínez Ferro, María Valentina	F
ES	MaríaVictoriaRosellAguilar	Rosell Aguilar, María Victoria	F
ES	MaríaVirginiaMillánSalmerón	Millán Salmerón, María Virginia	F
ES	MaríaVirtudesMonteserínRodríguez	Monteserín Rodríguez, María Virtudes	F
ES	MaríaYolandaVallésCases	Vallés Cases, María Yolanda	F
ES	MaríaÁngelesEstellerRuedas	Esteller Ruedas, María Ángeles	F
ES	MaríaÁngelesMarraDomínguez	Marra Domínguez, María Ángeles	F
ES	MaríaÁngelesRosadoPeinado	Rosado Peinado, María Ángeles	F
ES	MateoLunaAlcaide	Luna Alcaide, Mateo	M
ES	MatildePastoraAsianGonzález	Asian González, Matilde Pastora	F
ES	MelisaRodríguezHernández	Rodríguez Hernández, Melisa	F
ES	MercedesJaraMoreno	Jara Moreno, Mercedes	F
ES	MeritxellBatetLamaña	Batet Lamaña, Meritxell	F
ES	MertxeAizpuruaArzallus	Aizpurua Arzallus, Mertxe	F
ES	MicaelaNavarroGarzón	Navarro Garzón, Micaela	F
ES	MiguelAnxoFernándezBello	Fernández Bello, Miguel Anxo	M
ES	MiguelAriasCañete	Cañete, Miguel Arias	-
ES	MiguelBarrachinaRos	Barrachina Ros, Miguel	M
ES	MiguelLorenzoTorres	Lorenzo Torres, Miguel	M
ES	MiguelSánchezLópez	Sánchez López, Miguel	M
ES	MiguelVilaGómez	Vila Gómez, Miguel	M
ES	MiguelÁngelBustamanteMartín	Bustamante Martín, Miguel Ángel	M
ES	MiguelÁngelCastellónRubio	Castellón Rubio, Miguel Ángel	M
ES	MiguelÁngelGarauletRodríguez	Garaulet Rodríguez, Miguel Ángel	M
ES	MiguelÁngelGonzálezCaballero	González Caballero, Miguel Ángel	M
ES	MiguelÁngelGutiérrezVivas	Gutiérrez Vivas, Miguel Ángel	M
ES	MiguelÁngelHerediaDíaz	Heredia Díaz, Miguel Ángel	M
ES	MiguelÁngelJerezJuan	Jerez Juan, Miguel Ángel	M
ES	MiguelÁngelPaniaguaNúñez	Paniagua Núñez, Miguel Ángel	M
ES	MiguelÁngelQuintanillaNavarro	Quintanilla Navarro, Miguel Ángel	M
ES	MiguelÁngelRuizOrtiz	Ruiz Ortiz, Miguel Ángel	M
ES	MiguelÁngelVisoDiéguez	Viso Diéguez, Miguel Ángel	M
ES	MikelBuilGarcía	Buil García, Mikel	M
ES	MikelLegardaUriarte	Legarda Uriarte, Mikel	M
ES	MilagrosMarcosOrtega	Marcos Ortega, Milagros	F
ES	MiquelOctaviIcetaiLlorens	Iceta i Llorens, Miquel Octavi	M
ES	MireiaBorrásPabón	Borrás Pabón, Mireia	F
ES	MireiaVehíCantenys	Vehí Cantenys, Mireia	F
ES	MiriamAlconchelGonzaga	Alconchel Gonzaga, Miriam	F
ES	MiriamGuadalupeBlascoSoto	Blasco Soto, Miriam Guadalupe	F
ES	MohammedChaibAkhdim	Chaib Akhdim, Mohammed	M
ES	MontseMínguezGarcía	Mínguez García, Montse	F
ES	MontserratBassaColl	Bassa Coll, Montserrat	F
ES	MontserratSurrocaiComas	Surroca i Comas, Montserrat	F
ES	MàximHuerta	Huerta, Màxim	-
ES	MíriamNoguerasiCamero	Nogueras i Camero, Míriam	F
ES	MónicaRaquelPérezSerna	Pérez Serna, Mónica Raquel	F
ES	MónicaSilvanaGonzálezGonzález	González González, Mónica Silvana	F
ES	NadiaCalviñoSantamaría	Calviño Santamaría, Nadia	F
ES	NataliaGonzálezPeláez	González Peláez, Natalia	F
ES	NatividadGonzálezLaso	González Laso, Natividad	F
ES	NayuaMiriamAlbaGoveli	Alba Goveli, Nayua Miriam	F
ES	NoeliaCoboPérez	Cobo Pérez, Noelia	F
ES	NoeliaVeraRuízHerrera	Vera Ruíz-Herrera, Noelia	F
ES	NoemíVillagrasaQuero	Villagrasa Quero, Noemí	F
ES	NormaPujoliFarré	Pujol i Farré, Norma	F
ES	NuriaMedinaSantos	Medina Santos, Nuria	F
ES	NéstorRegoCandamil	Rego Candamil, Néstor	M
ES	OdónElorzaGonzález	Elorza González, Odón	M
ES	OfeliaMaríaDelCristoReyesMiranda	Reyes Miranda, Ofelia María Del Cristo	F
ES	OmarAnguitaPérez	Anguita Pérez, Omar	M
ES	OnintzaEnbeitaMaguregi	Enbeita Maguregi, Onintza	F
ES	OnofreMirallesMartín	Miralles Martín, Onofre	M
ES	OrlenaMaríaMiguelMuñoz	Miguel Muñoz, Orlena María	F
ES	OskarMatuteGarcíaDeJalón	Matute García De Jalón, Oskar	M
ES	OvidioZapicoGonzález	Zapico González, Ovidio	M
ES	PabloAzconaMolinet	Azcona Molinet, Pablo	M
ES	PabloBaenaPedrosa	Baena Pedrosa, Pablo	M
ES	PabloBellidoAcevedo	Bellido Acevedo, Pablo	M
ES	PabloBustinduyAmador	Bustinduy Amador, Pablo	M
ES	PabloCambroneroPiqueras	Cambronero Piqueras, Pablo	M
ES	PabloCasadoBlanco	Casado Blanco, Pablo	M
ES	PabloEcheniqueRobba	Echenique Robba, Pablo	M
ES	PabloGutiérrezDeCabiedesHidalgoDeCaviedes	Gutiérrez De Cabiedes Hidalgo De Caviedes, Pablo	M
ES	PabloHispánIglesiasDeUssel	Hispán Iglesias De Ussel, Pablo	M
ES	PabloIglesiasTurrión	Iglesias Turrión, Pablo	M
ES	PabloJesúsJiménezFernández	Jiménez Fernández, Pablo Jesús	M
ES	PabloJuanCalvoListe	Calvo Liste, Pablo Juan	M
ES	PabloMartínPeré	Martín Peré, Pablo	M
ES	PabloMatosMascareño	Matos Mascareño, Pablo	M
ES	PabloMontesinosAguayo	Montesinos Aguayo, Pablo	M
ES	PabloSáezAlonsoMuñumer	Sáez Alonso-Muñumer, Pablo	M
ES	PabloYañezGonzález	Yañez González, Pablo	M
ES	PalomaGázquezCollado	Gázquez Collado, Paloma	F
ES	PatriciaBlanquerAlcaraz	Blanquer Alcaraz, Patricia	F
ES	PatriciaDeLasHerasFernández	De Las Heras Fernández, Patricia	F
ES	PatriciaHernándezGutiérrez	Hernández Gutiérrez, Patricia	F
ES	PatriciaReyesRivera	Reyes Rivera, Patricia	F
ES	PatriciaRuedaPerelló	Rueda Perelló, Patricia	F
ES	PatriciaSierraRojas	Sierra Rojas, Patricia	F
ES	PatxiLópezÁlvarez	López Álvarez, Patxi	M
ES	PauMaríKlose	Marí Klose, Pau	M
ES	PedroAcedoPenco	Acedo Penco, Pedro	M
ES	PedroAntonioHonrubiaHurtado	Honrubia Hurtado, Pedro Antonio	M
ES	PedroArrojoAgudo	Arrojo Agudo, Pedro	M
ES	PedroCasaresHontañón	Casares Hontañón, Pedro	M
ES	PedroDuqueDuque	Duque Duque, Pedro	M
ES	PedroFernándezHernández	Fernández Hernández, Pedro	M
ES	PedroJesúsRequejoNovoa	Requejo Novoa, Pedro Jesús	M
ES	PedroJoséHernandoGarcía	Hernando García, Pedro José	M
ES	PedroJoséMuñozGonzález	Muñoz González, Pedro José	M
ES	PedroMaríaAzpiazuUriarte	Azpiazu Uriarte, Pedro María	M
ES	PedroMorenésEulate	Morenés Eulate, Pedro	M
ES	PedroNavarroLópez	Navarro López, Pedro	M
ES	PedroQuevedoIturbe	Quevedo Iturbe, Pedro	M
ES	PedroRamónGómezDelaSernayVillacieros	Gómez De la Serna y Villacieros, Pedro Ramón	M
ES	PedroSauraGarcía	Saura García, Pedro	M
ES	PedroSánchezPérezCastejón	Sánchez Pérez-Castejón, Pedro	M
ES	PercivalManglanoAlbacar	Manglano Albacar, Percival	M
ES	PereJoanPonsSampietro	Pons Sampietro, Pere Joan	M
ES	PereMaciasiArau	Macias i Arau, Pere	M
ES	PilarAlegríaContinente	Alegría Continente, Pilar	F
ES	PilarCalvoGómez	Calvo Gómez, Pilar	F
ES	PilarCancelaRodríguez	Cancela Rodríguez, Pilar	F
ES	PilarCortésBureta	Cortés Bureta, Pilar	F
ES	PilarGarridoGutiérrez	Garrido Gutiérrez, Pilar	F
ES	PilarGrandePesquero	Grande Pesquero, Pilar	F
ES	PilarLlopCuenca	Llop Cuenca, Pilar	F
ES	PilarMarcosDomínguez	Marcos Domínguez, Pilar	F
ES	PilarRojoNoguera	Rojo Noguera, Pilar	F
ES	PilarVallugeraBalañà	Vallugera Balañà, Pilar	F
ES	RafaelAntonioHernandoFraile	Hernando Fraile, Rafael Antonio	M
ES	RafaelCalduchCervera	Calduch Cervera, Rafael	M
ES	RafaelCataláPolo	Catalá Polo, Rafael	M
ES	RafaelFernándezLomanaGutiérrez	Fernández-Lomana Gutiérrez, Rafael	M
ES	RafaelJoséVélez	José Vélez, Rafael	M
ES	RafaelLarreinaValderrama	Larreina Valderrama, Rafael	M
ES	RafaelMayoralPerales	Mayoral Perales, Rafael	M
ES	RafaelMerinoLópez	Merino López, Rafael	M
ES	RafaelSimancasSimancas	Simancas Simancas, Rafael	M
ES	RafaelaCrespínRubio	Crespín Rubio, Rafaela	F
ES	RaimundoViejoViñas	Viejo Viñas, Raimundo	M
ES	RamónAguirreRodríguez	Aguirre Rodríguez, Ramón	M
ES	RamónMorenoBustos	Moreno Bustos, Ramón	M
ES	RaquelAlonsoHernández	Alonso Hernández, Raquel	F
ES	RaquelPedrajaSáinz	Pedraja Sáinz, Raquel	F
ES	RaquelSánchezJiménez	Sánchez Jiménez, Raquel	F
ES	RaúlDíazMarín	Díaz Marín, Raúl	M
ES	ReyesMarotoIllera	Maroto Illera, Reyes	F
ES	RicardoAntonioGarcíaMira	García Mira, Ricardo Antonio	M
ES	RicardoChamorroDelmo	Chamorro Delmo, Ricardo	M
ES	RicardoCortésLastra	Cortés Lastra, Ricardo	M
ES	RicardoSixtoIglesias	Sixto Iglesias, Ricardo	M
ES	RicardoTarnoBlanco	Tarno Blanco, Ricardo	M
ES	RitaGertrudisBosahoGori	Bosaho Gori, Rita Gertrudis	F
ES	RobertoGarcíaMorís	García Morís, Roberto	M
ES	RobertoUriarteTorrealday	Uriarte Torrealday, Roberto	M
ES	RocíoDeMeerMéndez	De Meer Méndez, Rocío	F
ES	RocíoLópezGonzález	López González, Rocío	F
ES	RodrigoGómezGarcía	Gómez García, Rodrigo	M
ES	RodrigoJiménezRevuelta	Jiménez Revuelta, Rodrigo	M
ES	RománEscolanoOlivares	Escolano Olivares, Román	M
ES	RománRuizLlamas	Ruiz Llamas, Román	M
ES	RosaAguilarRivero	Aguilar Rivero, Rosa	F
ES	RosaAnaAlonsoClusa	Alonso Clusa, Rosa Ana	F
ES	RosaDeliaBlancoTerán	Blanco Terán, Rosa Delia	F
ES	RosaDávilaMamely	Dávila Mamely, Rosa	F
ES	RosaMarCañizaresCabezas	Cañizares Cabezas, Rosa Mar	F
ES	RosaMaríaDíezGonzález	Díez González, Rosa María	F
ES	RosaMaríaMedelPérez	Medel Pérez, Rosa María	F
ES	RosaMaríaRomeroSánchez	Romero Sánchez, Rosa María	F
ES	RosanaPastorMuñoz	Pastor Muñoz, Rosana	F
ES	RosanaPérezFernández	Pérez Fernández, Rosana	F
ES	RoserMaestroMoliner	Maestro Moliner, Roser	F
ES	RubénDaríoVegaArias	Vega Arias, Rubén Darío	M
ES	RubénMartínezDalmau	Martínez Dalmau, Rubén	M
ES	RubénMorenoPalanques	Moreno Palanques, Rubén	M
ES	RubénSilvanoMansoOlivar	Manso Olivar, Rubén Silvano	M
ES	RufinoSelvaGuerrero	Selva Guerrero, Rufino	M
ES	SabinoCuadraLasarte	Cuadra Lasarte, Sabino	M
ES	SalvadorAntonioDelaEncinaOrtega	De la Encina Ortega, Salvador Antonio	M
ES	SalvadorIllaRoca	Illa Roca, Salvador	M
ES	SalvadorMilàiSolsona	Milà i Solsona, Salvador	M
ES	SandraGuaitaEsteruelas	Guaita Esteruelas, Sandra	F
ES	SantiagoAbascalConde	Abascal Conde, Santiago	M
ES	SantiagoPérezLópez	Pérez López, Santiago	M
ES	SantosCerdánLeón	Cerdán León, Santos	M
ES	SaraCarreñoValero	Carreño Valero, Sara	F
ES	SaraGiménezGiménez	Giménez Giménez, Sara	F
ES	SaúlRamírezFreire	Ramírez Freire, Saúl	M
ES	SebastiánFranquisVera	Franquis Vera, Sebastián	M
ES	SebastiánJesúsLedesmaMartín	Ledesma Martín, Sebastián Jesús	M
ES	SebastiánSagrerasBallester	Sagreras Ballester, Sebastián	M
ES	SegundoGonzálezGarcía	González García, Segundo	M
ES	SergiMiqueliValentí	Miquel i Valentí, Sergi	M
ES	SergioDelCampoEstaún	Del Campo Estaún, Sergio	M
ES	SergioGutiérrezPrieto	Gutiérrez Prieto, Sergio	M
ES	SergioPascualPeña	Pascual Peña, Sergio	M
ES	SergioSayasLópez	Sayas López, Sergio	M
ES	SilviaHerediaMartín	Heredia Martín, Silvia	F
ES	SilviaOñateMoya	Oñate Moya, Silvia	F
ES	SilviaValmañaOchaíta	Valmaña Ochaíta, Silvia	F
ES	SofíaFernándezCastañón	Fernández Castañón, Sofía	F
ES	SofíaHernanzCosta	Hernanz Costa, Sofía	F
ES	SolSánchezMaroto	Sánchez Maroto, Sol	F
ES	SoledadAmadaVelascoBaides	Velasco Baides, Soledad Amada	F
ES	SoledadBecerrilBustamante	Becerril Bustamante, Soledad	F
ES	SoniaFerrerTesoro	Ferrer Tesoro, Sonia	F
ES	SoniaGuerraLópez	Guerra López, Sonia	F
ES	SorayaSáenzdeSantamaría	Santamaría, Soraya Sáenz de	-
ES	SusanaLópezAres	López Ares, Susana	F
ES	SusanaRosMartínez	Ros Martínez, Susana	F
ES	SusanaSumelzoJordán	Sumelzo Jordán, Susana	F
ES	SòniaFarréFidalgo	Farré Fidalgo, Sònia	F
ES	TeodoroGarcíaEgea	García Egea, Teodoro	M
ES	TeofiloDeLuisRodríguez	De Luis Rodríguez, Teofilo	M
ES	TeresaCunilleraiMestres	Cunillera i Mestres, Teresa	F
ES	TeresaGomisDeBarberà	Gomis De Barberà, Teresa	F
ES	TeresaJordàiRoura	Jordà i Roura, Teresa	F
ES	TeresaPalmerTous	Palmer Tous, Teresa	F
ES	TeresaRiberaRodríguez	Ribera Rodríguez, Teresa	F
ES	TeresaVallverdúiAlbornà	Vallverdú i Albornà, Teresa	F
ES	TeófilaMartínezSaiz	Martínez Saiz, Teófila	F
ES	TomásCabezónCasas	Cabezón Casas, Tomás	M
ES	TomásFernándezRíos	Fernández Ríos, Tomás	M
ES	TomásGuitarteGimeno	Guitarte Gimeno, Tomás	M
ES	TomásJavierFoleDíaz	Fole Díaz, Tomás Javier	M
ES	TrinidadJiménezGarcíaHerrera	Jiménez García-Herrera, Trinidad	F
ES	TristanaMaríaMoralejaGómez	Moraleja Gómez, Tristana María	F
ES	TxemaGuijarroGarcía	Guijarro García, Txema	M
ES	UxueBarkosBerruezo	Barkos Berruezo, Uxue	F
ES	UxíaTizónVázquez	Tizón Vázquez, Uxía	F
ES	ValentínGarcíaGómez	García Gómez, Valentín	M
ES	VicentManuelSarriàMorell	Sarrià Morell, Vicent Manuel	M
ES	VicenteAlejandroMaríTorres	Marí Torres, Vicente Alejandro	M
ES	VicenteBetoretColl	Betoret Coll, Vicente	M
ES	VicenteFerrerRoselló	Ferrer Roselló, Vicente	M
ES	VicenteMartínezPujalteLópez	Martínez-Pujalte López, Vicente	M
ES	VicenteRosellóSaus	Roselló Saus, Vicente	M
ES	VicenteTenOliver	Ten Oliver, Vicente	M
ES	VicenteTiradoOchoa	Tirado Ochoa, Vicente	M
ES	VicençThomàsiMulet	Thomàs i Mulet, Vicenç	M
ES	VictoriaBegoñaTundidorMoreno	Tundidor Moreno, Victoria Begoña	F
ES	VíctorCasalGuillén	Casal Guillén, Víctor	M
ES	VíctorGonzálezCoelloDePortugal	González Coello De Portugal, Víctor	M
ES	VíctorManuelMartínezMuñoz	Martínez Muñoz, Víctor Manuel	M
ES	VíctorManuelSánchezDelReal	Sánchez Del Real, Víctor Manuel	M
ES	VíctorMorlánGracia	Morlán Gracia, Víctor	M
ES	VíctorValentínPírizMaya	Píriz Maya, Víctor Valentín	M
ES	XabierMikelErrekondoSaltsamendi	Errekondo Saltsamendi, Xabier Mikel	M
ES	YolandaCasausRodríguez	Casaus Rodríguez, Yolanda	F
ES	YolandaDíazPérez	Díaz Pérez, Yolanda	F
ES	ZaidaCanteraDeCastro	Cantera De Castro, Zaida	F
ES	ÀlexSáezJubero	Sáez Jubero, Àlex	M
ES	ÀngelaBallesterMuñoz	Ballester Muñoz, Àngela	F
ES	ÀngelsPonsaiRoca	Ponsa i Roca, Àngels	F
ES	ÁguedaReynésCalvache	Reynés Calvache, Águeda	F
ES	ÁlvaroAnchueloCrego	Anchuelo Crego, Álvaro	M
ES	ÁlvaroMaríaNadalBelda	Nadal Belda, Álvaro María	M
ES	ÁlvaroSanzRemón	Sanz Remón, Álvaro	M
ES	ÁngelLuisGonzálezMuñoz	González Muñoz, Ángel Luis	M
ES	ÁngelLópezMaraver	López Maraver, Ángel	M
ES	ÁngelaRodríguezMartínez	Rodríguez Martínez, Ángela	F
ES	ÁngelaRosaVallinaDelaNoval	Vallina De la Noval, Ángela Rosa	F
ES	ÍñigoBarandiaranBenito	Barandiaran Benito, Íñigo	M
ES	ÍñigoErrejónGalván	Errejón Galván, Íñigo	M
ES	ÍñigoJesúsAlliMartínez	Alli Martínez, Íñigo Jesús	M
ES	ÍñigoJoaquínDelaSernaHernáiz	De la Serna Hernáiz, Íñigo Joaquín	M
ES	ÍñigoMéndezDeVigoyMontojo	Méndez De Vigo y Montojo, Íñigo	M
ES	ÍñigoMéndezdeVigo	Vigo, Íñigo Méndez de	-
ES	ÍñigodelaSerna	Serna, Íñigo de la	-
ES	ÓscarClavellLópez	Clavell López, Óscar	M
ES	ÓscarGaleanoGracia	Galeano Gracia, Óscar	M
ES	ÓscarGamazoMicó	Gamazo Micó, Óscar	M
ES	ÓscarUrralburuArza	Urralburu Arza, Óscar	M
