Country	SpeakerID	Name	Sex
HR	AdamJene	Adam, Jene	M
HR	AdanićStjepan	Adanić, Stjepan	-
HR	AdlešičĐurđa	Adlešič, Đurđa	F
HR	AhelIrena	Ahel, Irena	F
HR	AhmetovićMirela	Ahmetović, Mirela	F
HR	AladrovićJosip	Aladrović, Josip	M
HR	AleksićGoran	Aleksić, Goran	M
HR	AlfirevMarija	Alfirev, Marija	-
HR	AmbrušecLjubica	Ambrušec, Ljubica	F
HR	AndrićIvo	Andrić, Ivo	M
HR	AndričevićRoko	Andričević, Roko	-
HR	AntešićZdenko	Antešić, Zdenko	M
HR	AntičevićMarinovićIngrid	Antičević Marinović, Ingrid	F
HR	AntičićTome	Antičić, Tome	-
HR	AntolićVuporaBarbara	Antolić Vupora, Barbara	F
HR	AntolovićJadran	Antolović, Jadran	-
HR	AntonićMario	Antonić, Mario	-
HR	AntunovićŽeljka	Antunović, Željka	F
HR	AnušićIvan	Anušić, Ivan	M
HR	ArapovićFranjo	Arapović, Franjo	M
HR	ArlovićMato	Arlović, Mato	M
HR	ArtukovićKunštSandra	Artuković Kunšt, Sandra	-
HR	AčkarKrešimir	Ačkar, Krešimir	M
HR	BabićAnte	Babić, Ante	M
HR	BabićMario	Babić, Mario	-
HR	BabićPetričevićZdenka	Babić-Petričević, Zdenka	F
HR	BabićVedran	Babić, Vedran	M
HR	BabićVera	Babić, Vera	-
HR	BagarićAnto	Bagarić, Anto	M
HR	BagarićIvan	Bagarić, Ivan	M
HR	BagarićLidija	Bagarić, Lidija	F
HR	BagićSnježana	Bagić, Snježana	-
HR	BajićMladen	Bajić, Mladen	-
HR	BajsDamir	Bajs, Damir	M
HR	BajtMarija	Bajt, Marija	F
HR	BakićDamir	Bakić, Damir	M
HR	BakotaGordan	Bakota, Gordan	-
HR	BalićMarijana	Balić, Marijana	F
HR	BaloevićJakša	Baloević, Jakša	M
HR	BanVlahekBoška	Ban Vlahek, Boška	F
HR	BanacIvo	Banac, Ivo	M
HR	BanićMartina	Banić, Martina	F
HR	BanožićMario	Banožić, Mario	M
HR	BaradićNikolina	Baradić, Nikolina	F
HR	BaranovićPetar	Baranović, Petar	M
HR	BarbarićNevenko	Barbarić, Nevenko	M
HR	BarbićJakša	Barbić, Jakša	-
HR	BaričevićDanica	Baričević, Danica	F
HR	BaričevićMartin	Baričević, Martin	M
HR	BarišićDražen	Barišić, Dražen	M
HR	BarišićPavo	Barišić, Pavo	-
HR	BarišićZoran	Barišić, Zoran	-
HR	BarrosoJoseManuel	Barroso, Jose Manuel	-
HR	BartolčićJosip	Bartolčić, Josip	-
HR	BartulicaStephenNikola	Bartulica, Stephen Nikola	M
HR	BatinićMilorad	Batinić, Milorad	M
HR	BaukArsen	Bauk, Arsen	M
HR	BačićAnte	Bačić, Ante	M
HR	BačićBranko	Bačić, Branko	M
HR	BačićKazimir	Bačić, Kazimir	-
HR	BačićStjepan	Bačić, Stjepan	M
HR	BačićŽeljko	Bačić, Željko	-
HR	BašićSilvio	Bašić, Silvio	-
HR	BebićLuka	Bebić, Luka	M
HR	BedekovićVesna	Bedeković, Vesna	F
HR	BegonjaJosip	Begonja, Josip	M
HR	BegovićLeo	Begović, Leo	-
HR	BekavacIvan	Bekavac, Ivan	-
HR	BekavacMarijan	Bekavac, Marijan	M
HR	BelJeanPierre	Bel, Jean Pierre	-
HR	BeljakKrešo	Beljak, Krešo	M
HR	BeljoLučićRužica	Beljo Lučić, Ružica	-
HR	BenićNevenka	Benić, Nevenka	-
HR	BenčićJosip	Benčić, Josip	M
HR	BenčićSandra	Benčić, Sandra	F
HR	BenčićTerezija	Benčić, Terezija	-
HR	BernardićDavor	Bernardić, Davor	M
HR	BerošVili	Beroš, Vili	M
HR	BeusRichemberghGoran	Beus Richembergh, Goran	M
HR	BečićNevenka	Bečić, Nevenka	F
HR	BigaFriganovićSnježana	Biga-Friganović, Snježana	F
HR	BigovićŽeljko	Bigović, Željko	-
HR	BilaverJosip	Bilaver, Josip	M
HR	BilekVladimir	Bilek, Vladimir	M
HR	BilićDanira	Bilić, Danira	F
HR	BilićDubravko	Bilić, Dubravko	M
HR	BilićTonči	Bilić, Tonči	M
HR	BilićVardićSuzana	Bilić Vardić, Suzana	F
HR	BilonjićMato	Bilonjić, Mato	M
HR	BitunjacJure	Bitunjac, Jure	M
HR	BiškupićBožo	Biškupić, Božo	M
HR	BiščevićHidajet	Biščević, Hidajet	-
HR	BlažekovićBoris	Blažeković, Boris	M
HR	BlaževićAnamarija	Blažević, Anamarija	F
HR	BlaževićDavor	Blažević, Davor	-
HR	BlaževićJadranka	Blažević, Jadranka	-
HR	BobanBlaženko	Boban, Blaženko	M
HR	BobanTomislav	Boban, Tomislav	-
HR	BodakošDragutin	Bodakoš, Dragutin	M
HR	BogdanLuka	Bogdan, Luka	-
HR	BogovićIvan	Bogović, Ivan	M
HR	BolfekMirko	Bolfek, Mirko	-
HR	BoljunčićValter	Boljunčić, Valter	M
HR	BorasFlorijan	Boras, Florijan	M
HR	BorićJosip	Borić, Josip	M
HR	BorićRada	Borić, Rada	F
HR	BorrellFontellesJosep	Borrel Fontelles, Josep	-
HR	BorzanBiljana	Borzan, Biljana	F
HR	BošnjakDinko	Bošnjak, Dinko	M
HR	BošnjakIvica	Bošnjak, Ivica	-
HR	BošnjakRade	Bošnjak, Rade	M
HR	BošnjakSanja	Bošnjak, Sanja	-
HR	BošnjakovićDražen	Bošnjaković, Dražen	M
HR	BožanićTonči	Božanić, Tonči	-
HR	BožikovVelimir	Božikov, Velimir	-
HR	BožinovićDavor	Božinović, Davor	M
HR	BrasseurAnne	Brasseur, Anne	-
HR	BrdarićLjubica	Brdarić, Ljubica	F
HR	BreglecDražen	Breglec, Dražen	-
HR	BrkanJure	Brkan, Jure	M
HR	BrkarićMarin	Brkarić, Marin	M
HR	BrkićMilijan	Brkić, Milijan	M
HR	BrletićMate	Brletić, Mate	M
HR	BrnadićMirjana	Brnadić, Mirjana	F
HR	BrnjacNikolina	Brnjac, Nikolina	-
HR	BrstiloMate	Brstilo, Mate	-
HR	BrumnićZvane	Brumnić, Zvane	M
HR	BrčićLuka	Brčić, Luka	M
HR	BubaloKrešimir	Bubalo, Krešimir	M
HR	BubićIvan	Bubić, Ivan	-
HR	BuconjićIvica	Buconjić, Ivica	M
HR	BudalićIvan	Budalić, Ivan	M
HR	BudimirMarija	Budimir, Marija	F
HR	BukKristijan	Buk, Kristijan	-
HR	BukaricaIvan	Bukarica, Ivan	-
HR	BukićPerica	Bukić, Perica	M
HR	BuljMiro	Bulj, Miro	M
HR	BuljanAjelićIvana	Buljan Ajelić, Ivana	-
HR	BuljevićJosip	Buljević, Josip	-
HR	BunetaAnđelka	Buneta, Anđelka	-
HR	BunjacBranimir	Bunjac, Branimir	M
HR	BurićDinko	Burić, Dinko	M
HR	BurićMajda	Burić, Majda	F
HR	ButerinVesna	Buterin, Vesna	F
HR	ButkovićOleg	Butković, Oleg	M
HR	BućanKajo	Bućan, Kajo	M
HR	BušićZdravka	Bušić, Zdravka	F
HR	CaparinKarmela	Caparin, Karmela	F
HR	CappelliGari	Cappelli, Gari	M
HR	CeljakIvan	Celjak, Ivan	M
HR	CerovacMladen	Cerovac, Mladen	-
HR	CesarikMarijan	Cesarik, Marijan	-
HR	CrkvenacMato	Crkvenac, Mato	M
HR	CrljenkoBrankica	Crljenko, Brankica	F
HR	CrnogoracDragan	Crnogorac, Dragan	M
HR	CrnojaMijo	Crnoja, Mijo	-
HR	CulejStevo	Culej, Stevo	M
HR	CvetnićSlavko	Cvetnić, Slavko	-
HR	CvitanDinko	Cvitan, Dinko	-
HR	CvjetovićLjiljana	Cvjetović, Ljiljana	F
HR	DalićMartina	Dalić, Martina	F
HR	DamjanacAda	Damjanac, Ada	F
HR	DamjanovićIvan	Damjanović, Ivan	-
HR	DamjanovićŠtefanija	Damjanović, Štefanija	F
HR	DausEmil	Daus, Emil	M
HR	DeHoopaScheferJaap	De Hoopa Schefer, Jaap	-
HR	DemetlikaTulio	Demetlika, Tulio	M
HR	DemoMiodrag	Demo, Miodrag	M
HR	DenonaLuka	Denona, Luka	M
HR	DeurAnte	Deur, Ante	M
HR	DidovićMirjana	Didović, Mirjana	F
HR	DivjakBlaženka	Divjak, Blaženka	-
HR	DobrovićSlaven	Dobrović, Slaven	M
HR	DodigGoran	Dodig, Goran	M
HR	DokozaHrvoje	Dokoza, Hrvoje	-
HR	DolencHrvoje	Dolenc, Hrvoje	-
HR	DorićMiljenko	Dorić, Miljenko	M
HR	DragovanIgor	Dragovan, Igor	M
HR	DrandićValter	Drandić, Valter	M
HR	DretarDavor	Dretar, Davor	M
HR	DrevenBudinskiNadica	Dreven Budinski, Nadica	F
HR	DrmićIvan	Drmić, Ivan	M
HR	DrobnjakVladimir	Drobnjak, Vladimir	-
HR	DrpićAnte	Drpić, Ante	-
HR	DružakTomislav	Družak, Tomislav	-
HR	DružićIvo	Družić, Ivo	-
HR	DujmovićVukovićMarina	Dujmović Vuković, Marina	-
HR	DulibićTomislav	Dulibić, Tomislav	-
HR	DumbovićDarinko	Dumbović, Darinko	M
HR	ErlićŠime	Erlić, Šime	-
HR	EsihBruna	Esih, Bruna	F
HR	FabijanićErik	Fabijanić, Erik	M
HR	FabijančićKrižanićVesna	Fabijančić Križanić, Vesna	F
HR	FazekašIgor	Fazekaš, Igor	M
HR	FelakDamir	Felak, Damir	M
HR	FerenčakSrećko	Ferenčak, Srećko	M
HR	FerićVacMirjana	Ferić-Vac, Mirjana	F
HR	FilipovićDavor	Filipović, Davor	-
HR	FilipovićIlija	Filipović, Ilija	M
HR	FilipovićKrešo	Filipović, Krešo	M
HR	FilipovićMirko	Filipović, Mirko	M
HR	FiolićStjepan	Fiolić, Stjepan	M
HR	FiolićŽeljko	Fiolić, Željko	M
HR	FičorMiljenko	Fičor, Miljenko	-
HR	FlegoGvozdenSrećko	Flego, Gvozden Srećko	M
HR	FortunaVišnja	Fortuna, Višnja	F
HR	FranićZdenko	Franić, Zdenko	M
HR	FrankovićMato	Franković, Mato	M
HR	FrasBojan	Fras, Bojan	-
HR	FriganovićRuđer	Friganović, Ruđer	-
HR	FriščićJosip	Friščić, Josip	M
HR	FuchsRadovan	Fuchs, Radovan	-
HR	FučekKatarina	Fuček, Katarina	F
HR	GabelicaŠupljikaMarija	Gabelica Šupiljka, Marija	-
HR	GabrićStipo	Gabrić, Stipo	M
HR	GajicaRatko	Gajica, Ratko	M
HR	GalićMirko	Galić, Mirko	-
HR	GalićTomo	Galić, Tomo	-
HR	GavranMato	Gavran, Mato	M
HR	GaćaBiljana	Gaća, Biljana	F
HR	GaćinaGašper	Gaćina, Gašper	-
HR	GašparovićVilena	Gašparović, Vilena	-
HR	GašparovičIvan	Gašparovič, Ivan	-
HR	GeloJakov	Gelo, Jakov	-
HR	GeričićBorisJakov	Geričić, Boris Jakov	-
HR	GjurkovićSrđan	Gjurković, Srđan	M
HR	GlamuzinaKatica	Glamuzina, Katica	F
HR	GlamuzinaMladenka	Glamuzina, Mladenka	-
HR	GlasnovićŽeljko	Glasnović, Željko	M
HR	GlasovacSabina	Glasovac, Sabina	F
HR	GlavakSunčana	Glavak, Sunčana	F
HR	GlavašBranimir	Glavaš, Branimir	M
HR	GlavaševićBojan	Glavašević, Bojan	M
HR	GlavinaDragutin	Glavina, Dragutin	M
HR	GlavinaTonči	Glavina, Tonči	-
HR	GlunčićMatko	Glunčić, Matko	-
HR	GolemAnteZvonimir	Golem, Ante Zvonimir	-
HR	GoršićŽeljko	Goršić, Željko	-
HR	GospočićAlen	Gospočić, Alen	-
HR	GotovacViktor	Gotovac, Viktor	-
HR	GrabarKitarovićKolinda	Grabar-Kitarović, Kolinda	F
HR	GrasTerezija	Gras, Terezija	-
HR	GrbaBujevićMaja	Grba-Bujević, Maja	F
HR	GrbavacDamir	Grbavac, Damir	-
HR	GrbinPeđa	Grbin, Peđa	M
HR	GrbićIvo	Grbić, Ivo	M
HR	GredeljMarijan	Gredelj, Marijan	-
HR	GrgićBranko	Grgić, Branko	-
HR	GrgićVinko	Grgić, Vinko	M
HR	GrlićRadmanGordan	Grlić Radman, Gordan	M
HR	GrmanKizivatMartina	Grman Kizivat, Martina	F
HR	GrmojaNikola	Grmoja, Nikola	M
HR	GrubišinMaja	Grubišin, Maja	-
HR	GrubišićBoro	Grubišić, Boro	M
HR	GrubišićIvan	Grubišić, Ivan	M
HR	GrčićBranko	Grčić, Branko	M
HR	GrčićStanko	Grčić, Stanko	M
HR	GršićBernard	Gršić, Bernard	-
HR	GulićKrešimir	Gulić, Krešimir	M
HR	HabekMario	Habek, Mario	M
HR	HabijanDamir	Habijan, Damir	M
HR	HajdašDončićSiniša	Hajdaš Dončić, Siniša	M
HR	HajdukDamir	Hajduk, Damir	-
HR	HajdukovićDomagoj	Hajduković, Domagoj	M
HR	HanžekGordan	Hanžek, Gordan	-
HR	HanžekIvan	Hanžek, Ivan	M
HR	HaramijaZdenko	Haramija, Zdenko	M
HR	HasanbegovićZlatko	Hasanbegović, Zlatko	M
HR	HebrangAndrija	Hebrang, Andrija	F
HR	HefferGoran	Heffer, Goran	M
HR	HermanSandra	Herman, Sandra	-
HR	HermanVilim	Herman, Vilim	M
HR	HlačaBojan	Hlača, Bojan	M
HR	HodžićNedžad	Hodžić, Nedžad	M
HR	HolyMirela	Holy, Mirela	F
HR	HorvatDarko	Horvat, Darko	M
HR	HorvatMile	Horvat, Mile	M
HR	HorvatZlatko	Horvat, Zlatko	M
HR	HrebakDario	Hrebak, Dario	M
HR	HreljaSilvano	Hrelja, Silvano	M
HR	HrgBranko	Hrg, Branko	M
HR	HrvatinBranko	Hrvatin, Branko	-
HR	HrvojŠipekZlata	Hrvoj Šipek, Zlata	-
HR	HursaDanica	Hursa, Danica	F
HR	HuškaDavor	Huška, Davor	M
HR	IkićBaničekKristina	Ikić-Baniček, Kristina	F
HR	IlićMarija	Ilić, Marija	F
HR	IlčićLadislav	Ilčić, Ladislav	M
HR	IvanišNikola	Ivaniš, Nikola	M
HR	IvankovićKneževićKatarina	Ivanković Knežević, Katarina	-
HR	IvanovićGoran	Ivanović, Goran	M
HR	IvančićJure	Ivančić, Jure	-
HR	IvasRade	Ivas, Rade	M
HR	IvezićGrga	Ivezić, Grga	-
HR	IvićTomislav	Ivić, Tomislav	M
HR	IvičićRatomir	Ivičić, Ratomir	-
HR	IvkovićVladimir	Ivković, Vladimir	M
HR	IvčevićTonka	Ivčević, Tonka	F
HR	JadroDubravka	Jadro, Dubravka	-
HR	JakirBajoIvana	Jakir Bajo, Ivana	-
HR	JakopZdravko	Jakop, Zdravko	-
HR	JakovinaTihomir	Jakovina, Tihomir	M
HR	JakšićMišel	Jakšić, Mišel	M
HR	JandrokovićGordan	Jandroković, Gordan	M
HR	JanićStanko	Janić, Stanko	-
HR	JanjićŽelimir	Janjić, Želimir	-
HR	JankovicsRobert	Jankovics, Robert	M
HR	JarnjakIvan	Jarnjak, Ivan	M
HR	JeckovDragana	Jeckov, Dragana	F
HR	JelavićMila	Jelavić, Mila	-
HR	JelašNadica	Jelaš, Nadica	F
HR	JelenićDražen	Jelenić, Dražen	-
HR	JelečevićPerica	Jelečević, Perica	M
HR	JelićDamir	Jelić, Damir	M
HR	JelićDragan	Jelić, Dragan	-
HR	JelkovacMarija	Jelkovac, Marija	F
HR	JelkovacVlado	Jelkovac, Vlado	M
HR	JelušićIvo	Jelušić, Ivo	M
HR	JenkačSiniša	Jenkač, Siniša	M
HR	JerkovićRomana	Jerković, Romana	F
HR	JerneićBranimir	Jerneić, Branimir	-
HR	JerolimovAnte	Jerolimov, Ante	M
HR	JežekDamir	Ježek, Damir	-
HR	JosipovićIvo	Josipović, Ivo	M
HR	JosićŽeljka	Josić, Željka	F
HR	JovanovićŽeljko	Jovanović, Željko	M
HR	JuhasŠandor	Juhas, Šandor	M
HR	JukićDarko	Jukić, Darko	-
HR	JukićVlado	Jukić, Vlado	M
HR	JungwirthOto	Jungwirth, Oto	-
HR	JurekovićTomislav	Jureković, Tomislav	-
HR	JuretićBernardica	Juretić, Bernardica	-
HR	JuricaNeven	Jurica, Neven	M
HR	JuričevMartinčevBranka	Juričev-Martinčev, Branka	F
HR	JurišićDarijo	Jurišić, Darijo	-
HR	JurjevićMarin	Jurjević, Marin	M
HR	JurkinIvan	Jurkin, Ivan	M
HR	JurkovićDražen	Jurković, Dražen	-
HR	JurkovićMilan	Jurković, Milan	M
HR	JurlinaAlibegovićDubravka	Jurlina Alibegović, Dubravka	-
HR	JurčićLjubo	Jurčić, Ljubo	M
HR	JuščenkoViktor	Juščenko, Viktor	-
HR	KajinDamir	Kajin, Damir	M
HR	KajmovićAlen	Kajmović, Alen	-
HR	KajtaziVeljko	Kajtazi, Veljko	M
HR	KalinićPavle	Kalinić, Pavle	-
HR	KalmetaBožidar	Kalmeta, Božidar	M
HR	KapraljevićAntun	Kapraljević, Antun	M
HR	KapulicaMario	Kapulica, Mario	M
HR	KaramarkoTomislav	Karamarko, Tomislav	M
HR	KarlićMladen	Karlić, Mladen	M
HR	KatalinićJosip	Katalinić, Josip	M
HR	KatavićVedran	Katavić, Vedran	-
HR	KatićŽarko	Katić, Žarko	-
HR	KatičićKrunoslav	Katičić, Krunoslav	M
HR	KačanMate	Kačan, Mate	-
HR	KašnjarPutarRenata	Kašnjar Putar, Renata	-
HR	KedžoZdravko	Kedžo, Zdravko	-
HR	KekinIvana	Kekin, Ivana	F
HR	KelićZdravko	Kelić, Zdravko	M
HR	KerumŽeljko	Kerum, Željko	M
HR	KesićŠapićTajana	Kesić Šapić, Tajana	-
HR	KesonjaDijana	Kesonja, Dijana	-
HR	KevićMaja	Kević, Maja	-
HR	KirinIvan	Kirin, Ivan	M
HR	KirinIvica	Kirin, Ivica	-
HR	KlaićNikolina	Klaić, Nikolina	-
HR	KlarinIvan	Klarin, Ivan	M
HR	KlarićAnte	Klarić, Ante	-
HR	KlarićNedjeljka	Klarić, Nedjeljka	F
HR	KlarićTomislav	Klarić, Tomislav	M
HR	KlasićDarko	Klasić, Darko	M
HR	KlemIvica	Klem, Ivica	M
HR	KlemenićBoris	Klemenić, Boris	M
HR	KlepoMićo	Klepo, Mićo	-
HR	KlešićIvan	Klešić, Ivan	-
HR	KlimanAnton	Kliman, Anton	M
HR	KlisovićJoško	Klisović, Joško	M
HR	KlobučićMario	Klobučić, Mario	M
HR	KolarIvan	Kolar, Ivan	M
HR	KolarekLjubomir	Kolarek, Ljubomir	M
HR	KolarŽeljko	Kolar, Željko	M
HR	KolmanIgor	Kolman, Igor	M
HR	KomadinaZlatko	Komadina, Zlatko	M
HR	KomarZoran	Komar, Zoran	-
HR	KomesMagdalena	Komes, Magdalena	F
HR	KomparićDevčićAna	Komparić Devčić, Ana	F
HR	KontrecDamir	Kontrec, Damir	-
HR	KončevskiTomislav	Končevski, Tomislav	M
HR	KopalRobert	Kopal, Robert	-
HR	KopićVlatko	Kopić, Vlatko	M
HR	KoracaDaglas	Koraca, Daglas	-
HR	KoračevićZlatko	Koračević, Zlatko	M
HR	KorenikaMiroslav	Korenika, Miroslav	M
HR	KorušecAntun	Korušec, Antun	M
HR	KosorDarinko	Kosor, Darinko	M
HR	KosorJadranka	Kosor, Jadranka	F
HR	KostelićJanica	Kostelić, Janica	-
HR	KostovićIvica	Kostović, Ivica	-
HR	KotromanovićAnte	Kotromanović, Ante	M
HR	KovačMiro	Kovač, Miro	M
HR	KovačStjepan	Kovač, Stjepan	M
HR	KovačevAnton	Kovačev, Anton	-
HR	KovačevićDragan	Kovačević, Dragan	M
HR	KovačevićKruno	Kovačević, Kruno	-
HR	KovačevićPero	Kovačević, Pero	M
HR	KovačevićTomislav	Kovačević, Tomislav	-
HR	KovačevićZrinka	Kovačević, Zrinka	-
HR	KovačićBorislav	Kovačić, Borislav	M
HR	KovačićIvan	Kovačić, Ivan	M
HR	KovačićMiroslav	Kovačić, Miroslav	-
HR	KozinaStjepan	Kozina, Stjepan	M
HR	KozlevacDino	Kozlevac, Dino	M
HR	KošišaČičinŠainAlenka	Košiša Čičin-Šain, Alenka	F
HR	KragićBruno	Kragić, Bruno	-
HR	KraljićTihana	Kraljić, Tihana	-
HR	KraljičakŽeljko	Kraljičak, Željko	-
HR	KraljičkovićJosip	Kraljičković, Josip	-
HR	KramarićZlatko	Kramarić, Zlatko	M
HR	KrapljanŽeljko	Krapljan, Željko	M
HR	KrasićŠima	Krasić, Šima	-
HR	KregarJosip	Kregar, Josip	M
HR	KrešićMario	Krešić, Mario	-
HR	KristićMaro	Kristić, Maro	M
HR	KrištofMarko	Krištof, Marko	-
HR	KrižanićJosip	Križanić, Josip	M
HR	KrmekZdravko	Krmek, Zdravko	-
HR	KrnićJosip	Krnić, Josip	M
HR	KrpanSandra	Krpan, Sandra	F
HR	KrstičevićDamir	Krstičević, Damir	M
HR	KrstulovićOparaAndro	Krstulović Opara, Andro	M
HR	KrvišekMiljenko	Krvišek, Miljenko	-
HR	KuduzTugomir	Kuduz, Tugomir	M
HR	KuharMaja	Kuhar, Maja	-
HR	KujundžićAnte	Kujundžić, Ante	M
HR	KujundžićMilan	Kujundžić, Milan	M
HR	KulićMakarSanda	Kulić Makar, Sanda	F
HR	KulušićAnte	Kulušić, Ante	M
HR	KundićStjepan	Kundić, Stjepan	M
HR	KunstBoris	Kunst, Boris	M
HR	KuprešakŽeljko	Kuprešak, Željko	-
HR	KurelićBruno	Kurelić, Bruno	M
HR	KurečićVladimir	Kurečić, Vladimir	M
HR	KurtovŽeljko	Kurtov, Željko	M
HR	KustićMarijan	Kustić, Marijan	M
HR	KuterovacKrešimir	Kuterovac, Krešimir	-
HR	KutijaBranko	Kutija, Branko	M
HR	KuzmanićMatko	Kuzmanić, Matko	M
HR	KuščevićLovro	Kuščević, Lovro	M
HR	KönigSonja	König, Sonja	F
HR	LackoFranjo	Lacko, Franjo	-
HR	LackovićŽeljko	Lacković, Željko	M
HR	LagosEscobarRicardo	Lagos Escobar, Ricardo	-
HR	LalićLjubica	Lalić, Ljubica	F
HR	LalovacBoris	Lalovac, Boris	M
HR	LazićSvjetlana	Lazić, Svjetlana	F
HR	LeakovićKarolina	Leaković, Karolina	F
HR	LedererAna	Lederer, Ana	-
HR	LedinskiDarko	Ledinski, Darko	M
HR	LedinskiŽeljko	Ledinski, Željko	M
HR	LekajPrljaskajErmina	Lekaj Prljaskaj, Ermina	F
HR	LekoJosip	Leko, Josip	M
HR	LelićRuža	Lelić, Ruža	F
HR	LenartŽeljko	Lenart, Željko	M
HR	LerotićMarin	Lerotić, Marin	M
HR	LesarDragutin	Lesar, Dragutin	M
HR	LeticaSlaven	Letica, Slaven	M
HR	LeverićAlen	Leverić, Alen	-
HR	LinićSlavko	Linić, Slavko	M
HR	LiovićDarko	Liović, Darko	-
HR	LipošćakTomislav	Lipošćak, Tomislav	M
HR	LivakovićZdravko	Livaković, Zdravko	-
HR	LjevakZdenko	Ljevak, Zdenko	-
HR	LjubanovićDavor	Ljubanović, Davor	-
HR	LjubićBožo	Ljubić, Božo	M
HR	LjubičićNeven	Ljubičić, Neven	-
HR	LjubičićVišnja	Ljubičić, Višnja	-
HR	LončarDavor	Lončar, Davor	M
HR	LončarIvo	Lončar, Ivo	M
HR	LončaricaStjepan	Lončarica, Stjepan	-
HR	LorencinDarko	Lorencin, Darko	-
HR	LovrinAna	Lovrin, Ana	F
HR	LovrinovićIvan	Lovrinović, Ivan	M
HR	LovrićMerzelMarina	Lovrić Merzel, Marina	F
HR	LozančićJosip	Lozančić, Josip	-
HR	LucPolancMarta	Luc-Polanc, Marta	F
HR	LucićFranjo	Lucić, Franjo	M
HR	LucićZdenko	Lucić, Zdenko	-
HR	LugarićMarija	Lugarić, Marija	F
HR	LukačKoritnikGordana	Lukać Koritnik, Gordana	-
HR	LukačićLjubica	Lukačić, Ljubica	F
HR	LukinaKezićLidija	Lukina Kezić, Lidija	-
HR	LučinPero	Lučin, Pero	-
HR	LučinŠime	Lučin, Šime	M
HR	LučićDražen	Lučić, Dražen	-
HR	LučićIgor	Lučić, Igor	-
HR	MadjerMladen	Madjer, Mladen	M
HR	MagašDunja	Magaš, Dunja	-
HR	MajdakTugomir	Majdak, Tugomir	-
HR	MajdenićNevenka	Majdenić, Nevenka	F
HR	MakNikola	Mak, Nikola	M
HR	MakarBožica	Makar, Božica	F
HR	MaksimčukLjubica	Maksimčuk, Ljubica	F
HR	MalenicaIvan	Malenica, Ivan	M
HR	MaletićIvana	Maletić, Ivana	F
HR	MaletićČedo	Maletić, Čedo	-
HR	MaltarZdravko	Maltar, Zdravko	M
HR	MalčićJurica	Malčić, Jurica	-
HR	MamićStipe	Mamić, Stipe	-
HR	ManceAnton	Mance, Anton	M
HR	MandarićMarin	Mandarić, Marin	M
HR	MandićIvica	Mandić, Ivica	M
HR	MarasGordan	Maras, Gordan	M
HR	MarasovićDujomir	Marasović, Dujomir	M
HR	MarasovićJakša	Marasović, Jakša	M
HR	MarelićMladen	Marelić, Mladen	M
HR	MarendićBožo	Marendić, Božo	-
HR	MarinkovićHorvatEva	Marinković Horvar, Eva	-
HR	MarinovićNevenka	Marinović, Nevenka	F
HR	MarićAndreja	Marić, Andreja	F
HR	MarićGoran	Marić, Goran	M
HR	MarićZdravko	Marić, Zdravko	M
HR	MarkovAnte	Markov, Ante	M
HR	MarkovinovićKrunoslav	Markovinović, Krunoslav	M
HR	MarkovčićKostelacMaja	Marković Kostelac, Maja	-
HR	MarktRobert	Markt, Robert	-
HR	MartinovićJuro	Martinović, Juro	M
HR	MartinčevićJagodaMajska	Martinčević, Jagoda Majska	-
HR	MartinčevićNatalija	Martinčević, Natalija	F
HR	MartićJagoda	Martić, Jagoda	F
HR	MartićRelja	Martić, Relja	-
HR	MatakovićHrvoje	Mataković, Hrvoje	-
HR	MatekPetarPierre	Matek, Petar Pierre	-
HR	MateljanDamir	Mateljan, Damir	M
HR	MatešaZlatko	Mateša, Zlatko	-
HR	MatešićGoran	Matešić, Goran	-
HR	MatijevićVrsaljkoLjubica	Matijevič Vrsaljko, Ljubica	-
HR	MatićPredrag	Matić, Predrag	M
HR	MatičićPavao	Matičić, Pavao	-
HR	MatkovićBianca	Matković, Bianca	F
HR	MatkovićBorislav	Matković, Borislav	M
HR	MatulaVilim	Matula, Vilim	M
HR	MatulićJasna	Matulić, Jasna	F
HR	MatulovićDropulićMarina	Matulović-Dropulić, Marina	F
HR	MatušićFrano	Matušić, Frano	M
HR	MačkovićMarija	Mačković, Marija	-
HR	MađerićMargareta	Mađerić, Margareta	F
HR	MaštrukoIvica	Maštruko, Ivica	M
HR	MažarNikola	Mažar, Nikola	M
HR	MedenMilan	Meden, Milan	M
HR	MedvedTomo	Medved, Tomo	M
HR	MemediNazif	Memedi, Nazif	M
HR	MesarićKrunoslav	Mesarić, Krunoslav	-
HR	MesićJasen	Mesić, Jasen	M
HR	MetelkoZgombićAndreja	Metelko Zgombić, Andreja	-
HR	MeštrićDanijel	Meštrić, Danijel	-
HR	MihalićAnđelko	Mihalić, Anđelko	M
HR	MihotićTomislav	Mihotić, Tomislav	-
HR	MikolčićStjepan	Mikolčić, Stjepan	-
HR	MikulićAndrija	Mikulić, Andrija	M
HR	MikulićDomagoj	Mikulić, Domagoj	M
HR	MikulićMilivoj	Mikulić, Milivoj	-
HR	MikušŽigmanNataša	Mikuš Žigman, Nataša	-
HR	MilanovićLitreMarko	Milanović Litre, Marko	M
HR	MilanovićZoran	Milanović, Zoran	M
HR	MilasKlarićIvana	Milas Klarić, Ivana	-
HR	MilasZvonko	Milas, Zvonko	M
HR	MilatićIvo	Milatić, Ivo	-
HR	MiletaDanijel	Mileta, Danijel	-
HR	MiletićBoris	Miletić, Boris	M
HR	MiletićEdmond	Miletić, Edmond	-
HR	MiletićMarin	Miletić, Marin	M
HR	MilinkovićDražen	Milinković, Dražen	M
HR	MilinkovićStjepan	Milinković, Stjepan	M
HR	MilinovićDarko	Milinović, Darko	M
HR	MiličevićDavor	Miličević, Davor	M
HR	MiljenićOrsat	Miljenić, Orsat	M
HR	MiloševićBoris	Milošević, Boris	M
HR	MiloševićDomagojIvan	Milošević, Domagoj Ivan	M
HR	MimicaNeven	Mimica, Neven	M
HR	MirkovićŽeljko	Mirković, Željko	M
HR	MičićZdenko	Mičić, Zdenko	-
HR	MiševićSanja	Mišević, Sanja	-
HR	MišićIvica	Mišić, Ivica	M
HR	MladineoIvica	Mladineo, Ivica	-
HR	MlakarDavorin	Mlakar, Davorin	M
HR	MlinarićMarijan	Mlinarić, Marijan	M
HR	MlinarićPetar	Mlinarić, Petar	M
HR	MlinarićStipo	Mlinarić, Stipo	M
HR	MoharićMario	Moharić, Mario	M
HR	MoisiuAlfred	Moisiu, Alfred	-
HR	MondekarDaniel	Mondekar, Daniel	M
HR	MornarVedran	Mornar, Vedran	-
HR	MrakTaritašAnka	Mrak-Taritaš, Anka	F
HR	MrduljašDavor	Mrduljaš, Davor	-
HR	MrkonjićIvana	Mrkonjić, Ivana	-
HR	MrsićMirando	Mrsić, Mirando	M
HR	MršićZvonimir	Mršić, Zvonimir	M
HR	MršićŠime	Mršić, Šime	-
HR	MujoIvo	Mujo, Ivo	-
HR	MulićMelita	Mulić, Melita	F
HR	MurganićNada	Murganić, Nada	F
HR	MusaAnamarija	Musa, Anamarija	-
HR	MučnjakBranko	Mučnjak, Branko	-
HR	NakićDario	Nakić, Dario	-
HR	NapolitanoGiorgio	Napolitano, Giorgio	-
HR	NazorAnte	Nazor, Ante	-
HR	NađVesna	Nađ, Vesna	F
HR	NađiDavor	Nađi, Davor	M
HR	NekićDarko	Nekić, Darko	-
HR	NekićHrvoje	Nekić, Hrvoje	M
HR	NemetKatarina	Nemet, Katarina	F
HR	NenadićŽeljko	Nenadić, Željko	M
HR	NenadićŽivko	Nenadić, Živko	M
HR	NikolićDorica	Nikolić, Dorica	-
HR	NikolićRomana	Nikolić, Romana	F
HR	NinčevićLesandrićIvana	Ninčević-Lesandrić, Ivana	F
HR	NobiloMario	Nobilo, Mario	-
HR	NovakJagoda	Novak, Jagoda	-
HR	NovakMladen	Novak, Mladen	M
HR	NovakovićNataša	Novaković, Nataša	-
HR	NovoselBarica	Novosel, Barica	-
HR	NovoselecDinko	Novoselec, Dinko	-
HR	ObradovićMazalTamara	Obradović Mazal, Tamara	-
HR	ObuljenKoržinekNina	Obuljen Koržinek, Nina	F
HR	OkrošaTomislav	Okroša, Tomislav	M
HR	OpačakBilićMarina	Opačak Bilić, Marina	F
HR	OpačićMilanka	Opačić, Milanka	F
HR	OrepićVlaho	Orepić, Vlaho	M
HR	OreškovićDalija	Orešković, Dalija	F
HR	OreškovićTihomir	Orešković, Tihomir	-
HR	OstojićRajko	Ostojić, Rajko	M
HR	OstojićRanko	Ostojić, Ranko	M
HR	OstojićVeljko	Ostojić, Veljko	-
HR	PaladinaIvan	Paladina, Ivan	-
HR	PalarićAntun	Palarić, Antun	-
HR	PalićDean	Palić, Dean	-
HR	PaljakTomislav	Paljak, Tomislav	-
HR	PandekDraženko	Pandek, Draženko	M
HR	PanenićTomislav	Panenić, Tomislav	M
HR	PankretićBožidar	Pankretić, Božidar	M
HR	PančićIvica	Pančić, Ivica	M
HR	ParaćFrano	Parać, Frano	-
HR	ParićDarko	Parić, Darko	M
HR	ParolinPietro	Parolin, Pietro	-
HR	PartlKrešimir	Partl, Krešimir	-
HR	PaseckyBranimir	Pasecky, Branimir	M
HR	PatrljVesna	Patrlj, Vesna	-
HR	PavelićKrešimir	Pavelić, Krešimir	-
HR	PavićMarko	Pavić, Marko	M
HR	PavićŽeljko	Pavić, Željko	M
HR	PavičićVukičevićJelena	Pavičić-Vukičević, Jelena	F
HR	PavlakovićMiljenko	Pavlaković, Miljenko	-
HR	PavlicŽeljko	Pavlic, Željko	M
HR	PavličekMarijan	Pavliček, Marijan	M
HR	PavličevićVlasta	Pavličević, Vlasta	-
HR	PecekŽeljko	Pecek, Željko	M
HR	PecnikJaroslav	Pecnik, Jaroslav	M
HR	PejnovićMladen	Pejnović, Mladen	-
HR	PejčinovićBurićMarija	Pejčinović Burić, Marija	F
HR	PekečKneževićMira	Pekeč Knežević, Mira	-
HR	PelivanStipetićLidija	Pelivan Stipetić, Lidija	-
HR	PenavaIvan	Penava, Ivan	M
HR	PenićDavor	Penić, Davor	M
HR	PeovićKatarina	Peović, Katarina	F
HR	PerićGrozdana	Perić, Grozdana	F
HR	PeričićDenis	Peričić, Denis	-
HR	PermanBiserka	Perman, Biserka	F
HR	PernarIvan	Pernar, Ivan	M
HR	PeronjaKruno	Peronja, Kruno	M
HR	PerovićIvica	Perović, Ivica	-
HR	PeruškoAnton	Peruško, Anton	M
HR	PetinAnaMarija	Petin, Ana-Marija	F
HR	PetirMarijana	Petir, Marijana	F
HR	PetrijevčaninVuksanovićIrena	Petrijevčanin Vuksanović, Irena	F
HR	PetrinaStipe	Petrina, Stipe	M
HR	PetrovBožo	Petrov, Božo	M
HR	PetrovićJakovinaSandra	Petrović Jakovina, Sandra	F
HR	PešićBukovacDorotea	Pešić-Bukovac, Dorotea	F
HR	PiculaTonino	Picula, Tonino	M
HR	PiletićMarin	Piletić, Marin	M
HR	PintarićStjepan	Pintarić, Stjepan	M
HR	PiplovićFrano	Piplović, Frano	M
HR	PirnatDragičevićHelenca	Pirnat Dragičević, Helenca	-
HR	PičuljanZoran	Pičuljan, Zoran	-
HR	PlančićĐurđica	Plančić, Đurđica	F
HR	PlavšaMatićCvjetana	Plavša Matić, Cvjetana	-
HR	PlazonićAnte	Plazonić, Ante	-
HR	PlazonićŽeljko	Plazonić, Željko	M
HR	PlenkovićAndrej	Plenković, Andrej	M
HR	PleskaltMaja	Pleskalt, Maja	-
HR	PletikosaMarija	Pletikosa, Marija	-
HR	PlešaVelimir	Pleša, Velimir	M
HR	PlešeNenad	Pleše, Nenad	M
HR	PleškoVladimir	Pleško, Vladimir	M
HR	PocrnićRadoševićAnita	Pocrnić-Radošević, Anita	F
HR	PodnarVlatko	Podnar, Vlatko	M
HR	PodolnjakRobert	Podolnjak, Robert	M
HR	PodrugŽeljana	Podrug, Željana	F
HR	PolančecDamir	Polančec, Damir	M
HR	PoljičakIvica	Poljičak, Ivica	-
HR	PopijačĐuro	Popijač, Đuro	M
HR	PopovacJosip	Popovac, Josip	-
HR	PopovićNikola	Popović, Nikola	-
HR	PoropatValter	Poropat, Valter	M
HR	PosavacVanja	Posavac, Vanja	F
HR	PosavecKrivecIvana	Posavec Krivec, Ivana	F
HR	PrahMatjaž	Prah, Matjaž	-
HR	PranićAnte	Pranić, Ante	-
HR	PrelecAlen	Prelec, Alen	M
HR	PrelecLeo	Prelec, Leo	-
HR	PrgometDrago	Prgomet, Drago	M
HR	PricaDomagoj	Prica, Domagoj	M
HR	PrimoracDragan	Primorac, Dragan	M
HR	PrimoracMarko	Primorac, Marko	-
HR	PrkačinAnte	Prkačin, Ante	M
HR	ProsDražen	Pros, Dražen	M
HR	PrpićKatica	Prpić, Katica	-
HR	PrtenjačaŠime	Prtenjača, Šime	M
HR	PuhMarija	Puh, Marija	F
HR	PuklešDragutin	Pukleš, Dragutin	M
HR	PuljakMarijana	Puljak, Marijana	F
HR	PuljašićDarko	Puljašić, Darko	M
HR	PuljizJakša	Puljiz, Jakša	-
HR	PuljićZvonimir	Puljić, Zvonimir	M
HR	PupovacMilorad	Pupovac, Milorad	M
HR	PusićVesna	Pusić, Vesna	F
HR	PuticaSanja	Putica, Sanja	F
HR	PÖtteringHansGert	P. Öttering, Hans Gert	-
HR	RabotegMate	Raboteg, Mate	-
HR	RadinFurio	Radin, Furio	M
HR	RadićIvan	Radić, Ivan	M
HR	RadićVinko	Radić, Vinko	-
HR	RadmanGoran	Radman, Goran	-
HR	RadmiloEster	Radmilo, Ester	-
HR	RadolovićSanja	Radolović, Sanja	F
HR	RadošJozo	Radoš, Jozo	M
HR	RagužŽeljko	Raguž, Željko	M
HR	RajićSaša	Rajić, Saša	-
HR	RajkovačaAnto	Rajkovača, Anto	-
HR	RakićMirjana	Rakić, Mirjana	-
HR	RamljakBranka	Ramljak, Branka	-
HR	RapoMarija	Rapo, Marija	F
HR	RaspudićNino	Raspudić, Nino	M
HR	RaukarGamulinUrša	Raukar-Gamulin, Urša	F
HR	RačanIvan	Račan, Ivan	M
HR	RačanIvica	Račan, Ivica	M
HR	RađenovićIgor	Rađenović, Igor	M
HR	RebićNiko	Rebić, Niko	M
HR	RegvarMato	Regvar, Mato	-
HR	ReinerŽeljko	Reiner, Željko	M
HR	RiljeDamir	Rilje, Damir	M
HR	RimacDamir	Rimac, Damir	M
HR	RimacJosipa	Rimac, Josipa	F
HR	RogošićNediljka	Rogošić, Nediljka	-
HR	RohatinskiŽeljko	Rohatinski, Željko	-
HR	RoićLuka	Roić, Luka	M
HR	RoksandićIvanka	Roksandić, Ivanka	F
HR	RomićDavor	Romić, Davor	M
HR	RonkoZdravko	Ronko, Zdravko	M
HR	RončevićBerislav	Rončević, Berislav	M
HR	RošinJerko	Rošin, Jerko	M
HR	RožićMiroslav	Rožić, Miroslav	M
HR	RožićVedran	Rožić, Vedran	M
HR	RožmanKrešimir	Rožman, Krešimir	-
HR	RudanPavao	Rudan, Pavao	-
HR	RukavinaMile	Rukavina, Mile	-
HR	RukavinaSanjin	Rukavina, Sanjin	-
HR	RukeljAnđelko	Rukelj, Anđelko	-
HR	RuntićHrvoje	Runtić, Hrvoje	M
HR	RusakGordana	Rusak, Gordana	F
HR	RussoAleksander	Russo, Aleksander	-
HR	RužinskiNikola	Ružinski, Nikola	-
HR	SabatiZvonimir	Sabati, Zvonimir	M
HR	SabljarDračevacRenata	Sabljar-Dračevac, Renata	F
HR	SabolekSnježana	Sabolek, Snježana	-
HR	SabolićVesna	Sabolić, Vesna	F
HR	SaboŽeljko	Sabo, Željko	M
HR	SalapićJosip	Salapić, Josip	M
HR	SamoborecMelita	Samoborec, Melita	F
HR	SamodolAnte	Samodol, Ante	-
HR	SanaderAnte	Sanader, Ante	M
HR	SanaderIvo	Sanader, Ivo	M
HR	SaračJozo	Sarač, Jozo	-
HR	SauchaTomislav	Saucha, Tomislav	M
HR	SavićZvonimir	Savić, Zvonimir	-
HR	SačićŽeljko	Sačić, Željko	M
HR	SelakRaspudićMarija	Selak Raspudić, Marija	F
HR	SelanacSrećko	Selanac, Srećko	-
HR	SelemPetar	Selem, Petar	M
HR	SelimovićŠenol	Selimović, Šenol	-
HR	SerdarIvan	Serdar, Ivan	-
HR	SerdarušićJozo	Serdarušić, Jozo	-
HR	SessaĐuro	Sessa, Đuro	-
HR	SesvečanDamir	Sesvečan, Damir	M
HR	SilobrčićVlatko	Silobrčić, Vlatko	-
HR	SinčićIvan	Sinčić, Ivan	M
HR	SinčićIvanVilibor	Sinčić, Ivan Vilibor	M
HR	SladoljevMarko	Sladoljev, Marko	M
HR	SlonjšakAnka	Slonjšak, Anka	-
HR	SobolGordana	Sobol, Gordana	F
HR	SobotaDarko	Sobota, Darko	M
HR	SokolTomislav	Sokol, Tomislav	M
HR	SopčićNikola	Sopčić, Nikola	M
HR	SočkovićZdravko	Sočković, Zdravko	M
HR	SpajićDaniel	Spajić, Daniel	M
HR	SpevecOlgica	Spevec, Olgica	-
HR	SponzaGiovanni	Sponza, Giovanni	M
HR	SporišMaja	Sporiš, Maja	-
HR	SrbDaniel	Srb, Daniel	M
HR	SrpakDražen	Srpak, Dražen	-
HR	StanimirovićVojislav	Stanimirović, Vojislav	M
HR	StanićPopovićMirela	Stanić Popović, Mirela	-
HR	StazićNenad	Stazić, Nenad	M
HR	StažnikŠtefica	Stažnik, Štefica	-
HR	StierDavorIvo	Stier, Davor Ivo	M
HR	StrenjaLinićInes	Strenja-Linić, Ines	F
HR	StrikićNedjeljko	Strikić, Nedjeljko	M
HR	StričakAnđelko	Stričak, Anđelko	M
HR	SudarevićNika	Sudarević, Nika	-
HR	SudecJosip	Sudec, Josip	M
HR	SumrakĐurđica	Sumrak, Đurđica	F
HR	SučecTrakoštanecIvana	Sučec-Trakoštanec, Ivana	F
HR	SušnikHerman	Sušnik, Herman	-
HR	TadićTonči	Tadić, Tonči	M
HR	TafraVišnja	Tafra, Višnja	-
HR	TankovićŠemso	Tanković, Šemso	M
HR	TepešIvan	Tepeš, Ivan	M
HR	ThurŽeljko	Thur, Željko	-
HR	TinodiBranko	Tinodi, Branko	-
HR	TireliNansi	Tireli, Nansi	F
HR	TolićIvica	Tolić, Ivica	-
HR	TolušićTomislav	Tolušić, Tomislav	M
HR	TomaševićDušan	Tomašević, Dušan	-
HR	TomaševićTomislav	Tomašević, Tomislav	M
HR	TomašićRuža	Tomašić, Ruža	F
HR	TomašićŠkevinSonja	Tomašić Škevin, onja	-
HR	TomićDamir	Tomić, Damir	M
HR	TomićTomislav	Tomić, Tomislav	M
HR	TomljanovićEmil	Tomljanović, Emil	M
HR	TomčićZlatko	Tomčić, Zlatko	M
HR	TonkovićEvelin	Tonković, Evelin	-
HR	TopićJozo	Topić, Jozo	M
HR	TopićŽeljko	Topić, Željko	-
HR	TopolkoBernarda	Topolko, Bernarda	F
HR	TotgergeliMiro	Totgergeli, Miro	M
HR	TramišakNataša	Tramišak, Nataša	F
HR	TrgovčevićPejo	Trgovčević, Pejo	M
HR	TroskotZvonimir	Troskot, Zvonimir	M
HR	TufekčićŽeljko	Tufekčić, Željko	-
HR	TuralijaMario	Turalija, Mario	-
HR	TurinaĐurićNada	Turina-Đurić, Nada	F
HR	TurićMarko	Turić, Marko	M
HR	TurkaljKristian	Turkalj, Kristian	-
HR	TurkŽeljko	Turk, Željko	M
HR	TuđmanMiroslav	Tuđman, Miroslav	M
HR	TušakZlatko	Tušak, Zlatko	M
HR	TušekZdravko	Tušek, Zdravko	-
HR	TušekŽarko	Tušek, Žarko	M
HR	UdovićSanja	Udović, Sanja	F
HR	UhlirŽeljko	Uhlir, Željko	-
HR	UzelacSlobodan	Uzelac, Slobodan	-
HR	VardaKažimir	Varda, Kažimir	M
HR	VargaSiniša	Varga, Siniša	M
HR	VasićZoran	Vasić, Zoran	M
HR	VeberJosip	Veber, Josip	-
HR	VehovecMaja	Vehovec, Maja	-
HR	VeljanoskiTrajko	Veljanoski, Trajko	-
HR	VerheugenGuenter	Verheugen, Guenter	-
HR	VešligajMarko	Vešligaj, Marko	M
HR	VicanDijana	Vican, Dijana	-
HR	VidakovićAntun	Vidaković, Antun	M
HR	VidišIvan	Vidiš, Ivan	-
HR	VidovićDavorko	Vidović, Davorko	M
HR	VidovićFranko	Vidović, Franko	M
HR	VidovićKrištoKarolina	Vidović Krišto, Karolina	F
HR	VidovićLora	Vidović, Lora	-
HR	VidovićRadoje	Vidović, Radoje	M
HR	VikićTopićDražen	Vikić Topić, Dražen	-
HR	VinceljŽeljko	Vincelj, Željko	M
HR	VinkovićZoran	Vinković, Zoran	M
HR	VlaićPetar	Vlaić, Petar	-
HR	VlaovićDavor	Vlaović, Davor	M
HR	VlašićIljkićMartina	Vlašić Iljkić, Martina	F
HR	VlašićTatjana	Vlašić, Tatjana	-
HR	VojnovićBranko	Vojnović, Branko	M
HR	VojvodićBrankaGabriela	Vojvodić, Branka Gabriela	-
HR	VranićBiserka	Vranić, Biserka	F
HR	VranješDragica	Vranješ, Dragica	-
HR	VrankovićVladimir	Vranković, Vladimir	M
HR	VrbanecVjeran	Vrbanec, Vjeran	-
HR	VrbatGrgićTanja	Vrbat Grgić, Tanja	F
HR	VrdoljakIvan	Vrdoljak, Ivan	M
HR	VrdoljakTomislav	Vrdoljak, Tomislav	M
HR	VreskJosip	Vresk, Josip	M
HR	VretenarDario	Vretenar, Dario	-
HR	VrkljanMilan	Vrkljan, Milan	M
HR	VucelićDamjan	Vucelić, Damjan	-
HR	VujecNataša	Vujec, Nataša	-
HR	VujićAntun	Vujić, Antun	M
HR	VujčićBoris	Vujčić, Boris	-
HR	VukasNikša	Vukas, Nikša	M
HR	VukelićBranko	Vukelić, Branko	M
HR	VukelićLucian	Vukelić, Lucian	-
HR	VukićDragan	Vukić, Dragan	M
HR	VukićIvan	Vukić, Ivan	-
HR	VukobratovićMarija	Vukobratović, Marija	F
HR	VukobratovićSpasojevićTatjana	Vukobratović Spasojević, Tatjana	-
HR	VukovVice	Vukov, Vice	M
HR	VukovacRužica	Vukovac, Ružica	F
HR	VukovićJovo	Vuković, Jovo	M
HR	VukovićSrećko	Vuković, Srećko	-
HR	VukšićBranko	Vukšić, Branko	M
HR	VuljanićNikola	Vuljanić, Nikola	M
HR	VučemilovićVesna	Vučemilović, Vesna	F
HR	VučetićMarko	Vučetić, Marko	M
HR	VučetićTatijana	Vučetić, Tatijana	-
HR	VučićBoris	Vučić, Boris	-
HR	VučićIvan	Vučić, Ivan	M
HR	VučkovićMarija	Vučković, Marija	-
HR	ZekanovićHrvoje	Zekanović, Hrvoje	M
HR	ZelenikaRatko	Zelenika, Ratko	-
HR	ZelenikaSaša	Zelenika, Saša	-
HR	ZgrebecDragica	Zgrebec, Dragica	F
HR	ZlatarViolićAndrea	Zlatar Violić, Andrea	-
HR	ZmaićAnkica	Zmaić, Ankica	F
HR	ZmajlovićMihael	Zmajlović, Mihael	M
HR	ZrinušićZdravko	Zrinušić, Zdravko	-
HR	ZubovićMario	Zubović, Mario	M
HR	ZulimVinko	Zulim, Vinko	M
HR	ZurovecDario	Zurovec, Dario	M
HR	ĆelićIvan	Ćelić, Ivan	M
HR	ĆorićPero	Ćorić, Pero	M
HR	ĆorićTomislav	Ćorić, Tomislav	M
HR	ĆosićKrešimir	Ćosić, Krešimir	M
HR	ĆosićPero	Ćosić, Pero	M
HR	ĆurlinVenko	Ćurlin, Venko	-
HR	ČajoDenis	Čajo, Denis	-
HR	ČavlinaNikola	Čavlina, Nikola	-
HR	ČavlovićSmiljanecNada	Čavlović Smiljanec, Nada	F
HR	ČačijaMiroslav	Čačija, Miroslav	M
HR	ČačićGordan	Čačić, Gordan	-
HR	ČačićRadimir	Čačić, Radimir	M
HR	ČehokIvan	Čehok, Ivan	M
HR	ČervarLino	Červar, Lino	M
HR	ČešekIgor	Češek, Igor	M
HR	ČikešLucija	Čikeš, Lucija	F
HR	ČikotićAnte	Čikotić, Ante	-
HR	ČikotićSonja	Čikotić, Sonja	-
HR	ČičakMato	Čičak, Mato	M
HR	ČobankovićPetar	Čobanković, Petar	M
HR	ČopJosip	Čop, Josip	-
HR	ČovićDražen	Čović, Dražen	-
HR	ČuhnilZdenka	Čuhnil, Zdenka	F
HR	ČuljakTomislav	Čuljak, Tomislav	M
HR	ČurajStjepan	Čuraj, Stjepan	M
HR	ĐakićJosip	Đakić, Josip	M
HR	ĐapićAnto	Đapić, Anto	M
HR	ĐerekNedjeljko	Đerek, Nedjeljko	-
HR	ĐujićSaša	Đujić, Saša	M
HR	ĐurašićKarlo	Đurašić, Karlo	-
HR	ĐurićSpomenka	Đurić, Spomenka	-
HR	ĐurovićDražen	Đurović, Dražen	M
HR	ĐurđevićŠimo	Đurđević, Šimo	M
HR	ŠamijaKrešimir	Šamija, Krešimir	-
HR	ŠantekIvan	Šantek, Ivan	M
HR	ŠantićDarko	Šantić, Darko	M
HR	ŠapinaStipo	Šapina, Stipo	-
HR	ŠarićJosip	Šarić, Josip	M
HR	ŠašlinStipan	Šašlin, Stipan	M
HR	ŠeksVladimir	Šeks, Vladimir	M
HR	ŠemperŽeljko	Šemper, Željko	M
HR	ŠetićNevio	Šetić, Nevio	M
HR	ŠikićNada	Šikić, Nada	-
HR	ŠikićZoran	Šikić, Zoran	-
HR	ŠiljegMario	Šiljeg, Mario	-
HR	ŠimacBonačićTatjana	Šimac Bonačić, Tatjana	F
HR	ŠimićDiana	Šimić, Diana	-
HR	ŠimićHrvoje	Šimić, Hrvoje	M
HR	ŠimićMarko	Šimić, Marko	M
HR	ŠimićMiroslav	Šimić, Miroslav	M
HR	ŠimičevićRade	Šimičević, Rade	M
HR	ŠimonovićEinwalterTena	Šimonović Einwalter, Tena	-
HR	ŠimonovićIvan	Šimonović, Ivan	-
HR	ŠimpragaAnja	Šimpraga, Anja	F
HR	ŠimunićIrena	Šimunić, Irena	F
HR	ŠimunovićIvan	Šimunović, Ivan	M
HR	ŠimunovićPjer	Šimunović, Pjer	-
HR	ŠimunovićSonja	Šimunović, Sonja	F
HR	ŠipićIvan	Šipić, Ivan	M
HR	ŠipušBerislav	Šipuš, Berislav	-
HR	ŠiracMarko	Širac, Marko	M
HR	ŠišljagićVladimir	Šišljagić, Vladimir	M
HR	ŠkareOžboltVesna	Škare Ožbolt, Vesna	F
HR	ŠkaricaMihovil	Škarica, Mihovil	-
HR	ŠkaričićIvan	Škaričić, Ivan	M
HR	ŠkibolaMarin	Škibola, Marin	M
HR	ŠkorićPetar	Škorić, Petar	M
HR	ŠkoroMiroslav	Škoro, Miroslav	M
HR	ŠkrgatićMiro	Škrgatić, Miro	-
HR	ŠkugorHrnčevićSmiljanka	Škugor Hrnčević, Smiljanka	-
HR	ŠkulićVesna	Škulić, Vesna	F
HR	ŠkvarićMarijan	Škvarić, Marijan	M
HR	ŠkvorcMilivoj	Škvorc, Milivoj	M
HR	ŠlezakHrvoje	Šlezak, Hrvoje	-
HR	ŠojaDeneš	Šoja, Deneš	M
HR	ŠolićBožica	Šolić, Božica	F
HR	ŠoršaMarija	Šorša, Marija	-
HR	ŠpanjolSnježana	Španjol, Snježana	-
HR	ŠpančićDamir	Špančić, Damir	M
HR	ŠpicerDan	Špicer, Dan	M
HR	ŠpikaMilivoj	Špika, Milivoj	M
HR	ŠpoljarDunja	Špoljar, Dunja	F
HR	ŠprahMatija	Šprah, Matija	-
HR	ŠpremBoris	Šprem, Boris	M
HR	ŠprljeAnte	Šprlje, Ante	-
HR	ŠtenglVladimir	Štengl, Vladimir	M
HR	ŠtimacMato	Štimac, Mato	M
HR	ŠtromarPredrag	Štromar, Predrag	M
HR	ŠtubeljBožidar	Štubelj, Božidar	-
HR	ŠuicaDubravka	Šuica, Dubravka	F
HR	ŠukerIvan	Šuker, Ivan	M
HR	ŠustarPredrag	Šustar, Predrag	-
HR	ŠušakIvica	Šušak, Ivica	-
HR	ŽagarTomislav	Žagar, Tomislav	M
HR	ŽalacGabrijela	Žalac, Gabrijela	-
HR	ŽambokiDanijel	Žamboki, Danijel	-
HR	ŽelježnjakVesna	Želježnjak, Vesna	F
HR	ŽganecNino	Žganec, Nino	-
HR	ŽigmanAnte	Žigman, Ante	-
HR	ŽivkoMarijana	Živko, Marijana	F
HR	ŽuljLeon	Žulj, Leon	M
HR	ŽunacVelimir	Žunac, Velimir	-
HR	ŽupanAnte	Župan, Ante	M
HR	ŽupanStipe	Župan, Stipe	-
HR	ŽužulMiomir	Žužul, Miomir	M
